payload,range_au,closure_kms,evade,active,seed,hit,time,fuel,boost_au,terminal_au,reversals
SRM,0.014000000000000002,0,false,false,0,true,376.96790737802235,28909.623009924355,0,0.013997541747411616,0
SRM,0.014000000000000002,0,false,false,1,true,376.9679073952106,28909.623009418687,0,0.013997541747411616,0
SRM,0.014000000000000002,0,false,false,2,true,376.96790787988556,28909.622995159567,0,0.013997541747411616,0
SRM,0.014000000000000002,0,false,false,3,true,376.9679079062694,28909.622994383357,0,0.013997541747411616,0
SRM,0.014000000000000002,0,false,false,4,true,376.967909465327,28909.622948515964,0,0.013997541747411616,0
SRM,0.014000000000000002,0,false,false,5,true,376.96790800645,28909.622991436045,0,0.013997541747411616,0
SRM,0.014000000000000002,0,false,false,6,true,376.96790889753396,28909.62296522041,0,0.013997541747411616,0
SRM,0.014000000000000002,0,false,false,7,true,376.96790708891575,28909.62301842985,0,0.013997541747411616,0
SRM,0.014000000000000002,0,false,false,8,true,376.96790739765856,28909.62300934667,0,0.013997541747411616,0
SRM,0.014000000000000002,0,false,false,9,true,376.9679103393453,28909.62292280238,0,0.013997541747411616,0
SRM,0.014000000000000002,0,false,false,10,true,376.96791037082113,28909.622921876366,0,0.013997541747411616,0
SRM,0.014000000000000002,0,false,false,11,true,376.9679088918846,28909.62296538661,0,0.013997541747411616,0
SRM,0.014000000000000002,0,false,false,12,true,376.9679086355333,28909.622972928457,0,0.013997541747411616,0
SRM,0.014000000000000002,0,false,false,13,true,376.96790845205317,28909.622978326417,0,0.013997541747411616,0
SRM,0.014000000000000002,0,false,false,14,true,376.967909291311,28909.62295363551,0,0.013997541747411616,0
SRM,0.014000000000000002,0,false,false,15,true,376.96791055889497,28909.622916343244,0,0.013997541747411616,0
SRM,0.014000000000000002,0,false,false,16,true,376.9679073771345,28909.623009950483,0,0.013997541747411616,0
SRM,0.014000000000000002,0,false,false,17,true,376.9679084323527,28909.622978906027,0,0.013997541747411616,0
SRM,0.014000000000000002,0,false,false,18,true,376.96790714767934,28909.623016701044,0,0.013997541747411616,0
SRM,0.014000000000000002,0,false,false,19,true,376.96790950171356,28909.622947445478,0,0.013997541747411616,0
SRM,0.014000000000000002,0,false,false,20,true,376.9679076420198,28909.62300215758,0,0.013997541747411616,0
SRM,0.014000000000000002,0,false,false,21,true,376.9679073375892,28909.623011113916,0,0.013997541747411616,0
SRM,0.014000000000000002,0,false,false,22,true,376.9679071263049,28909.623017329868,0,0.013997541747411616,0
SRM,0.014000000000000002,0,false,false,23,true,376.9679072492334,28909.62301371333,0,0.013997541747411616,0
SRM,0.014000000000000002,0,false,false,24,true,376.9679086196087,28909.622973396963,0,0.013997541747411616,0
SRM,0.014000000000000002,0,false,false,25,true,376.96790906427674,28909.622960314853,0,0.013997541747411616,0
SRM,0.014000000000000002,0,false,false,26,true,376.9679072391442,28909.623014010154,0,0.013997541747411616,0
SRM,0.014000000000000002,0,false,false,27,true,376.9679075218683,28909.623005692418,0,0.013997541747411616,0
SRM,0.014000000000000002,0,false,false,28,true,376.96790737765747,28909.623009935094,0,0.013997541747411616,0
SRM,0.014000000000000002,0,false,false,29,true,376.9679080678708,28909.62298962906,0,0.013997541747411616,0
SRM,0.014000000000000002,0,false,false,30,true,376.9679088678217,28909.622966094546,0,0.013997541747411616,0
SRM,0.014000000000000002,0,false,false,31,true,376.96790734624403,28909.62301085927,0,0.013997541747411616,0
SRM,0.014000000000000002,0,false,false,32,true,376.9679086378692,28909.62297285974,0,0.013997541747411616,0
SRM,0.014000000000000002,0,false,false,33,true,376.9679090152304,28909.622961757785,0,0.013997541747411616,0
SRM,0.014000000000000002,0,false,false,34,true,376.9679091578662,28909.622957561445,0,0.013997541747411616,0
SRM,0.014000000000000002,0,false,false,35,true,376.96790888506695,28909.622965587194,0,0.013997541747411616,0
SRM,0.014000000000000002,0,false,false,36,true,376.9679081071951,28909.622988472154,0,0.013997541747411616,0
SRM,0.014000000000000002,0,false,false,37,true,376.96790837891126,28909.62298047826,0,0.013997541747411616,0
SRM,0.014000000000000002,0,false,false,38,false,376.9679105532418,28909.622916509565,0,0.013997541747411616,0
SRM,0.014000000000000002,0,false,false,39,true,376.96790742416624,28909.623008566803,0,0.013997541747411616,0
SRM,0.014000000000000002,0,false,false,40,true,376.9679070620829,28909.623019219296,0,0.013997541747411616,0
SRM,0.014000000000000002,0,false,false,41,true,376.9679072281407,28909.623014333876,0,0.013997541747411616,0
SRM,0.014000000000000002,0,false,false,42,false,376.96790744498117,28909.623007954426,0,0.013997541747411616,0
SRM,0.014000000000000002,0,false,false,43,true,376.9679101883723,28909.622927244007,0,0.013997541747411616,0
SRM,0.014000000000000002,0,false,false,44,true,376.9679086438608,28909.62297268346,0,0.013997541747411616,0
SRM,0.014000000000000002,0,false,false,45,true,376.96790916807856,28909.622957260995,0,0.013997541747411616,0
SRM,0.014000000000000002,0,false,false,46,true,376.96790736625843,28909.62301027045,0,0.013997541747411616,0
SRM,0.014000000000000002,0,false,false,47,true,376.96790784689915,28909.622996130045,0,0.013997541747411616,0
SRM,0.014000000000000002,0,false,false,48,true,376.96790788822864,28909.622994914112,0,0.013997541747411616,0
SRM,0.014000000000000002,0,false,false,49,true,376.96790878920274,28909.622968407504,0,0.013997541747411616,0
SRM,0.014000000000000002,0,false,false,50,true,376.96790755534954,28909.623004707388,0,0.013997541747411616,0
SRM,0.014000000000000002,0,false,false,51,true,376.96790756980937,28909.623004281988,0,0.013997541747411616,0
SRM,0.014000000000000002,0,false,false,52,true,376.96790924981775,28909.62295485623,0,0.013997541747411616,0
SRM,0.014000000000000002,0,false,false,53,true,376.96790853053614,28909.622976017465,0,0.013997541747411616,0
SRM,0.014000000000000002,0,false,false,54,true,376.9679086481258,28909.62297255798,0,0.013997541747411616,0
SRM,0.014000000000000002,0,false,false,55,true,376.96790885998996,28909.62296632495,0,0.013997541747411616,0
SRM,0.014000000000000002,0,false,false,56,true,376.96790998007225,28909.622933372193,0,0.013997541747411616,0
SRM,0.014000000000000002,0,false,false,57,true,376.9679073578365,28909.623010518237,0,0.013997541747411616,0
SRM,0.014000000000000002,0,false,false,58,true,376.96790811577773,28909.622988219635,0,0.013997541747411616,0
SRM,0.014000000000000002,0,false,false,59,true,376.96790707029436,28909.6230189777,0,0.013997541747411616,0
SRM,0.014000000000000002,0,false,false,60,true,376.96790740915,28909.62300900859,0,0.013997541747411616,0
SRM,0.014000000000000002,0,false,false,61,true,376.96790739978906,28909.62300928399,0,0.013997541747411616,0
SRM,0.014000000000000002,0,false,false,62,true,376.9679077455093,28909.622999112922,0,0.013997541747411616,0
SRM,0.014000000000000002,0,false,false,63,true,376.96790740812463,28909.623009038754,0,0.013997541747411616,0
SRM,0.014000000000000002,0,true,false,0,true,376.96790737802235,28909.623009924355,0,0.013997541747411616,0
SRM,0.014000000000000002,0,true,false,1,true,376.9679073952106,28909.623009418687,0,0.013997541747411616,0
SRM,0.014000000000000002,0,true,false,2,true,376.96790787988556,28909.622995159567,0,0.013997541747411616,0
SRM,0.014000000000000002,0,true,false,3,true,376.9679079062694,28909.622994383357,0,0.013997541747411616,0
SRM,0.014000000000000002,0,true,false,4,true,376.967909465327,28909.622948515964,0,0.013997541747411616,0
SRM,0.014000000000000002,0,true,false,5,true,376.96790800645,28909.622991436045,0,0.013997541747411616,0
SRM,0.014000000000000002,0,true,false,6,true,376.96790889753396,28909.62296522041,0,0.013997541747411616,0
SRM,0.014000000000000002,0,true,false,7,true,376.96790708891575,28909.62301842985,0,0.013997541747411616,0
SRM,0.014000000000000002,0,true,false,8,true,376.96790739765856,28909.62300934667,0,0.013997541747411616,0
SRM,0.014000000000000002,0,true,false,9,true,376.9679103393453,28909.62292280238,0,0.013997541747411616,0
SRM,0.014000000000000002,0,true,false,10,true,376.96791037082113,28909.622921876366,0,0.013997541747411616,0
SRM,0.014000000000000002,0,true,false,11,true,376.9679088918846,28909.62296538661,0,0.013997541747411616,0
SRM,0.014000000000000002,0,true,false,12,true,376.9679086355333,28909.622972928457,0,0.013997541747411616,0
SRM,0.014000000000000002,0,true,false,13,true,376.96790845205317,28909.622978326417,0,0.013997541747411616,0
SRM,0.014000000000000002,0,true,false,14,true,376.967909291311,28909.62295363551,0,0.013997541747411616,0
SRM,0.014000000000000002,0,true,false,15,true,376.96791055889497,28909.622916343244,0,0.013997541747411616,0
SRM,0.014000000000000002,0,true,false,16,true,376.9679073771345,28909.623009950483,0,0.013997541747411616,0
SRM,0.014000000000000002,0,true,false,17,true,376.9679084323527,28909.622978906027,0,0.013997541747411616,0
SRM,0.014000000000000002,0,true,false,18,true,376.96790714767934,28909.623016701044,0,0.013997541747411616,0
SRM,0.014000000000000002,0,true,false,19,true,376.96790950171356,28909.622947445478,0,0.013997541747411616,0
SRM,0.014000000000000002,0,true,false,20,true,376.9679076420198,28909.62300215758,0,0.013997541747411616,0
SRM,0.014000000000000002,0,true,false,21,true,376.9679073375892,28909.623011113916,0,0.013997541747411616,0
SRM,0.014000000000000002,0,true,false,22,true,376.9679071263049,28909.623017329868,0,0.013997541747411616,0
SRM,0.014000000000000002,0,true,false,23,true,376.9679072492334,28909.62301371333,0,0.013997541747411616,0
SRM,0.014000000000000002,0,true,false,24,true,376.9679086196087,28909.622973396963,0,0.013997541747411616,0
SRM,0.014000000000000002,0,true,false,25,true,376.96790906427674,28909.622960314853,0,0.013997541747411616,0
SRM,0.014000000000000002,0,true,false,26,true,376.9679072391442,28909.623014010154,0,0.013997541747411616,0
SRM,0.014000000000000002,0,true,false,27,true,376.9679075218683,28909.623005692418,0,0.013997541747411616,0
SRM,0.014000000000000002,0,true,false,28,true,376.96790737765747,28909.623009935094,0,0.013997541747411616,0
SRM,0.014000000000000002,0,true,false,29,true,376.9679080678708,28909.62298962906,0,0.013997541747411616,0
SRM,0.014000000000000002,0,true,false,30,true,376.9679088678217,28909.622966094546,0,0.013997541747411616,0
SRM,0.014000000000000002,0,true,false,31,true,376.96790734624403,28909.62301085927,0,0.013997541747411616,0
SRM,0.014000000000000002,0,true,false,32,true,376.9679086378692,28909.62297285974,0,0.013997541747411616,0
SRM,0.014000000000000002,0,true,false,33,true,376.9679090152304,28909.622961757785,0,0.013997541747411616,0
SRM,0.014000000000000002,0,true,false,34,true,376.9679091578662,28909.622957561445,0,0.013997541747411616,0
SRM,0.014000000000000002,0,true,false,35,true,376.96790888506695,28909.622965587194,0,0.013997541747411616,0
SRM,0.014000000000000002,0,true,false,36,true,376.9679081071951,28909.622988472154,0,0.013997541747411616,0
SRM,0.014000000000000002,0,true,false,37,true,376.96790837891126,28909.62298047826,0,0.013997541747411616,0
SRM,0.014000000000000002,0,true,false,38,false,376.9679105532418,28909.622916509565,0,0.013997541747411616,0
SRM,0.014000000000000002,0,true,false,39,true,376.96790742416624,28909.623008566803,0,0.013997541747411616,0
SRM,0.014000000000000002,0,true,false,40,true,376.9679070620829,28909.623019219296,0,0.013997541747411616,0
SRM,0.014000000000000002,0,true,false,41,true,376.9679072281407,28909.623014333876,0,0.013997541747411616,0
SRM,0.014000000000000002,0,true,false,42,false,376.96790744498117,28909.623007954426,0,0.013997541747411616,0
SRM,0.014000000000000002,0,true,false,43,true,376.9679101883723,28909.622927244007,0,0.013997541747411616,0
SRM,0.014000000000000002,0,true,false,44,true,376.9679086438608,28909.62297268346,0,0.013997541747411616,0
SRM,0.014000000000000002,0,true,false,45,true,376.96790916807856,28909.622957260995,0,0.013997541747411616,0
SRM,0.014000000000000002,0,true,false,46,true,376.96790736625843,28909.62301027045,0,0.013997541747411616,0
SRM,0.014000000000000002,0,true,false,47,true,376.96790784689915,28909.622996130045,0,0.013997541747411616,0
SRM,0.014000000000000002,0,true,false,48,true,376.96790788822864,28909.622994914112,0,0.013997541747411616,0
SRM,0.014000000000000002,0,true,false,49,true,376.96790878920274,28909.622968407504,0,0.013997541747411616,0
SRM,0.014000000000000002,0,true,false,50,true,376.96790755534954,28909.623004707388,0,0.013997541747411616,0
SRM,0.014000000000000002,0,true,false,51,true,376.96790756980937,28909.623004281988,0,0.013997541747411616,0
SRM,0.014000000000000002,0,true,false,52,true,376.96790924981775,28909.62295485623,0,0.013997541747411616,0
SRM,0.014000000000000002,0,true,false,53,true,376.96790853053614,28909.622976017465,0,0.013997541747411616,0
SRM,0.014000000000000002,0,true,false,54,true,376.9679086481258,28909.62297255798,0,0.013997541747411616,0
SRM,0.014000000000000002,0,true,false,55,true,376.96790885998996,28909.62296632495,0,0.013997541747411616,0
SRM,0.014000000000000002,0,true,false,56,true,376.96790998007225,28909.622933372193,0,0.013997541747411616,0
SRM,0.014000000000000002,0,true,false,57,true,376.9679073578365,28909.623010518237,0,0.013997541747411616,0
SRM,0.014000000000000002,0,true,false,58,true,376.96790811577773,28909.622988219635,0,0.013997541747411616,0
SRM,0.014000000000000002,0,true,false,59,true,376.96790707029436,28909.6230189777,0,0.013997541747411616,0
SRM,0.014000000000000002,0,true,false,60,true,376.96790740915,28909.62300900859,0,0.013997541747411616,0
SRM,0.014000000000000002,0,true,false,61,true,376.96790739978906,28909.62300928399,0,0.013997541747411616,0
SRM,0.014000000000000002,0,true,false,62,true,376.9679077455093,28909.622999112922,0,0.013997541747411616,0
SRM,0.014000000000000002,0,true,false,63,true,376.96790740812463,28909.623009038754,0,0.013997541747411616,0
SRM,0.14,0,false,false,0,true,1195.136281307227,4839.150357345776,0,0.03993860375671722,0
SRM,0.14,0,false,false,1,false,1195.1362813725987,4839.150355422541,0,0.039938603766027404,0
SRM,0.14,0,false,false,2,false,1195.1362815448872,4839.150350353823,0,0.03993860379056459,0
SRM,0.14,0,false,false,3,true,1195.1362812811228,4839.150358113756,0,0.039938603752999555,0
SRM,0.14,0,false,false,4,true,1195.1362819736034,4839.150337741014,0,0.039938603851622914,0
SRM,0.14,0,false,false,5,true,1195.1362816662954,4839.150346781996,0,0.03993860380785532,0
SRM,0.14,0,false,false,6,true,1195.1362818045613,4839.1503427142225,0,0.03993860382754795,0
SRM,0.14,0,false,false,7,false,1195.1362812223283,4839.1503598434865,0,0.03993860374462607,0
SRM,0.14,0,false,false,8,true,1195.1362813770481,4839.150355291638,0,0.03993860376666109,0
SRM,0.14,0,false,false,9,true,1195.13628198112,4839.1503375198745,0,0.039938603852692454,0
SRM,0.14,0,false,false,10,true,1195.136282075581,4839.150334740838,0,0.03993860386614665,0
SRM,0.14,0,false,false,11,false,1195.1362819986405,4839.150337004423,0,0.039938603855188354,0
SRM,0.14,0,false,false,12,true,1195.1362816529847,4839.150347173595,0,0.039938603805960086,0
SRM,0.14,0,false,false,13,true,1195.1362815275706,4839.150350863274,0,0.03993860378809858,0
SRM,0.14,0,false,false,14,true,1195.1362818418888,4839.150341616046,0,0.039938603832863524,0
SRM,0.14,0,false,false,15,true,1195.136282054488,4839.150335361396,0,0.03993860386314215,0
SRM,0.14,0,false,false,16,true,1195.1362812548928,4839.150358885442,0,0.03993860374926379,0
SRM,0.14,0,false,false,17,false,1195.136281790934,4839.150343115138,0,0.03993860382560695,0
SRM,0.14,0,false,false,18,true,1195.1362812396585,4839.150359333635,0,0.03993860374709413,0
SRM,0.14,0,false,false,19,false,1195.1362819194326,4839.150339334715,0,0.039938603843907745,0
SRM,0.14,0,false,false,20,true,1195.1362814007537,4839.150354594224,0,0.03993860377003721,0
SRM,0.14,0,false,false,21,true,1195.13628131808,4839.150357026479,0,0.03993860375826291,0
SRM,0.14,0,false,false,22,true,1195.1362812489074,4839.150359061535,0,0.03993860374841144,0
SRM,0.14,0,false,false,23,false,1195.1362812979316,4839.150357619241,0,0.03993860375539352,0
SRM,0.14,0,false,false,24,true,1195.1362818749376,4839.150340643754,0,0.03993860383757033,0
SRM,0.14,0,false,false,25,false,1195.1362820616623,4839.150335150324,0,0.039938603864164535,0
SRM,0.14,0,false,false,26,true,1195.1362813020612,4839.150357497752,0,0.039938603755981614,0
SRM,0.14,0,false,false,27,true,1195.1362813811845,4839.150355169951,0,0.039938603767250294,0
SRM,0.14,0,false,false,28,true,1195.1362812357359,4839.150359449042,0,0.03993860374653552,0
SRM,0.14,0,false,false,29,false,1195.136281657088,4839.150347052886,0,0.03993860380654417,0
SRM,0.14,0,false,false,30,true,1195.136282078723,4839.150334648399,0,0.0399386038665936,0
SRM,0.14,0,false,false,31,true,1195.136281222102,4839.150359850142,0,0.03993860374459373,0
SRM,0.14,0,false,false,32,false,1195.136281909219,4839.150339635199,0,0.03993860384245243,0
SRM,0.14,0,false,false,33,true,1195.1362821460857,4839.15033266659,0,0.03993860387618783,0
SRM,0.14,0,false,false,34,true,1195.1362817855204,4839.150343274401,0,0.03993860382483547,0
SRM,0.14,0,false,false,35,true,1195.1362820670008,4839.150334993264,0,0.03993860386492451,0
SRM,0.14,0,false,false,36,true,1195.1362817025495,4839.150345715404,0,0.03993860381301891,0
SRM,0.14,0,false,false,37,true,1195.1362818379841,4839.150341730923,0,0.03993860383230734,0
SRM,0.14,0,false,false,38,true,1195.1362820738618,4839.150334791413,0,0.039938603865900764,0
SRM,0.14,0,false,false,39,true,1195.136281370618,4839.150355480812,0,0.03993860376574541,0
SRM,0.14,0,false,false,40,true,1195.1362812140783,4839.150360086203,0,0.039938603743450984,0
SRM,0.14,0,false,false,41,true,1195.1362813047829,4839.150357417676,0,0.0399386037563691,0
SRM,0.14,0,false,false,42,true,1195.1362814070878,4839.150354407876,0,0.039938603770939406,0
SRM,0.14,0,false,false,43,true,1195.1362819754834,4839.150337685703,0,0.039938603851890374,0
SRM,0.14,0,false,false,44,false,1195.1362819766327,4839.150337651891,0,0.03993860385205452,0
SRM,0.14,0,false,false,45,false,1195.1362821340902,4839.150333019501,0,0.03993860387447841,0
SRM,0.14,0,false,false,46,false,1195.1362812885484,4839.150357895302,0,0.03993860375405703,0
SRM,0.14,0,false,false,47,true,1195.1362815887337,4839.150349063859,0,0.03993860379680952,0
SRM,0.14,0,false,false,48,true,1195.136281611951,4839.150348380805,0,0.03993860380011595,0
SRM,0.14,0,false,false,49,true,1195.1362819651074,4839.150337990964,0,0.03993860385041195,0
SRM,0.14,0,false,false,50,true,1195.1362813644314,4839.150355662824,0,0.03993860376486439,0
SRM,0.14,0,false,false,51,true,1195.1362812175576,4839.150359983844,0,0.03993860374394647,0
SRM,0.14,0,false,false,52,true,1195.1362820673019,4839.15033498441,0,0.039938603864967566,0
SRM,0.14,0,false,false,53,true,1195.136281539504,4839.150350512202,0,0.039938603789798265,0
SRM,0.14,0,false,false,54,true,1195.1362815819914,4839.150349262217,0,0.03993860379584914,0
SRM,0.14,0,false,false,55,true,1195.136282018,4839.150336434869,0,0.03993860385794498,0
SRM,0.14,0,false,false,56,true,1195.1362819320227,4839.150338964313,0,0.03993860384570032,0
SRM,0.14,0,false,false,57,true,1195.1362812516256,4839.150358981563,0,0.03993860374879859,0
SRM,0.14,0,false,false,58,false,1195.1362816879155,4839.15034614594,0,0.03993860381093466,0
SRM,0.14,0,false,false,59,true,1195.1362812183997,4839.150359959066,0,0.039938603744066464,0
SRM,0.14,0,false,false,60,true,1195.1362813366718,4839.150356479505,0,0.03993860376091071,0
SRM,0.14,0,false,false,61,true,1195.1362812567859,4839.150358829747,0,0.0399386037495334,0
SRM,0.14,0,false,false,62,true,1195.1362814520483,4839.15035308514,0,0.0399386037773426,0
SRM,0.14,0,false,false,63,true,1195.1362812135633,4839.150360101355,0,0.03993860374337772,0
SRM,0.14,0,true,false,0,true,1202.8889255488855,4611.067951388393,0,0.039452948716553915,0
SRM,0.14,0,true,false,1,true,1202.8889426614046,4611.067447938937,0,0.039452951536345475,0
SRM,0.14,0,true,false,2,true,1202.8889192466418,4611.068136800088,0,0.039452947675845125,0
SRM,0.14,0,true,false,3,true,1202.8889392190438,4611.067549213021,0,0.03945295096979315,0
SRM,0.14,0,true,false,4,true,1202.8889124738141,4611.068336056335,0,0.03945294655603946,0
SRM,0.14,0,true,false,5,false,1202.8889495592275,4611.067245005329,0,0.03945295267071593,0
SRM,0.14,0,true,false,6,true,1202.8889148114806,4611.068267282305,0,0.03945294694274611,0
SRM,0.14,0,true,false,7,false,1202.8889306062417,4611.067802601226,0,0.03945294955077685,0
SRM,0.14,0,true,false,8,true,1202.8889427995243,4611.067443875461,0,0.039452951559079324,0
SRM,0.14,0,true,false,9,true,1202.8889123772863,4611.06833889618,0,0.03945294654000765,0
SRM,0.14,0,true,false,10,true,1202.8889561164694,4611.0670520916,0,0.039452953748020846,0
SRM,0.14,0,true,false,11,true,1202.888955020313,4611.067084340469,0,0.039452953567999695,0
SRM,0.14,0,true,false,12,true,1202.88891723409,4611.068196009256,0,0.03945294734326936,0
SRM,0.14,0,true,false,13,true,1202.8889195992706,4611.068126425765,0,0.039452947734134027,0
SRM,0.14,0,true,false,14,true,1202.8889526181322,4611.0671550125035,0,0.03945295317340124,0
SRM,0.14,0,true,false,15,true,1202.8889114543274,4611.068366049584,0,0.03945294638731021,0
SRM,0.14,0,true,false,16,true,1202.8889378258232,4611.0675902015,0,0.039452950740366706,0
SRM,0.14,0,true,false,17,true,1202.888951777625,4611.067179740187,0,0.03945295303531954,0
SRM,0.14,0,true,false,18,true,1202.8889368022303,4611.067620315549,0,0.0394529505718423,0
SRM,0.14,0,true,false,19,true,1202.8889131897472,4611.068314993623,0,0.03945294667448018,0
SRM,0.14,0,true,false,20,false,1202.8889435062054,4611.067423084942,0,0.0394529516753392,0
SRM,0.14,0,true,false,21,true,1202.8889407854115,4611.067503130557,0,0.039452951227625585,0
SRM,0.14,0,true,false,22,true,1202.8889283502347,4611.067868972837,0,0.03945294917872925,0
SRM,0.14,0,true,false,23,true,1202.8889259171654,4611.0679405536175,0,0.03945294877734791,0
SRM,0.14,0,true,false,24,true,1202.8889531461973,4611.067139476856,0,0.03945295326015357,0
SRM,0.14,0,true,false,25,false,1202.8889113661187,4611.068368644683,0,0.03945294637274378,0
SRM,0.14,0,true,false,26,true,1202.8889401465326,4611.067521926346,0,0.03945295112250106,0
SRM,0.14,0,true,false,27,true,1202.888942926089,4611.067440151934,0,0.03945295157992366,0
SRM,0.14,0,true,false,28,true,1202.8889292831143,4611.067841527569,0,0.03945294933261157,0
SRM,0.14,0,true,false,29,true,1202.8889493844283,4611.067250147913,0,0.03945295264199715,0
SRM,0.14,0,true,false,30,true,1202.888911159132,4611.06837473422,0,0.03945294633845521,0
SRM,0.14,0,true,false,31,true,1202.8889351164494,4611.06766991114,0,0.039452950294102396,0
SRM,0.14,0,true,false,32,true,1202.8889133284958,4611.068310911645,0,0.03945294669738412,0
SRM,0.14,0,true,false,33,true,1202.8889570813992,4611.067023703414,0,0.0394529539064582,0
SRM,0.14,0,true,false,34,true,1202.8889150966095,4611.068258893824,0,0.0394529469898431,0
SRM,0.14,0,true,false,35,false,1202.8889559965492,4611.067055619648,0,0.039452953728325975,0
SRM,0.14,0,true,false,36,true,1202.88895023151,4611.06722522681,0,0.039452952781225986,0
SRM,0.14,0,true,false,37,true,1202.88891432406,4611.068281622199,0,0.03945294686207576,0
SRM,0.14,0,true,false,38,false,1202.888956092417,4611.067052799224,0,0.0394529537440412,0
SRM,0.14,0,true,false,39,true,1202.8889425992372,4611.067449767897,0,0.03945295152614114,0
SRM,0.14,0,true,false,40,true,1202.8889334371572,4611.067719315834,0,0.039452950017447655,0
SRM,0.14,0,true,false,41,true,1202.8889256441403,4611.067948585997,0,0.03945294873224983,0
SRM,0.14,0,true,false,42,false,1202.888922402528,4611.068043954072,0,0.03945294819714802,0
SRM,0.14,0,true,false,43,true,1202.888954680649,4611.067094333366,0,0.039452953512212105,0
SRM,0.14,0,true,false,44,true,1202.8889124345305,4611.068337212058,0,0.03945294654954653,0
SRM,0.14,0,true,false,45,true,1202.888910501416,4611.068394084195,0,0.03945294622955166,0
SRM,0.14,0,true,false,46,true,1202.888926310684,4611.067928976319,0,0.03945294884228712,0
SRM,0.14,0,true,false,47,true,1202.888948028615,4611.067290035873,0,0.039452952419136725,0
SRM,0.14,0,true,false,48,true,1202.8889179636012,4611.068174547071,0,0.03945294746383937,0
SRM,0.14,0,true,false,49,false,1202.888954526869,4611.067098857569,0,0.03945295348693143,0
SRM,0.14,0,true,false,50,false,1202.8889424029317,4611.067455543199,0,0.039452951493843126,0
SRM,0.14,0,true,false,51,true,1202.888934407878,4611.067690757273,0,0.0394529501773593,0
SRM,0.14,0,true,false,52,true,1202.88891129739,4611.068370666673,0,0.03945294636136475,0
SRM,0.14,0,true,false,53,true,1202.888946977265,4611.067320966537,0,0.03945295224628185,0
SRM,0.14,0,true,false,54,true,1202.888947888696,4611.067294152283,0,0.03945295239612638,0
SRM,0.14,0,true,false,55,true,1202.8889553006532,4611.067076092873,0,0.03945295361401948,0
SRM,0.14,0,true,false,56,true,1202.8889130211921,4611.068319952505,0,0.03945294664655914,0
SRM,0.14,0,true,false,57,true,1202.8889281812335,4611.067873944845,0,0.039452949150850264,0
SRM,0.14,0,true,false,58,true,1202.8889166411532,4611.068213453434,0,0.03945294724522435,0
SRM,0.14,0,true,false,59,true,1202.8889345614555,4611.0676862390355,0,0.039452950202673316,0
SRM,0.14,0,true,false,60,true,1202.8889414692294,4611.067483012674,0,0.0394529513401957,0
SRM,0.14,0,true,false,61,true,1202.8889379388108,4611.067586877408,0,0.039452950758996144,0
SRM,0.14,0,true,false,62,true,1202.8889449002584,4611.067382071972,0,0.03945295190467621,0
SRM,0.14,0,true,false,63,true,1202.8889330197323,4611.06773159645,0,0.03945294994865852,0
SRM,0.14,0,false,true,0,true,1195.1362850126036,4839.150248333778,0,0.03993860410138868,0
SRM,0.14,0,false,true,1,false,1195.1362876234002,4839.150171524275,0,0.03993860437477093,0
SRM,0.14,0,false,true,2,true,1195.1362816514481,4839.1503472188015,0,0.039938603792382434,0
SRM,0.14,0,false,true,3,true,1195.136292528782,4839.150027208188,0,0.039938604842447344,0
SRM,0.14,0,false,true,4,true,1195.1362828937836,4839.15031066936,0,0.039938603934442,0
SRM,0.14,0,false,true,5,true,1195.1363117962196,4839.149460361133,0,0.03993860673831884,0
SRM,0.14,0,false,true,6,true,1195.136309380817,4839.149531422158,0,0.03993860651548209,0
SRM,0.14,0,false,true,7,true,1195.1362939990465,4839.149983953079,0,0.03993860496379868,0
SRM,0.14,0,false,true,8,true,1195.136285999639,4839.150219295244,0,0.03993860419452623,0
SRM,0.14,0,false,true,9,true,1195.13628605034,4839.150217803626,0,0.03993860425116504,0
SRM,0.14,0,false,true,10,true,1195.136342970867,4839.148543204569,0,0.039938609786287216,0
SRM,0.14,0,false,true,11,true,1195.1362851641122,4839.1502438764,0,0.0399386041635325,0
SRM,0.14,0,false,true,12,true,1195.1362943476583,4839.149973696938,0,0.039938605047199136,0
SRM,0.14,0,false,true,13,true,1195.1362828091071,4839.150313160536,0,0.03993860389571191,0
SRM,0.14,0,false,true,14,true,1195.1362820286229,4839.150336122345,0,0.03993860383514383,0
SRM,0.14,0,false,true,15,true,1195.13628321513,4839.150301215356,0,0.039938603969274324,0
SRM,0.14,0,false,true,16,true,1195.1362971404146,4839.149891534185,0,0.03993860528237543,0
SRM,0.14,0,false,true,17,true,1195.1362825018723,4839.150322199368,0,0.03993860387338665,0
SRM,0.14,0,false,true,18,true,1195.1362834123968,4839.150295411783,0,0.03993860395170503,0
SRM,0.14,0,false,true,19,true,1195.1362822683252,4839.150329070313,0,0.03993860385735788,0
SRM,0.14,0,false,true,20,true,1195.1362949933803,4839.1499546998275,0,0.03993860509149332,0
SRM,0.14,0,false,true,21,true,1195.136285720343,4839.150227512118,0,0.03993860416893757,0
SRM,0.14,0,false,true,22,true,1195.1362837878944,4839.1502843646595,0,0.039938603987125336,0
SRM,0.14,0,false,true,23,true,1195.136287035386,4839.15018882362,0,0.039938604294306485,0
SRM,0.14,0,false,true,24,true,1195.1362853501732,4839.150238402497,0,0.03993860417768561,0
SRM,0.14,0,false,true,25,true,1195.1363505298089,4839.148320820877,0,0.039938610516289386,0
SRM,0.14,0,false,true,26,true,1195.136306955495,4839.149602775011,0,0.03993860623377469,0
SRM,0.14,0,false,true,27,false,1195.1362856879457,4839.150228465242,0,0.03993860416466392,0
SRM,0.14,0,false,true,28,true,1195.1362822779856,4839.1503287861005,0,0.03993860384384403,0
SRM,0.14,0,false,true,29,true,1195.1362972447237,4839.149888465419,0,0.039938605327729935,0
SRM,0.14,0,false,true,30,true,1195.136336113269,4839.148744954759,0,0.03993860912253229,0
SRM,0.14,0,false,true,31,true,1195.1362812599068,4839.150358737928,0,0.03993860374777851,0
SRM,0.14,0,false,true,32,true,1195.1363489477087,4839.148367366182,0,0.039938610348918546,0
SRM,0.14,0,false,true,33,true,1195.1363269492203,4839.149014560611,0,0.03993860824245696,0
SRM,0.14,0,false,true,34,true,1195.1363111209191,4839.149480228441,0,0.03993860668321864,0
SRM,0.14,0,false,true,35,false,1195.1363336300037,4839.148818012298,0,0.039938608882039636,0
SRM,0.14,0,false,true,36,false,1195.1362828602878,4839.150311654804,0,0.03993860390356879,0
SRM,0.14,0,false,true,37,true,1195.1362825481824,4839.150320836926,0,0.039938603895456795,0
SRM,0.14,0,false,true,38,true,1195.136282351646,4839.150326619015,0,0.03993860387815145,0
SRM,0.14,0,false,true,39,true,1195.1362933215091,4839.150003886195,0,0.03993860492780333,0
SRM,0.14,0,false,true,40,false,1195.136286723598,4839.15019799641,0,0.03993860427271156,0
SRM,0.14,0,false,true,41,true,1195.136282598072,4839.150319369175,0,0.0399386038831562,0
SRM,0.14,0,false,true,42,false,1195.1362945851417,4839.149966710183,0,0.039938605053148196,0
SRM,0.14,0,false,true,43,true,1195.1363521784458,4839.148272318061,0,0.039938610667014804,0
SRM,0.14,0,false,true,44,true,1195.1363258704016,4839.1490462994,0,0.03993860812393804,0
SRM,0.14,0,false,true,45,true,1195.136283475301,4839.150293561141,0,0.03993860399796946,0
SRM,0.14,0,false,true,46,true,1195.13631135322,4839.149473394164,0,0.03993860665429933,0
SRM,0.14,0,false,true,47,true,1195.136333636704,4839.148817815173,0,0.03993860884138906,0
SRM,0.14,0,false,true,48,true,1195.1362818552118,4839.150341224086,0,0.039938603811583546,0
SRM,0.14,0,false,true,49,true,1195.1362869125746,4839.150192436726,0,0.0399386043353473,0
SRM,0.14,0,false,true,50,true,1195.1362851163437,4839.150245281747,0,0.03993860413223589,0
SRM,0.14,0,false,true,51,true,1195.1362983230783,4839.149856740276,0,0.03993860537848847,0
SRM,0.14,0,false,true,52,true,1195.1362824521832,4839.150323661221,0,0.03993860388945675,0
SRM,0.14,0,false,true,53,true,1195.1362850095468,4839.15024842371,0,0.03993860410071694,0
SRM,0.14,0,false,true,54,true,1195.1363102069404,4839.149507117649,0,0.03993860657753826,0
SRM,0.14,0,false,true,55,true,1195.136304804592,4839.149666054468,0,0.039938606084611764,0
SRM,0.14,0,false,true,56,true,1195.1363396025565,4839.148642300095,0,0.03993860944852212,0
SRM,0.14,0,false,true,57,true,1195.136289223394,4839.150124452535,0,0.03993860450485337,0
SRM,0.14,0,false,true,58,true,1195.1362820821755,4839.150334546829,0,0.039938603843914254,0
SRM,0.14,0,false,true,59,true,1195.1362812671093,4839.150358526033,0,0.03993860374889427,0
SRM,0.14,0,false,true,60,true,1195.1363051677097,4839.149655371566,0,0.03993860606790712,0
SRM,0.14,0,false,true,61,true,1195.1363004476004,4839.149794236943,0,0.03993860560038027,0
SRM,0.14,0,false,true,62,true,1195.1362815689681,4839.150349645363,0,0.039938603781794556,0
SRM,0.14,0,false,true,63,true,1195.136290646423,4839.15008258709,0,0.039938604647436475,0
SRM,0.15400000000000003,0,false,false,0,true,1253.7041359700665,3116.087001557763,0,0.03962804422484611,0
SRM,0.15400000000000003,0,false,false,1,true,1253.7041361208521,3116.086997121661,0,0.03962804425604108,0
SRM,0.15400000000000003,0,false,false,2,true,1253.7041365181972,3116.0869854317866,0,0.039628044338244586,0
SRM,0.15400000000000003,0,false,false,3,true,1253.704135909864,3116.0870033289234,0,0.039628044212391265,0
SRM,0.15400000000000003,0,false,false,4,true,1253.7041375065558,3116.086956354327,0,0.03962804454271713,0
SRM,0.15400000000000003,0,false,false,5,false,1253.7041367982526,3116.0869771925686,0,0.0396280443961834,0
SRM,0.15400000000000003,0,false,false,6,false,1253.7041371167413,3116.0869678226477,0,0.039628044462071625,0
SRM,0.15400000000000003,0,false,false,7,true,1253.7041357742798,3116.0870073177985,0,0.03962804418434144,0
SRM,0.15400000000000003,0,false,false,8,true,1253.7041361311042,3116.0869968200436,0,0.039628044258161826,0
SRM,0.15400000000000003,0,false,false,9,true,1253.7041375243223,3116.086955831638,0,0.03962804454639425,0
SRM,0.15400000000000003,0,false,false,10,true,1253.7041377417088,3116.086949436137,0,0.039628044591366166,0
SRM,0.15400000000000003,0,false,false,11,true,1253.7041375644224,3116.086954651895,0,0.0396280445546892,0
SRM,0.15400000000000003,0,false,false,12,true,1253.7041367673728,3116.0869781010533,0,0.03962804438979429,0
SRM,0.15400000000000003,0,false,false,13,true,1253.704136478178,3116.086986609148,0,0.03962804432996512,0
SRM,0.15400000000000003,0,false,false,14,false,1253.7041372030583,3116.086965283207,0,0.03962804447992985,0
SRM,0.15400000000000003,0,false,false,15,true,1253.7041376932489,3116.086950861825,0,0.03962804458134127,0
SRM,0.15400000000000003,0,false,false,16,false,1253.7041358493852,3116.0870051082006,0,0.039628044199879434,0
SRM,0.15400000000000003,0,false,false,17,true,1253.704137085414,3116.086968744297,0,0.03962804445559092,0
SRM,0.15400000000000003,0,false,false,18,true,1253.704135814237,3116.087006142264,0,0.03962804419260774,0
SRM,0.15400000000000003,0,false,false,19,true,1253.7041373817176,3116.08696002706,0,0.039628044516890774,0
SRM,0.15400000000000003,0,false,false,20,false,1253.704136185794,3116.0869952110734,0,0.039628044269476435,0
SRM,0.15400000000000003,0,false,false,21,true,1253.7041359951054,3116.087000821121,0,0.03962804423002618,0
SRM,0.15400000000000003,0,false,false,22,true,1253.7041358355777,3116.0870055144164,0,0.03962804419702273,0
SRM,0.15400000000000003,0,false,false,23,true,1253.7041359486093,3116.0870021890332,0,0.039628044220406944,0
SRM,0.15400000000000003,0,false,false,24,false,1253.7041372792867,3116.0869630405723,0,0.03962804449570036,0
SRM,0.15400000000000003,0,false,false,25,true,1253.7041377095404,3116.0869503825284,0,0.03962804458471094,0
SRM,0.15400000000000003,0,false,false,26,true,1253.7041359581199,3116.0870019092345,0,0.03962804422237445,0
SRM,0.15400000000000003,0,false,false,27,false,1253.704136140588,3116.086996541031,0,0.03962804426012388,0
SRM,0.15400000000000003,0,false,false,28,false,1253.704135805193,3116.0870064083397,0,0.039628044190736775,0
SRM,0.15400000000000003,0,false,false,29,true,1253.7041367769252,3116.086977820022,0,0.039628044391770804,0
SRM,0.15400000000000003,0,false,false,30,false,1253.7041377491269,3116.086949217898,0,0.039628044592901285,0
SRM,0.15400000000000003,0,false,false,31,false,1253.7041357737623,3116.0870073330225,0,0.03962804418423432,0
SRM,0.15400000000000003,0,false,false,32,true,1253.7041373584964,3116.0869607102272,0,0.03962804451208772,0
SRM,0.15400000000000003,0,false,false,33,true,1253.704137904295,3116.0869446528577,0,0.03962804462500224,0
SRM,0.15400000000000003,0,false,false,34,true,1253.704137073156,3116.0869691049247,0,0.03962804445305576,0
SRM,0.15400000000000003,0,false,false,35,true,1253.7041377219657,3116.0869500169765,0,0.039628044587281794,0
SRM,0.15400000000000003,0,false,false,36,true,1253.7041368817565,3116.086974735889,0,0.03962804441345844,0
SRM,0.15400000000000003,0,false,false,37,true,1253.7041371941432,3116.08696554549,0,0.03962804447808578,0
SRM,0.15400000000000003,0,false,false,38,true,1253.7041377381925,3116.0869495395864,0,0.03962804459064009,0
SRM,0.15400000000000003,0,false,false,39,true,1253.704136116227,3116.086997257734,0,0.03962804425508404,0
SRM,0.15400000000000003,0,false,false,40,true,1253.7041357552505,3116.0870078776406,0,0.03962804418040459,0
SRM,0.15400000000000003,0,false,false,41,true,1253.7041359644495,3116.087001723018,0,0.03962804422368413,0
SRM,0.15400000000000003,0,false,false,42,true,1253.704136200369,3116.086994782275,0,0.03962804427249148,0
SRM,0.15400000000000003,0,false,false,43,true,1253.704137511047,3116.0869562221924,0,0.03962804454364691,0
SRM,0.15400000000000003,0,false,false,44,true,1253.7041375134893,3116.0869561503428,0,0.03962804454415153,0
SRM,0.15400000000000003,0,false,false,45,false,1253.7041378771273,3116.0869454521307,0,0.03962804461938329,0
SRM,0.15400000000000003,0,false,false,46,true,1253.7041359269683,3116.087002825712,0,0.03962804421592987,0
SRM,0.15400000000000003,0,false,false,47,false,1253.704136619182,3116.086982460819,0,0.039628044359136146,0
SRM,0.15400000000000003,0,false,false,48,true,1253.704136672785,3116.086980883823,0,0.039628044370225816,0
SRM,0.15400000000000003,0,false,false,49,true,1253.7041374874148,3116.0869569174542,0,0.03962804453875881,0
SRM,0.15400000000000003,0,false,false,50,true,1253.7041361019571,3116.086997677548,0,0.039628044252131844,0
SRM,0.15400000000000003,0,false,false,51,true,1253.704135763278,3116.0870076414753,0,0.03962804418206522,0
SRM,0.15400000000000003,0,false,false,52,true,1253.7041377225753,3116.0869499990436,0,0.03962804458740775,0
SRM,0.15400000000000003,0,false,false,53,true,1253.7041365056277,3116.0869858015794,0,0.0396280443356437,0
SRM,0.15400000000000003,0,false,false,54,true,1253.7041366036688,3116.08698291722,0,0.03962804435592689,0
SRM,0.15400000000000003,0,false,false,55,true,1253.7041376093525,3116.08695333005,0,0.03962804456398538,0
SRM,0.15400000000000003,0,false,false,56,true,1253.7041374109917,3116.0869591658156,0,0.03962804452294783,0
SRM,0.15400000000000003,0,false,false,57,true,1253.7041358418473,3116.0870053299655,0,0.03962804419831974,0
SRM,0.15400000000000003,0,false,false,58,true,1253.70413684806,3116.086975727239,0,0.03962804440648742,0
SRM,0.15400000000000003,0,false,false,59,false,1253.70413576522,3116.0870075843413,0,0.039628044182467,0
SRM,0.15400000000000003,0,false,false,60,true,1253.704136037932,3116.086999561168,0,0.03962804423888623,0
SRM,0.15400000000000003,0,false,false,61,true,1253.7041358537397,3116.0870049800924,0,0.03962804420078019,0
SRM,0.15400000000000003,0,false,false,62,true,1253.704136304063,3116.086991731602,0,0.03962804429394398,0
SRM,0.15400000000000003,0,false,false,63,true,1253.704135754065,3116.0870079125198,0,0.03962804418015943,0
SRM,0.168,0,false,false,0,true,1309.6695889768923,1469.5861723696,0,0.039491122752467175,0
SRM,0.168,0,false,false,1,false,1309.6695892105038,1469.5861654967625,0,0.0394911228044297,0
SRM,0.168,0,false,false,2,true,1309.6695898261887,1469.5861473833422,0,0.03949112294137718,0
SRM,0.168,0,false,false,3,true,1309.6695888836073,1469.5861751140405,0,0.03949112273171773,0
SRM,0.168,0,false,false,4,true,1309.669591358129,1469.5861023137322,0,0.039491123282128456,0
SRM,0.168,0,false,false,5,false,1309.6695902600693,1469.5861346185968,0,0.03949112303788564,0
SRM,0.168,0,false,false,6,true,1309.6695907540575,1469.5861200854888,0,0.03949112314776414,0
SRM,0.168,0,false,false,7,false,1309.669588673503,1469.586181295295,0,0.039491122684984,0
SRM,0.168,0,false,false,8,false,1309.6695892264083,1469.5861650288502,0,0.03949112280796725,0
SRM,0.168,0,false,false,9,true,1309.669591385116,1469.5861015197775,0,0.03949112328813129,0
SRM,0.168,0,false,false,10,true,1309.6695917225445,1469.5860915926496,0,0.03949112336318581,0
SRM,0.168,0,false,false,11,false,1309.6695914476363,1469.5860996804354,0,0.03949112330203764,0
SRM,0.168,0,false,false,12,true,1309.669590212447,1469.5861360196423,0,0.03949112302729296,0
SRM,0.168,0,false,false,13,true,1309.6695897642853,1469.5861492045365,0,0.039491122927607834,0
SRM,0.168,0,false,false,14,false,1309.6695908875129,1469.586116159239,0,0.03949112317744894,0
SRM,0.168,0,false,false,15,true,1309.6695916472186,1469.5860938087346,0,0.03949112334643111,0
SRM,0.168,0,false,false,16,true,1309.6695887898734,1469.5861778716867,0,0.03949112271086826,0
SRM,0.168,0,false,false,17,false,1309.669590705391,1469.5861215172522,0,0.03949112313693929,0
SRM,0.168,0,false,false,18,true,1309.6695887354301,1469.586179473406,0,0.03949112269875848,0
SRM,0.168,0,false,false,19,true,1309.6695911645745,1469.5861080080983,0,0.039491123239075915,0
SRM,0.168,0,false,false,20,true,1309.6695893111191,1469.586162536663,0,0.03949112282680947,0
SRM,0.168,0,false,false,21,true,1309.669589015677,1469.5861712285543,0,0.03949112276109405,0
SRM,0.168,0,false,false,22,true,1309.6695887684828,1469.586178500999,0,0.03949112270611029,0
SRM,0.168,0,false,false,23,true,1309.6695889436637,1469.5861733471831,0,0.03949112274507606,0
SRM,0.168,0,false,false,24,false,1309.6695910056224,1469.5861126844632,0,0.039491123203720155,0
SRM,0.168,0,false,false,25,true,1309.6695916727867,1469.5860930565202,0,0.03949112335211817,0
SRM,0.168,0,false,false,26,true,1309.6695889584232,1469.5861729129595,0,0.03949112274835889,0
SRM,0.168,0,false,false,27,true,1309.6695892411642,1469.5861645947334,0,0.03949112281124952,0
SRM,0.168,0,false,false,28,false,1309.6695887214103,1469.5861798858687,0,0.03949112269564001,0
SRM,0.168,0,false,false,29,true,1309.6695902271367,1469.5861355874717,0,0.03949112303056059,0
SRM,0.168,0,false,false,30,true,1309.6695917338197,1469.586091260932,0,0.039491123365693805,0
SRM,0.168,0,false,false,31,true,1309.669588672701,1469.586181318896,0,0.039491122684805494,0
SRM,0.168,0,false,false,32,true,1309.6695911281677,1469.5861090791864,0,0.03949112323097801,0
SRM,0.168,0,false,false,33,true,1309.6695919744925,1469.5860841803526,0,0.039491123419227024,0
SRM,0.168,0,false,false,34,false,1309.669590686112,1469.586122084439,0,0.039491123132651074,0
SRM,0.168,0,false,false,35,true,1309.6695916918939,1469.5860924943902,0,0.03949112335636818,0
SRM,0.168,0,false,false,36,true,1309.6695903895936,1469.5861308079973,0,0.039491123066696075,0
SRM,0.168,0,false,false,37,true,1309.6695908735853,1469.5861165689867,0,0.039491123174350856,0
SRM,0.168,0,false,false,38,true,1309.6695917165266,1469.5860917696957,0,0.03949112336184738,0
SRM,0.168,0,false,false,39,true,1309.6695892034095,1469.586165705475,0,0.03949112280285158,0
SRM,0.168,0,false,false,40,true,1309.6695886440202,1469.5861821626786,0,0.03949112267842592,0
SRM,0.168,0,false,false,41,false,1309.669588968158,1469.5861726265625,0,0.03949112275052423,0
SRM,0.168,0,false,false,42,true,1309.6695893337503,1469.5861618708561,0,0.03949112283184345,0
SRM,0.168,0,false,false,43,true,1309.669591364891,1469.5861021147987,0,0.03949112328363258,0
SRM,0.168,0,false,false,44,true,1309.6695913689384,1469.586101995723,0,0.0394911232845328,0
SRM,0.168,0,false,false,45,true,1309.6695919317683,1469.5860854372957,0,0.039491123409723806,0
SRM,0.168,0,false,false,46,true,1309.6695889101338,1469.5861743336307,0,0.03949112273761799,0
SRM,0.168,0,false,false,47,true,1309.6695899828424,1469.5861427746004,0,0.0394911229762219,0
SRM,0.168,0,false,false,48,true,1309.6695900658256,1469.5861403332387,0,0.039491122994679745,0
SRM,0.168,0,false,false,49,true,1309.669591327899,1469.586103203098,0,0.039491123275404535,0
SRM,0.168,0,false,false,50,true,1309.6695891813047,1469.5861663557982,0,0.03949112279793482,0
SRM,0.168,0,false,false,51,true,1309.6695886564553,1469.5861817968407,0,0.03949112268119188,0
SRM,0.168,0,false,false,52,false,1309.6695916929455,1469.5860924634517,0,0.03949112335660213,0
SRM,0.168,0,false,false,53,false,1309.6695898069052,1469.5861479506634,0,0.03949112293708781,0
SRM,0.168,0,false,false,54,true,1309.669589958755,1469.5861434832464,0,0.03949112297086403,0
SRM,0.168,0,false,false,55,true,1309.6695915169003,1469.5860976426932,0,0.03949112331744432,0
SRM,0.168,0,false,false,56,true,1309.6695912096343,1469.586106682443,0,0.03949112324909869,0
SRM,0.168,0,false,false,57,true,1309.669588778192,1469.586178215351,0,0.03949112270827014,0
SRM,0.168,0,false,false,58,true,1309.6695903373172,1469.586132345967,0,0.039491123055068175,0
SRM,0.168,0,false,false,59,false,1309.6695886594625,1469.5861817083678,0,0.039491122681861085,0
SRM,0.168,0,false,false,60,true,1309.6695890820956,1469.586169274524,0,0.039491122775867527,0
SRM,0.168,0,false,false,61,true,1309.669588796639,1469.5861776726472,0,0.03949112271237304,0
SRM,0.168,0,false,false,62,true,1309.6695894944182,1469.5861571440128,0,0.039491122867581045,0
SRM,0.168,0,false,false,63,false,1309.6695886421853,1469.5861822166626,0,0.039491122678017763,0
SRM,0.168,0,true,false,0,true,1319.089334469325,1192.4577309695055,0,0.039311517185115205,0
SRM,0.168,0,true,false,1,true,1319.0894084861861,1192.4555533971509,0,0.03931153181398471,0
SRM,0.168,0,true,false,2,true,1319.0893071065739,1192.4585359802754,0,0.03931151180086667,0
SRM,0.168,0,true,false,3,false,1319.0893936271225,1192.4559905500607,0,0.039311528870124304,0
SRM,0.168,0,true,false,4,true,1319.089277633547,1192.4594030752519,0,0.039311506017261286,0
SRM,0.168,0,true,false,5,false,1319.0894382159142,1192.4546787500362,0,0.03931153771420382,0
SRM,0.168,0,true,false,6,true,1319.089287815031,1192.459103536503,0,0.039311508013358684,0
SRM,0.168,0,true,false,7,true,1319.089356385054,1192.4570862098496,0,0.03931152150708884,0
SRM,0.168,0,true,false,8,true,1319.089409081685,1192.4555358776026,0,0.03931153193206199,0
SRM,0.168,0,true,false,9,true,1319.0892772113193,1192.4594154971699,0,0.03931150593440939,0
SRM,0.168,0,true,false,10,false,1319.0894664220998,1192.453848925468,0,0.039311543324113477,0
SRM,0.168,0,true,false,11,true,1319.0894617107895,1192.4539875319833,0,0.03931154238628982,0
SRM,0.168,0,true,false,12,true,1319.0892983563942,1192.4587934101219,0,0.03931151008206837,0
SRM,0.168,0,true,false,13,true,1319.0893086395565,1192.4584908800016,0,0.039311512102206694,0
SRM,0.168,0,true,false,14,true,1319.0894513801466,1192.4542914589802,0,0.039311540331025435,0
SRM,0.168,0,true,false,15,true,1319.0892731898196,1192.4595338094914,0,0.03931150514666627,0
SRM,0.168,0,true,false,16,false,1319.0893876102455,1192.4561675662826,0,0.03931152767894328,0
SRM,0.168,0,true,false,17,true,1319.0894477623203,1192.4543978952474,0,0.03931153961169253,0
SRM,0.168,0,true,false,18,false,1319.0893831859921,1192.4562977275946,0,0.0393115268036313,0
SRM,0.168,0,true,false,19,true,1319.089280752374,1192.4593113195185,0,0.03931150662847024,0
SRM,0.168,0,true,false,20,true,1319.0894121305,1192.4554461816192,0,0.039311532536519485,0
SRM,0.168,0,true,false,21,true,1319.0894003903436,1192.4557915764337,0,0.03931153020960909,0
SRM,0.168,0,true,false,22,true,1319.0893466132825,1192.457373694883,0,0.03931151957895974,0
SRM,0.168,0,true,false,23,false,1319.0893360664852,1192.4576839811316,0,0.03931151749985359,0
SRM,0.168,0,true,false,24,true,1319.0894536519804,1192.4542246217418,0,0.03931154078286137,0
SRM,0.168,0,true,false,25,false,1319.089272806229,1192.4595450947054,0,0.039311505071600396,0
SRM,0.168,0,true,false,26,true,1319.0893976309762,1192.455872756883,0,0.03931152966311283,0
SRM,0.168,0,true,false,27,false,1319.0894096266982,1192.455519843344,0,0.03931153204017637,0
SRM,0.168,0,true,false,28,true,1319.0893506547407,1192.4572547953862,0,0.03931152037625615,0
SRM,0.168,0,true,false,29,false,1319.0894374622505,1192.4547009227852,0,0.039311537564515026,0
SRM,0.168,0,true,false,30,true,1319.0892719030155,1192.4595716672022,0,0.03931150489465145,0
SRM,0.168,0,true,false,31,true,1319.0893759002413,1192.4565120740187,0,0.039311525362494965,0
SRM,0.168,0,true,false,32,true,1319.0892813554808,1192.459293576146,0,0.03931150674658944,0
SRM,0.168,0,true,false,33,true,1319.089470569257,1192.4537269163125,0,0.039311544149855104,0
SRM,0.168,0,true,false,34,false,1319.0892890549806,1192.4590670572481,0,0.039311508256473976,0
SRM,0.168,0,true,false,35,true,1319.089465906955,1192.453864081004,0,0.03931154322154697,0
SRM,0.168,0,true,false,36,true,1319.0894411092322,1192.4545936287664,0,0.039311538289170715,0
SRM,0.168,0,true,false,37,true,1319.0892856915461,1192.45916600932,0,0.039311507596764966,0
SRM,0.168,0,true,false,38,true,1319.0894663220206,1192.453851869793,0,0.03931154330406607,0
SRM,0.168,0,true,false,39,true,1319.0894082167836,1192.4555613229616,0,0.03931153176066065,0
SRM,0.168,0,true,false,40,true,1319.089368636556,1192.4567257712797,0,0.03931152392686132,0
SRM,0.168,0,true,false,41,false,1319.0893348823956,1192.4577188169878,0,0.03931151726644023,0
SRM,0.168,0,true,false,42,true,1319.089320816162,1192.458132644879,0,0.03931151449684415,0
SRM,0.168,0,true,false,43,true,1319.0894602505111,1192.4540304932984,0,0.039311542095676735,0
SRM,0.168,0,true,false,44,true,1319.0892774625665,1192.4594081054877,0,0.03931150598377201,0
SRM,0.168,0,true,false,45,true,1319.089269034204,1192.45965606749,0,0.03931150433285172,0
SRM,0.168,0,true,false,46,false,1319.0893377728507,1192.4576337799429,0,0.039311517836121856,0
SRM,0.168,0,true,false,47,true,1319.0894316216843,1192.454872751952,0,0.03931153640447651,0
SRM,0.168,0,true,false,48,true,1319.0893015289091,1192.458700074893,0,0.039311510705083444,0
SRM,0.168,0,true,false,49,true,1319.0894595915963,1192.4540498785386,0,0.03931154196446556,0
SRM,0.168,0,true,false,50,false,1319.0894073697,1192.4555862441177,0,0.039311531592755994,0
SRM,0.168,0,true,false,51,true,1319.0893728361593,1192.4566022191577,0,0.03931152475673377,0
SRM,0.168,0,true,false,52,true,1319.0892725065069,1192.4595539125162,0,0.039311505012891754,0
SRM,0.168,0,true,false,53,true,1319.0894270918702,1192.4550060188556,0,0.0393115355050904,0
SRM,0.168,0,true,false,54,false,1319.0894310194087,1192.4548904708697,0,0.039311536284852046,0
SRM,0.168,0,true,false,55,false,1319.0894629182728,1192.453952007882,0,0.039311542626526,0
SRM,0.168,0,true,false,56,true,1319.0892800171837,1192.4593329487793,0,0.0393115064842992,0
SRM,0.168,0,true,false,57,true,1319.0893458809776,1192.4573952392561,0,0.03931151943452488,0
SRM,0.168,0,true,false,58,false,1319.0892957765252,1192.4588693097398,0,0.03931150957550573,0
SRM,0.168,0,true,false,59,true,1319.0893735001264,1192.45658268528,0,0.03931152488801289,0
SRM,0.168,0,true,false,60,true,1319.0894033406287,1192.4557047791943,0,0.03931153079424669,0
SRM,0.168,0,true,false,61,true,1319.0893880976237,1192.456153227639,0,0.039311527775473865,0
SRM,0.168,0,true,false,62,false,1319.0894181413692,1192.45526934215,0,0.0393115337287527,0
SRM,0.168,0,true,false,63,false,1319.0893668306242,1192.4567789017015,0,0.03931152357003935,0
SRM,0.14,5000,false,false,0,true,1036.3165383520345,9511.619254100384,0,0.039667690928796816,0
SRM,0.14,5000,false,false,1,true,1036.3165384231377,9511.619252008526,0,0.03966769093871597,0
SRM,0.14,5000,false,false,2,true,1036.3165386105347,9511.619246495318,0,0.039667690964858685,0
SRM,0.14,5000,false,false,3,true,1036.316538323642,9511.619254935687,0,0.039667690924835866,0
SRM,0.14,5000,false,false,4,true,1036.31653907685,9511.619232776351,0,0.03966769102991196,0
SRM,0.14,5000,false,false,5,true,1036.3165387425904,9511.619242610246,0,0.03966769098328101,0
SRM,0.14,5000,false,false,6,true,1036.316538892984,9511.619238185678,0,0.039667691004261825,0
SRM,0.14,5000,false,false,7,true,1036.3165382596903,9511.619256817143,0,0.039667690915914385,0
SRM,0.14,5000,false,false,8,false,1036.31653842798,9511.619251866072,0,0.03966769093939152,0
SRM,0.14,5000,false,false,9,false,1036.3165390850234,9511.619232535886,0,0.03966769103105188,0
SRM,0.14,5000,false,false,10,true,1036.3165391877715,9511.61922951304,0,0.03966769104538612,0
SRM,0.14,5000,false,false,11,true,1036.316539104083,9511.619231975157,0,0.039667691033711,0
SRM,0.14,5000,false,false,12,true,1036.3165387281124,9511.61924303619,0,0.03966769098126141,0
SRM,0.14,5000,false,false,13,true,1036.3165385917002,9511.619247049428,0,0.039667690962231265,0
SRM,0.14,5000,false,false,14,true,1036.316538933583,9511.61923699126,0,0.039667691009925406,0
SRM,0.14,5000,false,false,15,true,1036.3165391648265,9511.619230188082,0,0.039667691042185,0
SRM,0.14,5000,false,false,16,true,1036.3165382951104,9511.61925577509,0,0.039667690920855536,0
SRM,0.14,5000,false,false,17,true,1036.3165388781622,9511.619238621726,0,0.0396676910021941,0
SRM,0.14,5000,false,false,18,true,1036.3165382785398,9511.61925626259,0,0.03966769091854402,0
SRM,0.14,5000,false,false,19,true,1036.3165390179283,9511.619234509815,0,0.039667691021692146,0
SRM,0.14,5000,false,false,20,true,1036.3165384537608,9511.619251107599,0,0.03966769094298807,0
SRM,0.14,5000,false,false,21,true,1036.31653836384,9511.619253753066,0,0.03966769093044367,0
SRM,0.14,5000,false,false,22,true,1036.3165382885995,9511.619255966638,0,0.039667690919947325,0
SRM,0.14,5000,false,false,23,true,1036.3165383419237,9511.619254397847,0,0.03966769092738626,0
SRM,0.14,5000,false,false,24,true,1036.3165389695303,9511.619235933686,0,0.03966769101494023,0
SRM,0.14,5000,false,false,25,true,1036.3165391726338,9511.61922995839,0,0.03966769104327431,0
SRM,0.14,5000,false,false,26,true,1036.3165383464172,9511.61925426564,0,0.03966769092801317,0
SRM,0.14,5000,false,false,27,false,1036.3165384324768,9511.619251733775,0,0.039667690940018915,0
SRM,0.14,5000,false,false,28,true,1036.3165382742723,9511.619256388145,0,0.039667690917948646,0
SRM,0.14,5000,false,false,29,true,1036.3165387325762,9511.619242904864,0,0.039667690981883996,0
SRM,0.14,5000,false,false,30,false,1036.3165391911873,9511.619229412552,0,0.039667691045862395,0
SRM,0.14,5000,false,false,31,true,1036.3165382594457,9511.619256824344,0,0.03966769091588027,0
SRM,0.14,5000,false,false,32,true,1036.3165390068164,9511.619234836735,0,0.03966769102014168,0
SRM,0.14,5000,false,false,33,true,1036.3165392644594,9511.619227256884,0,0.03966769105608435,0
SRM,0.14,5000,false,false,34,true,1036.316538872272,9511.619238795016,0,0.03966769100137219,0
SRM,0.14,5000,false,false,35,true,1036.3165391784387,9511.619229787608,0,0.03966769104408407,0
SRM,0.14,5000,false,false,36,true,1036.3165387820247,9511.619241450086,0,0.03966769098878235,0
SRM,0.14,5000,false,false,37,true,1036.316538929334,9511.619237116269,0,0.03966769100933263,0
SRM,0.14,5000,false,false,38,true,1036.3165391858972,9511.619229568183,0,0.03966769104512428,0
SRM,0.14,5000,false,false,39,true,1036.3165384209838,9511.619252071898,0,0.03966769093841564,0
SRM,0.14,5000,false,false,40,false,1036.3165382507173,9511.619257081133,0,0.03966769091466257,0
SRM,0.14,5000,false,false,41,true,1036.3165383493736,9511.61925417867,0,0.03966769092842555,0
SRM,0.14,5000,false,false,42,true,1036.316538460652,9511.619250904867,0,0.03966769094394937,0
SRM,0.14,5000,false,false,43,false,1036.316539078894,9511.61923271621,0,0.039667691030197044,0
SRM,0.14,5000,false,false,44,true,1036.3165390801457,9511.619232679384,0,0.03966769103037183,0
SRM,0.14,5000,false,false,45,true,1036.316539251408,9511.619227640866,0,0.039667691054263314,0
SRM,0.14,5000,false,false,46,true,1036.3165383317173,9511.619254698113,0,0.03966769092596244,0
SRM,0.14,5000,false,false,47,true,1036.3165386582286,9511.619245092166,0,0.03966769097151234,0
SRM,0.14,5000,false,false,48,true,1036.3165386834812,9511.619244349238,0,0.039667690975035114,0
SRM,0.14,5000,false,false,49,true,1036.3165390676068,9511.619233048285,0,0.03966769102862215,0
SRM,0.14,5000,false,false,50,true,1036.316538414256,9511.619252269827,0,0.03966769093747707,0
SRM,0.14,5000,false,false,51,true,1036.3165382545008,9511.619256969821,0,0.03966769091519039,0
SRM,0.14,5000,false,false,52,true,1036.316539178766,9511.619229777978,0,0.039667691044129816,0
SRM,0.14,5000,false,false,53,true,1036.3165386046794,9511.619246667582,0,0.03966769096404201,0
SRM,0.14,5000,false,false,54,true,1036.3165386508945,9511.619245307933,0,0.03966769097048908,0
SRM,0.14,5000,false,false,55,false,1036.3165391251375,9511.619231355726,0,0.03966769103664804,0
SRM,0.14,5000,false,false,56,true,1036.3165390316203,9511.619234107,0,0.039667691023602056,0
SRM,0.14,5000,false,false,57,true,1036.3165382915558,9511.619255879661,0,0.039667690920359704,0
SRM,0.14,5000,false,false,58,true,1036.3165387661086,9511.619241918348,0,0.03966769098656194,0
SRM,0.14,5000,false,false,59,true,1036.3165382554182,9511.619256942826,0,0.03966769091531839,0
SRM,0.14,5000,false,false,60,true,1036.3165383840585,9511.619253158235,0,0.03966769093326432,0
SRM,0.14,5000,false,false,61,false,1036.3165382971695,9511.619255714506,0,0.03966769092114288,0
SRM,0.14,5000,false,false,62,true,1036.316538509555,9511.619249466137,0,0.03966769095077163,0
SRM,0.14,5000,false,false,63,true,1036.3165382501575,9511.619257097595,0,0.03966769091458454,0
SRM,0.14,-5000,false,false,0,false,1320,1312.7657499998306,0,0.038999691572451305,0
SRM,0.14,-5000,false,false,1,false,1320,1312.7657499998306,0,0.03899969158059153,0
SRM,0.14,-5000,false,false,2,false,1320,1312.7657499998313,0,0.03899969160204551,0
SRM,0.14,-5000,false,false,3,false,1320,1312.7657499998313,0,0.038999691569200676,0
SRM,0.14,-5000,false,false,4,false,1320,1312.7657499998306,0,0.03899969165543075,0
SRM,0.14,-5000,false,false,5,false,1320,1312.7657499998313,0,0.038999691617163504,0
SRM,0.14,-5000,false,false,6,false,1320,1312.7657499998309,0,0.038999691634381,0
SRM,0.14,-5000,false,false,7,false,1320,1312.7657499998306,0,0.03899969156187988,0
SRM,0.14,-5000,false,false,8,false,1320,1312.765749999831,0,0.0389996915811457,0
SRM,0.14,-5000,false,false,9,false,1320,1312.7657499998309,0,0.03899969165636651,0
SRM,0.14,-5000,false,false,10,false,1320,1312.7657499998309,0,0.03899969166812932,0
SRM,0.14,-5000,false,false,11,false,1320,1312.7657499998313,0,0.03899969165854835,0
SRM,0.14,-5000,false,false,12,false,1320,1312.7657499998306,0,0.03899969161550604,0
SRM,0.14,-5000,false,false,13,false,1320,1312.7657499998318,0,0.038999691599889155,0
SRM,0.14,-5000,false,false,14,false,1320,1312.7657499998306,0,0.038999691639028965,0
SRM,0.14,-5000,false,false,15,false,1320,1312.7657499998309,0,0.03899969166550249,0
SRM,0.14,-5000,false,false,16,false,1320,1312.765749999831,0,0.03899969156593436,0
SRM,0.14,-5000,false,false,17,false,1320,1312.7657499998309,0,0.03899969163268404,0
SRM,0.14,-5000,false,false,18,false,1320,1312.765749999831,0,0.03899969156403803,0
SRM,0.14,-5000,false,false,19,false,1320,1312.765749999831,0,0.03899969164868505,0
SRM,0.14,-5000,false,false,20,false,1320,1312.7657499998315,0,0.038999691584097634,0
SRM,0.14,-5000,false,false,21,false,1320,1312.7657499998306,0,0.03899969157380288,0
SRM,0.14,-5000,false,false,22,false,1320,1312.7657499998309,0,0.03899969156518863,0
SRM,0.14,-5000,false,false,23,false,1320,1312.7657499998309,0,0.03899969157129322,0
SRM,0.14,-5000,false,false,24,false,1320,1312.7657499998309,0,0.03899969164314421,0
SRM,0.14,-5000,false,false,25,false,1320,1312.765749999831,0,0.03899969166639615,0
SRM,0.14,-5000,false,false,26,false,1320,1312.7657499998313,0,0.03899969157180783,0
SRM,0.14,-5000,false,false,27,false,1320,1312.7657499998306,0,0.038999691581660584,0
SRM,0.14,-5000,false,false,28,false,1320,1312.7657499998306,0,0.0389996915635489,0
SRM,0.14,-5000,false,false,29,false,1320,1312.7657499998309,0,0.03899969161601711,0
SRM,0.14,-5000,false,false,30,false,1320,1312.765749999831,0,0.03899969166852019,0
SRM,0.14,-5000,false,false,31,false,1320,1312.765749999831,0,0.038999691561851985,0
SRM,0.14,-5000,false,false,32,false,1320,1312.7657499998309,0,0.03899969164741315,0
SRM,0.14,-5000,false,false,33,false,1320,1312.7657499998309,0,0.03899969167690848,0
SRM,0.14,-5000,false,false,34,false,1320,1312.7657499998309,0,0.038999691632009996,0
SRM,0.14,-5000,false,false,35,false,1320,1312.7657499998306,0,0.03899969166706069,0
SRM,0.14,-5000,false,false,36,false,1320,1312.7657499998309,0,0.03899969162167809,0
SRM,0.14,-5000,false,false,37,false,1320,1312.7657499998306,0,0.03899969163854267,0
SRM,0.14,-5000,false,false,38,false,1320,1312.765749999831,0,0.03899969166791486,0
SRM,0.14,-5000,false,false,39,false,1320,1312.765749999831,0,0.03899969158034486,0
SRM,0.14,-5000,false,false,40,false,1320,1312.7657499998306,0,0.03899969156085158,0
SRM,0.14,-5000,false,false,41,false,1320,1312.7657499998306,0,0.038999691572146486,0
SRM,0.14,-5000,false,false,42,false,1320,1312.7657499998309,0,0.03899969158488638,0
SRM,0.14,-5000,false,false,43,false,1320,1312.7657499998306,0,0.03899969165566465,0
SRM,0.14,-5000,false,false,44,false,1320,1312.7657499998306,0,0.0389996916558076,0
SRM,0.14,-5000,false,false,45,false,1320,1312.7657499998306,0,0.038999691675414824,0
SRM,0.14,-5000,false,false,46,false,1320,1312.7657499998306,0,0.038999691570125825,0
SRM,0.14,-5000,false,false,47,false,1320,1312.7657499998309,0,0.03899969160750552,0
SRM,0.14,-5000,false,false,48,false,1320,1312.7657499998309,0,0.03899969161039635,0
SRM,0.14,-5000,false,false,49,false,1320,1312.7657499998306,0,0.038999691654372566,0
SRM,0.14,-5000,false,false,50,false,1320,1312.765749999831,0,0.03899969157957432,0
SRM,0.14,-5000,false,false,51,false,1320,1312.7657499998309,0,0.03899969156128491,0
SRM,0.14,-5000,false,false,52,false,1320,1312.7657499998306,0,0.038999691667098296,0
SRM,0.14,-5000,false,false,53,false,1320,1312.7657499998309,0,0.03899969160137508,0
SRM,0.14,-5000,false,false,54,false,1320,1312.7657499998309,0,0.03899969160666553,0
SRM,0.14,-5000,false,false,55,false,1320,1312.765749999831,0,0.038999691660958825,0
SRM,0.14,-5000,false,false,56,false,1320,1312.7657499998309,0,0.03899969165025294,0
SRM,0.14,-5000,false,false,57,false,1320,1312.7657499998313,0,0.03899969156552729,0
SRM,0.14,-5000,false,false,58,false,1320,1312.7657499998306,0,0.03899969161985606,0
SRM,0.14,-5000,false,false,59,false,1320,1312.7657499998306,0,0.038999691561390284,0
SRM,0.14,-5000,false,false,60,false,1320,1312.7657499998306,0,0.03899969157611741,0
SRM,0.14,-5000,false,false,61,false,1320,1312.7657499998306,0,0.038999691566170336,0
SRM,0.14,-5000,false,false,62,false,1320,1312.7657499998306,0,0.03899969159048452,0
SRM,0.14,-5000,false,false,63,false,1320,1312.7657499998306,0,0.0389996915607877,0
LRM,0.13999999999999999,0,false,false,0,true,1687.7089906279332,30173.842936020657,0,0.099752422101357,0
LRM,0.13999999999999999,0,false,false,1,true,1687.7089909120705,30173.84293184101,0,0.0997524221091623,0
LRM,0.13999999999999999,0,false,false,2,true,1687.7089916609516,30173.84292082498,0,0.09975242212973366,0
LRM,0.13999999999999999,0,false,false,3,false,1687.7089905144694,30173.8429376897,0,0.09975242209824015,0
LRM,0.13999999999999999,0,false,false,4,true,1687.7089935245829,30173.842893411005,0,0.09975242218092252,0
LRM,0.13999999999999999,0,false,false,5,true,1687.7089921886643,30173.84291306234,0,0.09975242214423019,0
LRM,0.13999999999999999,0,false,false,6,true,1687.7089927898003,30173.842904219648,0,0.0997524221607389,0
LRM,0.13999999999999999,0,false,false,7,true,1687.7089902589053,30173.84294144905,0,0.09975242209122014,0
LRM,0.13999999999999999,0,false,false,8,true,1687.7089909314252,30173.842931556293,0,0.09975242210969383,0
LRM,0.13999999999999999,0,false,false,9,true,1687.7089935571014,30173.84289293267,0,0.09975242218182034,0
LRM,0.13999999999999999,0,false,false,10,true,1687.7089939678638,30173.842886890372,0,0.09975242219309881,0
LRM,0.13999999999999999,0,false,false,11,false,1687.7089936333662,30173.842891810826,0,0.09975242218391199,0
LRM,0.13999999999999999,0,false,false,12,true,1687.7089921308643,30173.84291391258,0,0.09975242214264053,0
LRM,0.13999999999999999,0,false,false,13,true,1687.7089915857166,30173.842921931697,0,0.09975242212766613,0
LRM,0.13999999999999999,0,false,false,14,true,1687.7089929519605,30173.842901834283,0,0.09975242216519585,0
LRM,0.13999999999999999,0,false,false,15,false,1687.7089938761108,30173.842888240044,0,0.09975242219058036,0
LRM,0.13999999999999999,0,false,false,16,true,1687.7089904004417,30173.842939367063,0,0.09975242209510816,0
LRM,0.13999999999999999,0,false,false,17,true,1687.7089927305362,30173.842905091406,0,0.09975242215911195,0
LRM,0.13999999999999999,0,false,false,18,true,1687.7089903342378,30173.84294034091,0,0.09975242209328941,0
LRM,0.13999999999999999,0,false,false,19,true,1687.708993289093,30173.842896875063,0,0.09975242217445474,0
LRM,0.13999999999999999,0,false,false,20,true,1687.7089910344432,30173.842930040908,0,0.09975242211252389,0
LRM,0.13999999999999999,0,false,false,21,true,1687.7089906751044,30173.842935326767,0,0.09975242210265287,0
LRM,0.13999999999999999,0,false,false,22,true,1687.7089903744247,30173.842939749753,0,0.09975242209439343,0
LRM,0.13999999999999999,0,false,false,23,true,1687.70899058753,30173.84293661499,0,0.09975242210024694,0
LRM,0.13999999999999999,0,false,false,24,true,1687.7089930956165,30173.8428997211,0,0.09975242216914205,0
LRM,0.13999999999999999,0,false,false,25,true,1687.7089939073926,30173.84288777989,0,0.09975242219143696,0
LRM,0.13999999999999999,0,false,false,26,true,1687.7089906054944,30173.84293635074,0,0.09975242210074022,0
LRM,0.13999999999999999,0,false,false,27,true,1687.7089909494077,30173.84293129178,0,0.09975242211018724,0
LRM,0.13999999999999999,0,false,false,28,true,1687.708990317177,30173.84294059187,0,0.09975242209282077,0
LRM,0.13999999999999999,0,false,false,29,true,1687.708992148668,30173.8429136507,0,0.09975242214313056,0
LRM,0.13999999999999999,0,false,false,30,true,1687.7089939814555,30173.842886690432,0,0.09975242219347394,0
LRM,0.13999999999999999,0,false,false,31,true,1687.708990257926,30173.842941463456,0,0.0997524220911932,0
LRM,0.13999999999999999,0,false,false,32,false,1687.7089932445683,30173.842897530023,0,0.09975242217323523,0
LRM,0.13999999999999999,0,false,false,33,true,1687.7089942743346,30173.842882382192,0,0.09975242220151719,0
LRM,0.13999999999999999,0,false,false,34,true,1687.7089927069217,30173.84290543879,0,0.09975242215846576,0
LRM,0.13999999999999999,0,false,false,35,true,1687.7089939305504,30173.842887439245,0,0.09975242219207424,0
LRM,0.13999999999999999,0,false,false,36,true,1687.7089923462818,30173.84291074378,0,0.09975242214855869,0
LRM,0.13999999999999999,0,false,false,37,true,1687.7089929349563,30173.84290208441,0,0.09975242216472968,0
LRM,0.13999999999999999,0,false,false,38,true,1687.7089939602263,30173.842887002713,0,0.09975242219289378,0
LRM,0.13999999999999999,0,false,false,39,true,1687.7089909034785,30173.84293196739,0,0.09975242210892571,0
LRM,0.13999999999999999,0,false,false,40,true,1687.7089902230405,30173.84294197663,0,0.09975242209023484,0
LRM,0.13999999999999999,0,false,false,41,true,1687.7089906172898,30173.842936177214,0,0.09975242210106484,0
LRM,0.13999999999999999,0,false,false,42,true,1687.7089910620018,30173.842929635528,0,0.09975242211328056,0
LRM,0.13999999999999999,0,false,false,43,true,1687.7089935326976,30173.842893291643,0,0.09975242218114704,0
LRM,0.13999999999999999,0,false,false,44,true,1687.7089935377705,30173.84289321702,0,0.09975242218128422,0
LRM,0.13999999999999999,0,false,false,45,true,1687.708994222015,30173.842883151803,0,0.09975242220008516,0
LRM,0.13999999999999999,0,false,false,46,true,1687.708990546746,30173.842937214915,0,0.09975242209912663,0
LRM,0.13999999999999999,0,false,false,47,true,1687.7089918515983,30173.842918020568,0,0.09975242213496906,0
LRM,0.13999999999999999,0,false,false,48,true,1687.7089919524929,30173.84291653641,0,0.09975242213774123,0
LRM,0.13999999999999999,0,false,false,49,true,1687.7089934874932,30173.842893956597,0,0.09975242217990848,0
LRM,0.13999999999999999,0,false,false,50,true,1687.7089908765993,30173.842932362793,0,0.09975242210818733,0
LRM,0.13999999999999999,0,false,false,51,true,1687.7089902381608,30173.842941754207,0,0.0997524220906503,0
LRM,0.13999999999999999,0,false,false,52,true,1687.708993931889,30173.842887419545,0,0.0997524221921103,0
LRM,0.13999999999999999,0,false,false,53,true,1687.7089916376074,30173.842921168372,0,0.09975242212909081,0
LRM,0.13999999999999999,0,false,false,54,true,1687.7089918222687,30173.842918452006,0,0.09975242213416391,0
LRM,0.13999999999999999,0,false,false,55,true,1687.708993717418,30173.84289057441,0,0.09975242218622384,0
LRM,0.13999999999999999,0,false,false,56,true,1687.7089933437262,30173.842896071415,0,0.09975242217595805,0
LRM,0.13999999999999999,0,false,false,57,true,1687.7089903862402,30173.842939575956,0,0.099752422094718,0
LRM,0.13999999999999999,0,false,false,58,true,1687.7089922826658,30173.842911679603,0,0.09975242214681175,0
LRM,0.13999999999999999,0,false,false,59,true,1687.7089902418265,30173.842941700274,0,0.09975242209075103,0
LRM,0.13999999999999999,0,false,false,60,true,1687.7089907559243,30173.842934137912,0,0.09975242210487242,0
LRM,0.13999999999999999,0,false,false,61,true,1687.7089904086806,30173.842939245857,0,0.09975242209533433,0
LRM,0.13999999999999999,0,false,false,62,true,1687.7089912574243,30173.842926760874,0,0.0997524221186488,0
LRM,0.13999999999999999,0,false,false,63,true,1687.7089902208043,30173.842942009513,0,0.09975242209017353,0
LRM,0.13999999999999999,0,true,false,0,true,1703.4413729569915,29942.419985672528,0,0.09971741548591118,0
LRM,0.13999999999999999,0,true,false,1,true,1703.4413925797842,29942.419697021753,0,0.0997174162111596,0
LRM,0.13999999999999999,0,true,false,2,true,1703.4413666005767,29942.420079175237,0,0.09971741524003404,0
LRM,0.13999999999999999,0,true,false,3,true,1703.4413883725458,29942.419758910113,0,0.09971741605895901,0
LRM,0.13999999999999999,0,true,false,4,true,1703.4413603463913,29942.420171174155,0,0.09971741499002224,0
LRM,0.13999999999999999,0,true,false,5,true,1703.4414013786472,29942.419567590678,0,0.09971741652522867,0
LRM,0.13999999999999999,0,true,false,6,true,1703.4413624351077,29942.420140449198,0,0.09971741507465008,0
LRM,0.13999999999999999,0,true,false,7,true,1703.441378409562,29942.41990546537,0,0.0997174156917712,0
LRM,0.13999999999999999,0,true,false,8,true,1703.441392751492,29942.419694495926,0,0.09971741621735604,0
LRM,0.13999999999999999,0,true,false,9,true,1703.441360261807,29942.42017241838,0,0.09971741498646595,0
LRM,0.13999999999999999,0,true,false,10,true,1703.441410178404,29942.419438146488,0,0.09971741683452875,0
LRM,0.13999999999999999,0,true,false,11,true,1703.441408678746,29942.41946020641,0,0.09971741678211676,0
LRM,0.13999999999999999,0,true,false,12,true,1703.441364678076,29942.420107455175,0,0.09971741516420227,0
LRM,0.13999999999999999,0,true,false,13,true,1703.4413669430444,29942.420074137543,0,0.09971741525351469,0
LRM,0.13999999999999999,0,true,false,14,true,1703.44140543257,29942.419507957587,0,0.09971741666826864,0
LRM,0.13999999999999999,0,true,false,15,true,1703.4413594592804,29942.420184223538,0,0.09971741495366043,0
LRM,0.13999999999999999,0,true,false,16,true,1703.4413867045594,29942.419783446152,0,0.09971741599812976,0
LRM,0.13999999999999999,0,true,false,17,true,1703.4414043107781,29942.41952445912,0,0.09971741662882182,0
LRM,0.13999999999999999,0,true,false,18,true,1703.441385494445,29942.4198012469,0,0.09971741595396354,0
LRM,0.13999999999999999,0,true,false,19,true,1703.4413609780665,29942.420161882226,0,0.09971741501572337,0
LRM,0.13999999999999999,0,true,false,20,true,1703.441393631325,29942.419681553616,0,0.09971741624898159,0
LRM,0.13999999999999999,0,true,false,21,true,1703.44139027134,29942.41973097889,0,0.09971741612782495,0
LRM,0.13999999999999999,0,true,false,22,true,1703.4413759395509,29942.41994179916,0,0.09971741559900091,0
LRM,0.13999999999999999,0,true,false,23,true,1703.4413733439471,29942.419979980423,0,0.09971741550069305,0
LRM,0.13999999999999999,0,true,false,24,true,1703.441406141284,29942.419497532428,0,0.09971741669316833,0
LRM,0.13999999999999999,0,true,false,25,true,1703.4413593831648,29942.420185343184,0,0.09971741495058825,0
LRM,0.13999999999999999,0,true,false,26,true,1703.441389494721,29942.419742402948,0,0.09971741609975196,0
LRM,0.13999999999999999,0,true,false,27,true,1703.4413929095026,29942.419692171592,0,0.09971741622308022,0
LRM,0.13999999999999999,0,true,false,28,false,1703.4413769539847,29942.419926876868,0,0.0997174156372313,0
LRM,0.13999999999999999,0,true,false,29,true,1703.4414011504496,29942.41957094746,0,0.09971741651717281,0
LRM,0.13999999999999999,0,true,false,30,true,1703.4413592051396,29942.420187961932,0,0.09971741494321204,0
LRM,0.13999999999999999,0,true,false,31,true,1703.4413835230491,29942.419830246097,0,0.0997174158814698,0
LRM,0.13999999999999999,0,true,false,32,true,1703.4413611012974,29942.420160069505,0,0.09971741502064076,0
LRM,0.13999999999999999,0,true,false,33,true,1703.4414115071525,29942.41941860062,0,0.09971741688085367,0
LRM,0.13999999999999999,0,true,false,34,true,1703.4413626949051,29942.420136627567,0,0.09971741508499399,0
LRM,0.13999999999999999,0,true,false,35,true,1703.441410013668,29942.41944056975,0,0.09971741682877362,0
LRM,0.13999999999999999,0,true,false,36,true,1703.4414022623864,29942.419554590902,0,0.09971741655651521,0
LRM,0.13999999999999999,0,true,false,37,true,1703.4413619933393,29942.42014694759,0,0.09971741505675524,0
LRM,0.13999999999999999,0,true,false,38,true,1703.4414101433506,29942.419438662128,0,0.09971741683325061,0
LRM,0.13999999999999999,0,true,false,39,true,1703.4413925036158,29942.41969814218,0,0.09971741620846271,0
LRM,0.13999999999999999,0,true,false,40,true,1703.4413815930768,29942.419858635927,0,0.09971741581028833,0
LRM,0.13999999999999999,0,true,false,41,true,1703.4413730565634,29942.419984207834,0,0.0997174154896652,0
LRM,0.13999999999999999,0,true,false,42,true,1703.4413697211007,29942.420033272403,0,0.0997174153616378,0
LRM,0.13999999999999999,0,true,false,43,true,1703.441408216402,29942.41946700748,0,0.09971741676593597,0
LRM,0.13999999999999999,0,true,false,44,true,1703.4413603119358,29942.420171680988,0,0.09971741498862809,0
LRM,0.13999999999999999,0,true,false,45,true,1703.4413586434175,29942.420196224848,0,0.09971741491997557,0
LRM,0.13999999999999999,0,true,false,46,false,1703.441373759044,29942.419973874352,0,0.09971741551649521,0
LRM,0.13999999999999999,0,true,false,47,true,1703.441399386463,29942.419596895663,0,0.09971741645463997,0
LRM,0.13999999999999999,0,true,false,48,true,1703.4413653688162,29942.420097294413,0,0.09971741519154435,0
LRM,0.13999999999999999,0,true,false,49,true,1703.441408006021,29942.419470102195,0,0.09971741675852852,0
LRM,0.13999999999999999,0,true,false,50,true,1703.4413922605465,29942.41970171772,0,0.09971741619971147,0
LRM,0.13999999999999999,0,true,false,51,true,1703.4413827044186,29942.419842288124,0,0.09971741585128924,0
LRM,0.13999999999999999,0,true,false,52,true,1703.441359323975,29942.42018621387,0,0.09971741494814752,0
LRM,0.13999999999999999,0,true,false,53,true,1703.4413980306938,29942.419616838997,0,0.09971741640642487,0
LRM,0.13999999999999999,0,true,false,54,true,1703.4413992050406,29942.419599564375,0,0.09971741644818144,0
LRM,0.13999999999999999,0,true,false,55,true,1703.441409059694,29942.41945460268,0,0.09971741679539972,0
LRM,0.13999999999999999,0,true,false,56,true,1703.4413608287116,29942.420164079234,0,0.09971741500959147,0
LRM,0.13999999999999999,0,true,false,57,true,1703.4413757569052,29942.419944485875,0,0.09971741559210526,0
LRM,0.13999999999999999,0,true,false,58,true,1703.4413641217384,29942.420115638884,0,0.09971741514204177,0
LRM,0.13999999999999999,0,true,false,59,true,1703.4413828816057,29942.419839681716,0,0.0997174158578455,0
LRM,0.13999999999999999,0,true,false,60,true,1703.441391109492,29942.419718649708,0,0.09971741615818389,0
LRM,0.13999999999999999,0,true,false,61,true,1703.4413868396605,29942.41978145882,0,0.0997174160031057,0
LRM,0.13999999999999999,0,true,false,62,true,1703.4413953832752,29942.419655782458,0,0.09971741631184118,0
LRM,0.13999999999999999,0,true,false,63,true,1703.441381118065,29942.419865623353,0,0.09971741579269276,0
LRM,1.4,0,false,false,0,true,6430.816842329499,7989.614142398624,0.4001898185255015,0.09908859859501647,0
LRM,1.4,0,false,false,1,true,6430.816842329499,7989.614142398624,0.4001898185255015,0.09908859859501647,0
LRM,1.4,0,false,false,2,true,6430.816842329499,7989.614142398624,0.4001898185255015,0.09908859859501647,0
LRM,1.4,0,false,false,3,true,6430.816842329499,7989.614142398624,0.4001898185255015,0.09908859859501647,0
LRM,1.4,0,false,false,4,true,6430.816842329499,7989.614142398624,0.4001898185255015,0.09908859859501647,0
LRM,1.4,0,false,false,5,true,6430.816842329499,7989.614142398624,0.4001898185255015,0.09908859859501647,0
LRM,1.4,0,false,false,6,true,6430.816842329499,7989.614142398624,0.4001898185255015,0.09908859859501647,0
LRM,1.4,0,false,false,7,true,6430.816842329499,7989.614142398624,0.4001898185255015,0.09908859859501647,0
LRM,1.4,0,false,false,8,false,6430.816842329499,7989.614142398624,0.4001898185255015,0.09908859859501647,0
LRM,1.4,0,false,false,9,true,6430.816842329499,7989.614142398624,0.4001898185255015,0.09908859859501647,0
LRM,1.4,0,false,false,10,false,6430.816842329499,7989.614142398624,0.4001898185255015,0.09908859859501647,0
LRM,1.4,0,false,false,11,true,6430.816842329499,7989.614142398624,0.4001898185255015,0.09908859859501647,0
LRM,1.4,0,false,false,12,true,6430.816842329499,7989.614142398624,0.4001898185255015,0.09908859859501647,0
LRM,1.4,0,false,false,13,true,6430.816842329499,7989.614142398624,0.4001898185255015,0.09908859859501647,0
LRM,1.4,0,false,false,14,true,6430.816842329499,7989.614142398624,0.4001898185255015,0.09908859859501647,0
LRM,1.4,0,false,false,15,true,6430.816842329499,7989.614142398624,0.4001898185255015,0.09908859859501647,0
LRM,1.4,0,false,false,16,true,6430.816842329499,7989.614142398624,0.4001898185255015,0.09908859859501647,0
LRM,1.4,0,false,false,17,true,6430.816842329499,7989.614142398624,0.4001898185255015,0.09908859859501647,0
LRM,1.4,0,false,false,18,false,6430.816842329499,7989.614142398624,0.4001898185255015,0.09908859859501647,0
LRM,1.4,0,false,false,19,false,6430.816842329499,7989.614142398624,0.4001898185255015,0.09908859859501647,0
LRM,1.4,0,false,false,20,true,6430.816842329499,7989.614142398624,0.4001898185255015,0.09908859859501647,0
LRM,1.4,0,false,false,21,true,6430.816842329499,7989.614142398624,0.4001898185255015,0.09908859859501647,0
LRM,1.4,0,false,false,22,false,6430.816842329499,7989.614142398624,0.4001898185255015,0.09908859859501647,0
LRM,1.4,0,false,false,23,true,6430.816842329499,7989.614142398624,0.4001898185255015,0.09908859859501647,0
LRM,1.4,0,false,false,24,true,6430.816842329499,7989.614142398624,0.4001898185255015,0.09908859859501647,0
LRM,1.4,0,false,false,25,false,6430.816842329499,7989.614142398624,0.4001898185255015,0.09908859859501647,0
LRM,1.4,0,false,false,26,true,6430.816842329499,7989.614142398624,0.4001898185255015,0.09908859859501647,0
LRM,1.4,0,false,false,27,false,6430.816842329499,7989.614142398624,0.4001898185255015,0.09908859859501647,0
LRM,1.4,0,false,false,28,true,6430.816842329499,7989.614142398624,0.4001898185255015,0.09908859859501647,0
LRM,1.4,0,false,false,29,true,6430.816842329499,7989.614142398624,0.4001898185255015,0.09908859859501647,0
LRM,1.4,0,false,false,30,false,6430.816842329499,7989.614142398624,0.4001898185255015,0.09908859859501647,0
LRM,1.4,0,false,false,31,true,6430.816842329499,7989.614142398624,0.4001898185255015,0.09908859859501647,0
LRM,1.4,0,false,false,32,true,6430.816842329499,7989.614142398624,0.4001898185255015,0.09908859859501647,0
LRM,1.4,0,false,false,33,true,6430.816842329499,7989.614142398624,0.4001898185255015,0.09908859859501647,0
LRM,1.4,0,false,false,34,false,6430.816842329499,7989.614142398624,0.4001898185255015,0.09908859859501647,0
LRM,1.4,0,false,false,35,true,6430.816842329499,7989.614142398624,0.4001898185255015,0.09908859859501647,0
LRM,1.4,0,false,false,36,false,6430.816842329499,7989.614142398624,0.4001898185255015,0.09908859859501647,0
LRM,1.4,0,false,false,37,false,6430.816842329499,7989.614142398624,0.4001898185255015,0.09908859859501647,0
LRM,1.4,0,false,false,38,true,6430.816842329499,7989.614142398624,0.4001898185255015,0.09908859859501647,0
LRM,1.4,0,false,false,39,false,6430.816842329499,7989.614142398624,0.4001898185255015,0.09908859859501647,0
LRM,1.4,0,false,false,40,true,6430.816842329499,7989.614142398624,0.4001898185255015,0.09908859859501647,0
LRM,1.4,0,false,false,41,false,6430.816842329499,7989.614142398624,0.4001898185255015,0.09908859859501647,0
LRM,1.4,0,false,false,42,true,6430.816842329499,7989.614142398624,0.4001898185255015,0.09908859859501647,0
LRM,1.4,0,false,false,43,true,6430.816842329499,7989.614142398624,0.4001898185255015,0.09908859859501647,0
LRM,1.4,0,false,false,44,true,6430.816842329499,7989.614142398624,0.4001898185255015,0.09908859859501647,0
LRM,1.4,0,false,false,45,false,6430.816842329499,7989.614142398624,0.4001898185255015,0.09908859859501647,0
LRM,1.4,0,false,false,46,false,6430.816842329499,7989.614142398624,0.4001898185255015,0.09908859859501647,0
LRM,1.4,0,false,false,47,true,6430.816842329499,7989.614142398624,0.4001898185255015,0.09908859859501647,0
LRM,1.4,0,false,false,48,true,6430.816842329499,7989.614142398624,0.4001898185255015,0.09908859859501647,0
LRM,1.4,0,false,false,49,true,6430.816842329499,7989.614142398624,0.4001898185255015,0.09908859859501647,0
LRM,1.4,0,false,false,50,true,6430.816842329499,7989.614142398624,0.4001898185255015,0.09908859859501647,0
LRM,1.4,0,false,false,51,true,6430.816842329499,7989.614142398624,0.4001898185255015,0.09908859859501647,0
LRM,1.4,0,false,false,52,false,6430.816842329499,7989.614142398624,0.4001898185255015,0.09908859859501647,0
LRM,1.4,0,false,false,53,true,6430.816842329499,7989.614142398624,0.4001898185255015,0.09908859859501647,0
LRM,1.4,0,false,false,54,false,6430.816842329499,7989.614142398624,0.4001898185255015,0.09908859859501647,0
LRM,1.4,0,false,false,55,true,6430.816842329499,7989.614142398624,0.4001898185255015,0.09908859859501647,0
LRM,1.4,0,false,false,56,true,6430.816842329499,7989.614142398624,0.4001898185255015,0.09908859859501647,0
LRM,1.4,0,false,false,57,true,6430.816842329499,7989.614142398624,0.4001898185255015,0.09908859859501647,0
LRM,1.4,0,false,false,58,true,6430.816842329499,7989.614142398624,0.4001898185255015,0.09908859859501647,0
LRM,1.4,0,false,false,59,true,6430.816842329499,7989.614142398624,0.4001898185255015,0.09908859859501647,0
LRM,1.4,0,false,false,60,false,6430.816842329499,7989.614142398624,0.4001898185255015,0.09908859859501647,0
LRM,1.4,0,false,false,61,false,6430.816842329499,7989.614142398624,0.4001898185255015,0.09908859859501647,0
LRM,1.4,0,false,false,62,false,6430.816842329499,7989.614142398624,0.4001898185255015,0.09908859859501647,0
LRM,1.4,0,false,false,63,true,6430.816842329499,7989.614142398624,0.4001898185255015,0.09908859859501647,0
LRM,1.4,0,true,false,0,false,7065.119672259636,0,0.4000514513909641,0.0952212487738348,0
LRM,1.4,0,true,false,1,false,7065.118443421985,0.0000000000023510082769462315,0.40005121262512605,0.09522240326636902,0
LRM,1.4,0,true,false,2,false,7065.120145452755,0,0.4000515362418079,0.09522082401108045,0
LRM,1.4,0,true,false,3,false,7065.118684452495,0,0.40005126157550963,0.09522217091477785,0
LRM,1.4,0,true,false,4,false,7065.12066765748,0.0000000000008497647030480948,0.40005162537155303,0.09522036788550785,0
LRM,1.4,0,true,false,5,false,7065.117969200562,0.000000000003887778987632373,0.40005111322850706,0.09522286907549748,0
LRM,1.4,0,true,false,6,false,7065.120485741194,0,0.4000515948522722,0.09522052530510987,0
LRM,1.4,0,true,false,7,false,7065.119300874192,0,0.4000513820568929,0.09522158979002296,0
LRM,1.4,0,true,false,8,false,7065.11843382562,0.0000000000020459189897792385,0.4000512106502262,0.09522241259814408,0
LRM,1.4,0,true,false,9,false,7065.120675206946,0.0000000000002353672812205332,0.40005162663593685,0.09522036133519914,0
LRM,1.4,0,true,false,10,false,7065.117528660408,0,0.4000510171966334,0.09522331214352196,0
LRM,1.4,0,true,false,11,false,7065.117601619641,0.0000000000066282535016171096,0.4000510333512295,0.09522323805926204,0
LRM,1.4,0,true,false,12,false,7065.1202991041055,0,0.40005156295204203,0.09522068845243827,0
LRM,1.4,0,true,false,13,false,7065.120118667942,0,0.40005153153716666,0.09522084779268837,0
LRM,1.4,0,true,false,14,false,7065.117762477116,0.0000000000022359891715950653,0.4000510686110506,0.09522307573873541,0
LRM,1.4,0,true,false,15,false,7065.120747550952,0,0.4000516386006685,0.09522029922707005,0
LRM,1.4,0,true,false,16,false,7065.118782846604,0.000000000004021227795192317,0.40005128126676537,0.09522207685965568,0
LRM,1.4,0,true,false,17,false,7065.1178190740875,0,0.40005108089836783,0.09522301896900076,0
LRM,1.4,0,true,false,18,false,7065.118855443236,0.000000000005146105763742526,0.40005129567316705,0.09522200782908799,0
LRM,1.4,0,true,false,19,false,7065.120611755455,0.000000000003559819106158102,0.4000516160551599,0.095220416082571,0
LRM,1.4,0,true,false,20,false,7065.118384736196,0.000000000002269961996148595,0.40005120054433035,0.0952224603000732,0
LRM,1.4,0,true,false,21,false,7065.11857440454,0,0.40005123935746345,0.09522227663036187,0
LRM,1.4,0,true,false,22,false,7065.119465656693,0.0000000000020328183580886616,0.4000514131205802,0.09522143764115895,0
LRM,1.4,0,true,false,23,false,7065.119644955788,0.00000000000344058115331336,0.4000514463752797,0.09522127361895825,0
LRM,1.4,0,true,false,24,false,7065.117727004167,0,0.40005106087727754,0.0952231114160435,0
LRM,1.4,0,true,false,25,false,7065.120754464101,0,0.40005163973717806,0.09522029331651308,0
LRM,1.4,0,true,false,26,false,7065.118619213797,0.00000000000369082542306387,0.4000512484248455,0.09522223353899585,0
LRM,1.4,0,true,false,27,false,7065.118425012521,0.000000000005011990822367807,0.40005120883733425,0.09522242116313588,0
LRM,1.4,0,true,false,28,false,7065.1193973396275,0.000000000002892797112963308,0.40005140029770553,0.09522150056990225,0
LRM,1.4,0,true,false,29,false,7065.11798107824,0.000000000005080602605289641,0.40005111576550995,0.09522285728108139,0
LRM,1.4,0,true,false,30,false,7065.120770748536,0.0000000000007933653733971369,0.4000516424201927,0.09522027935462297,0
LRM,1.4,0,true,false,31,false,7065.1189756135645,0,0.400051319335251,0.09522189403103225,0
LRM,1.4,0,true,false,32,false,7065.120600952222,0,0.40005161425476404,0.09522042538186831,0
LRM,1.4,0,true,false,33,false,7065.117464644896,0.000000000003807398840649512,0.4000510029453294,0.09522337735261001,0
LRM,1.4,0,true,false,34,false,7065.120463689554,0,0.4000515911212653,0.09522054445860345,0
LRM,1.4,0,true,false,35,false,7065.117536621099,0.0000000000042095216201687435,0.40005101896630046,0.0952233040366596,0
LRM,1.4,0,true,false,36,false,7065.117923581027,0,0.400051103447865,0.09522291450222005,0
LRM,1.4,0,true,false,37,false,7065.12052354842,0,0.4000516012469854,0.0952204924312257,0
LRM,1.4,0,true,false,38,false,7065.1175302457905,0.00000000000013100631690576847,0.4000510175581702,0.09522331048623787,0
LRM,1.4,0,true,false,39,false,7065.118447752518,0,0.40005121350814904,0.0952223990939847,0
LRM,1.4,0,true,false,40,false,7065.119096078798,0,0.40005134277654875,0.09522178077595578,0
LRM,1.4,0,true,false,41,false,7065.119665199082,0.000000000004418243548798273,0.4000514500993762,0.0952212551742273,0
LRM,1.4,0,true,false,42,false,7065.11990701172,0.0000000000008750777880095484,0.40005149397320405,0.09522103668571634,0
LRM,1.4,0,true,false,43,false,7065.117624295003,0,0.4000510383487195,0.09522321510536672,0
LRM,1.4,0,true,false,44,false,7065.120670720777,0.000000000004371614181764016,0.40005162588093407,0.095220365247246,0
LRM,1.4,0,true,false,45,false,7065.120822545152,0,0.4000516509212139,0.0952202350464846,0
LRM,1.4,0,true,false,46,false,7065.119615838975,0,0.4000514410123318,0.09522130015277949,0
LRM,1.4,0,true,false,47,false,7065.118073457494,0.00000000000344013706410351,0.40005113542416293,0.09522276572394918,0
LRM,1.4,0,true,false,48,false,7065.120243257856,0.000000000005857758722527251,0.4000515532915211,0.095220737588955,0
LRM,1.4,0,true,false,49,false,7065.117634555031,0.000000000003475664200891515,0.4000510406149252,0.09522320469041166,0
LRM,1.4,0,true,false,50,false,7065.118461426341,0,0.40005121631062646,0.09522238584386916,0
LRM,1.4,0,true,false,51,false,7065.1190263766,0.0000000000011046719095020308,0.4000513292435319,0.09522184622366439,0
LRM,1.4,0,true,false,52,false,7065.120759862523,0.000000000004505729123138735,0.4000516406272778,0.09522028868541763,0
LRM,1.4,0,true,false,53,false,7065.1181453858635,0.0000000000004363176486776865,0.40005115062554586,0.09522269472433434,0
LRM,1.4,0,true,false,54,false,7065.118083021459,0,0.4000511374510516,0.09522275626659489,0
LRM,1.4,0,true,false,55,false,7065.117582939882,0.000000000004995781566208279,0.4000510292285884,0.09522325698160256,0
LRM,1.4,0,true,false,56,false,7065.120624915581,0,0.40005161825715135,0.09522040470270147,0
LRM,1.4,0,true,false,57,false,7065.119478055078,0.000000000005069278330438465,0.40005141543944767,0.09522142624231567,0
LRM,1.4,0,true,false,58,false,7065.120344625063,0,0.40005157079138576,0.09522064848730101,0
LRM,1.4,0,true,false,59,false,7065.119015358406,0.0000000000019333423750822476,0.4000513270958393,0.09522185659455358,0
LRM,1.4,0,true,false,60,false,7065.118526568484,0,0.4000512296229366,0.09522232281477681,0
LRM,1.4,0,true,false,61,false,7065.118774835873,0,0.40005127966851234,0.09522208450756099,0
LRM,1.4,0,true,false,62,false,7065.118288252359,0.000000000003197664355525376,0.4000511805488225,0.09522255443930974,0
LRM,1.4,0,true,false,63,false,7065.1191261435115,0.0000000000007618350394977824,0.4000513485874354,0.09522175261971892,0
LRM,1.4,0,false,true,0,true,6430.816842407747,7989.354923938403,0.40018981852420726,0.09908859861745972,0
LRM,1.4,0,false,true,1,false,6430.816842379086,7989.422294535706,0.4001898185247744,0.09908859860939428,0
LRM,1.4,0,false,true,2,true,6430.816842413344,7989.360168304615,0.4001898185241956,0.09908859861861113,0
LRM,1.4,0,false,true,3,true,6430.816842407652,7989.375949073442,0.40018981852402424,0.09908859861765272,0
LRM,1.4,0,false,true,4,true,6430.81684235253,7989.386100125602,0.4001898185242386,0.09908859860096796,0
LRM,1.4,0,false,true,5,true,6430.8168423546795,7989.330148691919,0.40018981852477903,0.09908859860200128,0
LRM,1.4,0,false,true,6,true,6430.816842382141,7989.255450300709,0.4001898185249437,0.099088598610395,0
LRM,1.4,0,false,true,7,false,6430.81684236687,7989.240847849763,0.40018981852413277,0.0990885986048863,0
LRM,1.4,0,false,true,8,true,6430.816842378219,7989.354013841659,0.40018981852394797,0.09908859860835065,0
LRM,1.4,0,false,true,9,true,6430.816842391441,7989.326926947187,0.40018981852475793,0.09908859861291215,0
LRM,1.4,0,false,true,10,true,6430.8168423509005,7989.438174870302,0.4001898185245436,0.09908859860069061,0
LRM,1.4,0,false,true,11,true,6430.816842409633,7989.304056410115,0.4001898185247575,0.09908859861803256,0
LRM,1.4,0,false,true,12,true,6430.816842698245,7989.28068466682,0.40018981852310265,0.09908859870101516,0
LRM,1.4,0,false,true,13,true,6430.816842437245,7989.305697730851,0.4001898185241873,0.09908859862521986,0
LRM,1.4,0,false,true,14,true,6430.816842365308,7989.363478872678,0.4001898185239345,0.09908859860422185,0
LRM,1.4,0,false,true,15,true,6430.816842383242,7989.409594548289,0.4001898185242745,0.09908859860998549,0
LRM,1.4,0,false,true,16,true,6430.8168423918405,7989.356308731903,0.4001898185247277,0.09908859861270045,0
LRM,1.4,0,false,true,17,true,6430.816842350246,7989.407606385251,0.4001898185240724,0.09908859860039823,0
LRM,1.4,0,false,true,18,true,6430.816842394831,7989.309133332928,0.400189818524369,0.09908859861421788,0
LRM,1.4,0,false,true,19,false,6430.8168423764,7989.42000849817,0.40018981852417623,0.09908859860785177,0
LRM,1.4,0,false,true,20,true,6430.8168423288735,7989.377509254951,0.40018981852498864,0.09908859859514992,0
LRM,1.4,0,false,true,21,false,6430.816842353487,7989.395399756304,0.4001898185243232,0.09908859860144963,0
LRM,1.4,0,false,true,22,true,6430.816842687764,7989.326922929311,0.40018981852287716,0.09908859869755167,0
LRM,1.4,0,false,true,23,true,6430.816842471585,7989.389778609103,0.4001898185235826,0.09908859863513918,0
LRM,1.4,0,false,true,24,false,6430.816842440715,7989.3817812835305,0.4001898185238299,0.09908859862709488,0
LRM,1.4,0,false,true,25,true,6430.81684239654,7989.236148267719,0.4001898185241725,0.09908859861260363,0
LRM,1.4,0,false,true,26,true,6430.8168424227815,7989.341267023689,0.4001898185237818,0.09908859862137212,0
LRM,1.4,0,false,true,27,true,6430.816842406899,7989.183428425691,0.40018981852399554,0.09908859861777936,0
LRM,1.4,0,false,true,28,true,6430.816842577814,7989.357496384622,0.4001898185236498,0.09908859866625559,0
LRM,1.4,0,false,true,29,false,6430.816842331832,7989.4263939330895,0.4001898185253788,0.09908859859567859,0
LRM,1.4,0,false,true,30,false,6430.816842410078,7989.354312840151,0.40018981852400115,0.09908859861710259,0
LRM,1.4,0,false,true,31,false,6430.8168423443085,7989.332156806971,0.40018981852522983,0.09908859859944051,0
LRM,1.4,0,false,true,32,true,6430.816842403999,7989.3741475590705,0.4001898185232284,0.09908859861567887,0
LRM,1.4,0,false,true,33,true,6430.81684241053,7989.246726994199,0.4001898185248287,0.09908859861857068,0
LRM,1.4,0,false,true,34,true,6430.816842370729,7989.296382361911,0.40018981852449004,0.09908859860725172,0
LRM,1.4,0,false,true,35,true,6430.81684244087,7989.305417700615,0.4001898185244917,0.09908859862674249,0
LRM,1.4,0,false,true,36,true,6430.816842482886,7989.309346606639,0.40018981852296165,0.09908859863832373,0
LRM,1.4,0,false,true,37,true,6430.816842506854,7989.378073260328,0.40018981852424534,0.09908859864554986,0
LRM,1.4,0,false,true,38,true,6430.816842371316,7989.332495690087,0.40018981852421076,0.09908859860679116,0
LRM,1.4,0,false,true,39,true,6430.816842334333,7989.296859778488,0.40018981852502006,0.09908859859688453,0
LRM,1.4,0,false,true,40,true,6430.81684241539,7989.263971279768,0.40018981852484126,0.09908859862023012,0
LRM,1.4,0,false,true,41,false,6430.816842361329,7989.33516357143,0.40018981852506574,0.09908859860446964,0
LRM,1.4,0,false,true,42,true,6430.816842339525,7989.330629353653,0.40018981852499047,0.09908859859781267,0
LRM,1.4,0,false,true,43,true,6430.8168424294,7989.34685478364,0.40018981852362856,0.09908859862237263,0
LRM,1.4,0,false,true,44,true,6430.816842508432,7989.23609758075,0.4001898185241517,0.09908859864682824,0
LRM,1.4,0,false,true,45,true,6430.8168426411585,7989.324211747964,0.40018981852334734,0.09908859868423257,0
LRM,1.4,0,false,true,46,true,6430.816842354876,7989.34800289087,0.4001898185241495,0.09908859860237765,0
LRM,1.4,0,false,true,47,true,6430.81684235623,7989.3706705970235,0.4001898185241775,0.09908859860243116,0
LRM,1.4,0,false,true,48,true,6430.816842377887,7989.375567971148,0.4001898185244736,0.09908859860880997,0
LRM,1.4,0,false,true,49,true,6430.816842351781,7989.238691124438,0.4001898185249138,0.09908859860200764,0
LRM,1.4,0,false,true,50,true,6430.816842345456,7989.368927520739,0.4001898185249095,0.09908859860000699,0
LRM,1.4,0,false,true,51,true,6430.816842489404,7989.373465864105,0.4001898185235979,0.09908859863982995,0
LRM,1.4,0,false,true,52,true,6430.816842379181,7989.358410375863,0.4001898185244714,0.09908859860829533,0
LRM,1.4,0,false,true,53,true,6430.816842568496,7989.430344030317,0.4001898185221808,0.09908859866234207,0
LRM,1.4,0,false,true,54,true,6430.816842381497,7989.414615537786,0.40018981852411317,0.09908859860957854,0
LRM,1.4,0,false,true,55,false,6430.816842333369,7989.259960727272,0.40018981852516633,0.09908859859676893,0
LRM,1.4,0,false,true,56,true,6430.816842377487,7989.43586211909,0.40018981852434193,0.09908859860816802,0
LRM,1.4,0,false,true,57,true,6430.816842356534,7989.365480944835,0.40018981852421376,0.09908859860176514,0
LRM,1.4,0,false,true,58,true,6430.816842417061,7989.414322001613,0.40018981852470425,0.0990885986194673,0
LRM,1.4,0,false,true,59,true,6430.816842364784,7989.351226638434,0.40018981852495994,0.09908859860541405,0
LRM,1.4,0,false,true,60,true,6430.816842375535,7989.198988504967,0.40018981852431607,0.09908859860725641,0
LRM,1.4,0,false,true,61,true,6430.816842347605,7989.450255425224,0.4001898185246545,0.09908859859944544,0
LRM,1.4,0,false,true,62,false,6430.816842349538,7989.347514449205,0.40018981852471813,0.09908859860047149,0
LRM,1.4,0,false,true,63,false,6430.8168423408315,7989.319728198051,0.400189818524506,0.09908859859863396,0
LRM,1.54,0,false,false,0,false,6933.886294692707,8018.012449969245,0.4001898185255015,0.09848136887416488,0
LRM,1.54,0,false,false,1,true,6933.886294692707,8018.012449969245,0.4001898185255015,0.09848136887416488,0
LRM,1.54,0,false,false,2,true,6933.886294692707,8018.012449969245,0.4001898185255015,0.09848136887416488,0
LRM,1.54,0,false,false,3,true,6933.886294692707,8018.012449969245,0.4001898185255015,0.09848136887416488,0
LRM,1.54,0,false,false,4,true,6933.886294692707,8018.012449969245,0.4001898185255015,0.09848136887416488,0
LRM,1.54,0,false,false,5,false,6933.886294692707,8018.012449969245,0.4001898185255015,0.09848136887416488,0
LRM,1.54,0,false,false,6,false,6933.886294692707,8018.012449969245,0.4001898185255015,0.09848136887416488,0
LRM,1.54,0,false,false,7,true,6933.886294692707,8018.012449969245,0.4001898185255015,0.09848136887416488,0
LRM,1.54,0,false,false,8,false,6933.886294692707,8018.012449969245,0.4001898185255015,0.09848136887416488,0
LRM,1.54,0,false,false,9,false,6933.886294692707,8018.012449969245,0.4001898185255015,0.09848136887416488,0
LRM,1.54,0,false,false,10,true,6933.886294692707,8018.012449969245,0.4001898185255015,0.09848136887416488,0
LRM,1.54,0,false,false,11,true,6933.886294692707,8018.012449969245,0.4001898185255015,0.09848136887416488,0
LRM,1.54,0,false,false,12,true,6933.886294692707,8018.012449969245,0.4001898185255015,0.09848136887416488,0
LRM,1.54,0,false,false,13,false,6933.886294692707,8018.012449969245,0.4001898185255015,0.09848136887416488,0
LRM,1.54,0,false,false,14,true,6933.886294692707,8018.012449969245,0.4001898185255015,0.09848136887416488,0
LRM,1.54,0,false,false,15,true,6933.886294692707,8018.012449969245,0.4001898185255015,0.09848136887416488,0
LRM,1.54,0,false,false,16,true,6933.886294692707,8018.012449969245,0.4001898185255015,0.09848136887416488,0
LRM,1.54,0,false,false,17,true,6933.886294692707,8018.012449969245,0.4001898185255015,0.09848136887416488,0
LRM,1.54,0,false,false,18,true,6933.886294692707,8018.012449969245,0.4001898185255015,0.09848136887416488,0
LRM,1.54,0,false,false,19,false,6933.886294692707,8018.012449969245,0.4001898185255015,0.09848136887416488,0
LRM,1.54,0,false,false,20,false,6933.886294692707,8018.012449969245,0.4001898185255015,0.09848136887416488,0
LRM,1.54,0,false,false,21,false,6933.886294692707,8018.012449969245,0.4001898185255015,0.09848136887416488,0
LRM,1.54,0,false,false,22,true,6933.886294692707,8018.012449969245,0.4001898185255015,0.09848136887416488,0
LRM,1.54,0,false,false,23,true,6933.886294692707,8018.012449969245,0.4001898185255015,0.09848136887416488,0
LRM,1.54,0,false,false,24,true,6933.886294692707,8018.012449969245,0.4001898185255015,0.09848136887416488,0
LRM,1.54,0,false,false,25,false,6933.886294692707,8018.012449969245,0.4001898185255015,0.09848136887416488,0
LRM,1.54,0,false,false,26,true,6933.886294692707,8018.012449969245,0.4001898185255015,0.09848136887416488,0
LRM,1.54,0,false,false,27,false,6933.886294692707,8018.012449969245,0.4001898185255015,0.09848136887416488,0
LRM,1.54,0,false,false,28,false,6933.886294692707,8018.012449969245,0.4001898185255015,0.09848136887416488,0
LRM,1.54,0,false,false,29,true,6933.886294692707,8018.012449969245,0.4001898185255015,0.09848136887416488,0
LRM,1.54,0,false,false,30,true,6933.886294692707,8018.012449969245,0.4001898185255015,0.09848136887416488,0
LRM,1.54,0,false,false,31,true,6933.886294692707,8018.012449969245,0.4001898185255015,0.09848136887416488,0
LRM,1.54,0,false,false,32,true,6933.886294692707,8018.012449969245,0.4001898185255015,0.09848136887416488,0
LRM,1.54,0,false,false,33,false,6933.886294692707,8018.012449969245,0.4001898185255015,0.09848136887416488,0
LRM,1.54,0,false,false,34,true,6933.886294692707,8018.012449969245,0.4001898185255015,0.09848136887416488,0
LRM,1.54,0,false,false,35,true,6933.886294692707,8018.012449969245,0.4001898185255015,0.09848136887416488,0
LRM,1.54,0,false,false,36,true,6933.886294692707,8018.012449969245,0.4001898185255015,0.09848136887416488,0
LRM,1.54,0,false,false,37,false,6933.886294692707,8018.012449969245,0.4001898185255015,0.09848136887416488,0
LRM,1.54,0,false,false,38,true,6933.886294692707,8018.012449969245,0.4001898185255015,0.09848136887416488,0
LRM,1.54,0,false,false,39,true,6933.886294692707,8018.012449969245,0.4001898185255015,0.09848136887416488,0
LRM,1.54,0,false,false,40,false,6933.886294692707,8018.012449969245,0.4001898185255015,0.09848136887416488,0
LRM,1.54,0,false,false,41,true,6933.886294692707,8018.012449969245,0.4001898185255015,0.09848136887416488,0
LRM,1.54,0,false,false,42,true,6933.886294692707,8018.012449969245,0.4001898185255015,0.09848136887416488,0
LRM,1.54,0,false,false,43,false,6933.886294692707,8018.012449969245,0.4001898185255015,0.09848136887416488,0
LRM,1.54,0,false,false,44,true,6933.886294692707,8018.012449969245,0.4001898185255015,0.09848136887416488,0
LRM,1.54,0,false,false,45,true,6933.886294692707,8018.012449969245,0.4001898185255015,0.09848136887416488,0
LRM,1.54,0,false,false,46,false,6933.886294692707,8018.012449969245,0.4001898185255015,0.09848136887416488,0
LRM,1.54,0,false,false,47,false,6933.886294692707,8018.012449969245,0.4001898185255015,0.09848136887416488,0
LRM,1.54,0,false,false,48,false,6933.886294692707,8018.012449969245,0.4001898185255015,0.09848136887416488,0
LRM,1.54,0,false,false,49,true,6933.886294692707,8018.012449969245,0.4001898185255015,0.09848136887416488,0
LRM,1.54,0,false,false,50,true,6933.886294692707,8018.012449969245,0.4001898185255015,0.09848136887416488,0
LRM,1.54,0,false,false,51,true,6933.886294692707,8018.012449969245,0.4001898185255015,0.09848136887416488,0
LRM,1.54,0,false,false,52,false,6933.886294692707,8018.012449969245,0.4001898185255015,0.09848136887416488,0
LRM,1.54,0,false,false,53,true,6933.886294692707,8018.012449969245,0.4001898185255015,0.09848136887416488,0
LRM,1.54,0,false,false,54,true,6933.886294692707,8018.012449969245,0.4001898185255015,0.09848136887416488,0
LRM,1.54,0,false,false,55,false,6933.886294692707,8018.012449969245,0.4001898185255015,0.09848136887416488,0
LRM,1.54,0,false,false,56,true,6933.886294692707,8018.012449969245,0.4001898185255015,0.09848136887416488,0
LRM,1.54,0,false,false,57,true,6933.886294692707,8018.012449969245,0.4001898185255015,0.09848136887416488,0
LRM,1.54,0,false,false,58,true,6933.886294692707,8018.012449969245,0.4001898185255015,0.09848136887416488,0
LRM,1.54,0,false,false,59,true,6933.886294692707,8018.012449969245,0.4001898185255015,0.09848136887416488,0
LRM,1.54,0,false,false,60,false,6933.886294692707,8018.012449969245,0.4001898185255015,0.09848136887416488,0
LRM,1.54,0,false,false,61,true,6933.886294692707,8018.012449969245,0.4001898185255015,0.09848136887416488,0
LRM,1.54,0,false,false,62,false,6933.886294692707,8018.012449969245,0.4001898185255015,0.09848136887416488,0
LRM,1.54,0,false,false,63,true,6933.886294692707,8018.012449969245,0.4001898185255015,0.09848136887416488,0
LRM,1.68,0,false,false,0,false,7200,11468.502500000548,0.4001898185255015,0.09926628994262825,0
LRM,1.68,0,false,false,1,false,7200,11468.502500000548,0.4001898185255015,0.09926628994262825,0
LRM,1.68,0,false,false,2,false,7200,11468.502500000548,0.4001898185255015,0.09926628994262825,0
LRM,1.68,0,false,false,3,false,7200,11468.502500000548,0.4001898185255015,0.09926628994262825,0
LRM,1.68,0,false,false,4,false,7200,11468.502500000548,0.4001898185255015,0.09926628994262825,0
LRM,1.68,0,false,false,5,false,7200,11468.502500000548,0.4001898185255015,0.09926628994262825,0
LRM,1.68,0,false,false,6,false,7200,11468.502500000548,0.4001898185255015,0.09926628994262825,0
LRM,1.68,0,false,false,7,false,7200,11468.502500000548,0.4001898185255015,0.09926628994262825,0
LRM,1.68,0,false,false,8,false,7200,11468.502500000548,0.4001898185255015,0.09926628994262825,0
LRM,1.68,0,false,false,9,false,7200,11468.502500000548,0.4001898185255015,0.09926628994262825,0
LRM,1.68,0,false,false,10,false,7200,11468.502500000548,0.4001898185255015,0.09926628994262825,0
LRM,1.68,0,false,false,11,false,7200,11468.502500000548,0.4001898185255015,0.09926628994262825,0
LRM,1.68,0,false,false,12,false,7200,11468.502500000548,0.4001898185255015,0.09926628994262825,0
LRM,1.68,0,false,false,13,false,7200,11468.502500000548,0.4001898185255015,0.09926628994262825,0
LRM,1.68,0,false,false,14,false,7200,11468.502500000548,0.4001898185255015,0.09926628994262825,0
LRM,1.68,0,false,false,15,false,7200,11468.502500000548,0.4001898185255015,0.09926628994262825,0
LRM,1.68,0,false,false,16,false,7200,11468.502500000548,0.4001898185255015,0.09926628994262825,0
LRM,1.68,0,false,false,17,false,7200,11468.502500000548,0.4001898185255015,0.09926628994262825,0
LRM,1.68,0,false,false,18,false,7200,11468.502500000548,0.4001898185255015,0.09926628994262825,0
LRM,1.68,0,false,false,19,false,7200,11468.502500000548,0.4001898185255015,0.09926628994262825,0
LRM,1.68,0,false,false,20,false,7200,11468.502500000548,0.4001898185255015,0.09926628994262825,0
LRM,1.68,0,false,false,21,false,7200,11468.502500000548,0.4001898185255015,0.09926628994262825,0
LRM,1.68,0,false,false,22,false,7200,11468.502500000548,0.4001898185255015,0.09926628994262825,0
LRM,1.68,0,false,false,23,false,7200,11468.502500000548,0.4001898185255015,0.09926628994262825,0
LRM,1.68,0,false,false,24,false,7200,11468.502500000548,0.4001898185255015,0.09926628994262825,0
LRM,1.68,0,false,false,25,false,7200,11468.502500000548,0.4001898185255015,0.09926628994262825,0
LRM,1.68,0,false,false,26,false,7200,11468.502500000548,0.4001898185255015,0.09926628994262825,0
LRM,1.68,0,false,false,27,false,7200,11468.502500000548,0.4001898185255015,0.09926628994262825,0
LRM,1.68,0,false,false,28,false,7200,11468.502500000548,0.4001898185255015,0.09926628994262825,0
LRM,1.68,0,false,false,29,false,7200,11468.502500000548,0.4001898185255015,0.09926628994262825,0
LRM,1.68,0,false,false,30,false,7200,11468.502500000548,0.4001898185255015,0.09926628994262825,0
LRM,1.68,0,false,false,31,false,7200,11468.502500000548,0.4001898185255015,0.09926628994262825,0
LRM,1.68,0,false,false,32,false,7200,11468.502500000548,0.4001898185255015,0.09926628994262825,0
LRM,1.68,0,false,false,33,false,7200,11468.502500000548,0.4001898185255015,0.09926628994262825,0
LRM,1.68,0,false,false,34,false,7200,11468.502500000548,0.4001898185255015,0.09926628994262825,0
LRM,1.68,0,false,false,35,false,7200,11468.502500000548,0.4001898185255015,0.09926628994262825,0
LRM,1.68,0,false,false,36,false,7200,11468.502500000548,0.4001898185255015,0.09926628994262825,0
LRM,1.68,0,false,false,37,false,7200,11468.502500000548,0.4001898185255015,0.09926628994262825,0
LRM,1.68,0,false,false,38,false,7200,11468.502500000548,0.4001898185255015,0.09926628994262825,0
LRM,1.68,0,false,false,39,false,7200,11468.502500000548,0.4001898185255015,0.09926628994262825,0
LRM,1.68,0,false,false,40,false,7200,11468.502500000548,0.4001898185255015,0.09926628994262825,0
LRM,1.68,0,false,false,41,false,7200,11468.502500000548,0.4001898185255015,0.09926628994262825,0
LRM,1.68,0,false,false,42,false,7200,11468.502500000548,0.4001898185255015,0.09926628994262825,0
LRM,1.68,0,false,false,43,false,7200,11468.502500000548,0.4001898185255015,0.09926628994262825,0
LRM,1.68,0,false,false,44,false,7200,11468.502500000548,0.4001898185255015,0.09926628994262825,0
LRM,1.68,0,false,false,45,false,7200,11468.502500000548,0.4001898185255015,0.09926628994262825,0
LRM,1.68,0,false,false,46,false,7200,11468.502500000548,0.4001898185255015,0.09926628994262825,0
LRM,1.68,0,false,false,47,false,7200,11468.502500000548,0.4001898185255015,0.09926628994262825,0
LRM,1.68,0,false,false,48,false,7200,11468.502500000548,0.4001898185255015,0.09926628994262825,0
LRM,1.68,0,false,false,49,false,7200,11468.502500000548,0.4001898185255015,0.09926628994262825,0
LRM,1.68,0,false,false,50,false,7200,11468.502500000548,0.4001898185255015,0.09926628994262825,0
LRM,1.68,0,false,false,51,false,7200,11468.502500000548,0.4001898185255015,0.09926628994262825,0
LRM,1.68,0,false,false,52,false,7200,11468.502500000548,0.4001898185255015,0.09926628994262825,0
LRM,1.68,0,false,false,53,false,7200,11468.502500000548,0.4001898185255015,0.09926628994262825,0
LRM,1.68,0,false,false,54,false,7200,11468.502500000548,0.4001898185255015,0.09926628994262825,0
LRM,1.68,0,false,false,55,false,7200,11468.502500000548,0.4001898185255015,0.09926628994262825,0
LRM,1.68,0,false,false,56,false,7200,11468.502500000548,0.4001898185255015,0.09926628994262825,0
LRM,1.68,0,false,false,57,false,7200,11468.502500000548,0.4001898185255015,0.09926628994262825,0
LRM,1.68,0,false,false,58,false,7200,11468.502500000548,0.4001898185255015,0.09926628994262825,0
LRM,1.68,0,false,false,59,false,7200,11468.502500000548,0.4001898185255015,0.09926628994262825,0
LRM,1.68,0,false,false,60,false,7200,11468.502500000548,0.4001898185255015,0.09926628994262825,0
LRM,1.68,0,false,false,61,false,7200,11468.502500000548,0.4001898185255015,0.09926628994262825,0
LRM,1.68,0,false,false,62,false,7200,11468.502500000548,0.4001898185255015,0.09926628994262825,0
LRM,1.68,0,false,false,63,false,7200,11468.502500000548,0.4001898185255015,0.09926628994262825,0
LRM,1.68,0,true,false,0,false,7200,7908.298355349244,0.40005316565867166,0,0
LRM,1.68,0,true,false,1,false,7200,7908.301543930385,0.4000531658031745,0,0
LRM,1.68,0,true,false,2,false,7200,7908.297137007503,0.40005316560298093,0,0
LRM,1.68,0,true,false,3,false,7200,7908.300914946308,0.40005316577492217,0,0
LRM,1.68,0,true,false,4,false,7200,7908.295796040669,0.40005316554187964,0,0
LRM,1.68,0,true,false,5,false,7200,7908.302783291069,0.4000531658590214,0,0
LRM,1.68,0,true,false,6,false,7200,7908.296261744562,0.4000531655632651,0,0
LRM,1.68,0,true,false,7,false,7200,7908.29931554436,0.4000531657023028,0,0
LRM,1.68,0,true,false,8,false,7200,7908.301568446286,0.40005316580435246,0,0
LRM,1.68,0,true,false,9,false,7200,7908.295778233627,0.4000531655407489,0,0
LRM,1.68,0,true,false,10,false,7200,7908.30393737493,0.40005316591123535,0,0
LRM,1.68,0,true,false,11,false,7200,7908.303746084181,0.4000531659025586,0,0
LRM,1.68,0,true,false,12,false,7200,7908.2967414782715,0.40005316558505855,0,0
LRM,1.68,0,true,false,13,false,7200,7908.297204987097,0.40005316560624204,0,0
LRM,1.68,0,true,false,14,false,7200,7908.303324303033,0.4000531658835189,0,0
LRM,1.68,0,true,false,15,false,7200,7908.295592260705,0.4000531655324038,0,0
LRM,1.68,0,true,false,16,false,7200,7908.300660138679,0.40005316576318173,0,0
LRM,1.68,0,true,false,17,false,7200,7908.303175216606,0.40005316587695317,0,0
LRM,1.68,0,true,false,18,false,7200,7908.300469665102,0.40005316575490796,0,0
LRM,1.68,0,true,false,19,false,7200,7908.29593943059,0.400053165548401,0,0
LRM,1.68,0,true,false,20,false,7200,7908.301697064317,0.4000531658100704,0,0
LRM,1.68,0,true,false,21,false,7200,7908.301202017657,0.40005316578779976,0,0
LRM,1.68,0,true,false,22,false,7200,7908.298889381754,0.400053165682897,0,0
LRM,1.68,0,true,false,23,false,7200,7908.29842518953,0.4000531656619701,0,0
LRM,1.68,0,true,false,24,false,7200,7908.303417184482,0.40005316588769435,0,0
LRM,1.68,0,true,false,25,false,7200,7908.295573783871,0.40005316553172077,0,0
LRM,1.68,0,true,false,26,false,7200,7908.301084090926,0.40005316578273453,0,0
LRM,1.68,0,true,false,27,false,7200,7908.301590743919,0.4000531658055097,0,0
LRM,1.68,0,true,false,28,false,7200,7908.299065317703,0.4000531656910366,0,0
LRM,1.68,0,true,false,29,false,7200,7908.302751488244,0.4000531658577075,0,0
LRM,1.68,0,true,false,30,false,7200,7908.295532845642,0.40005316552968523,0,0
LRM,1.68,0,true,false,31,false,7200,7908.300159101517,0.40005316574048516,0,0
LRM,1.68,0,true,false,32,false,7200,7908.29596833872,0.4000531655494629,0,0
LRM,1.68,0,true,false,33,false,7200,7908.304105780662,0.40005316591877976,0,0
LRM,1.68,0,true,false,34,false,7200,7908.296319983207,0.40005316556561765,0,0
LRM,1.68,0,true,false,35,false,7200,7908.303916637342,0.4000531659102733,0,0
LRM,1.68,0,true,false,36,false,7200,7908.302901884861,0.40005316586449907,0,0
LRM,1.68,0,true,false,37,false,7200,7908.296166427438,0.4000531655585919,0,0
LRM,1.68,0,true,false,38,false,7200,7908.303934534289,0.4000531659108191,0,0
LRM,1.68,0,true,false,39,false,7200,7908.30153165025,0.400053165802819,0,0
LRM,1.68,0,true,false,40,false,7200,7908.299845061928,0.4000531657265597,0,0
LRM,1.68,0,true,false,41,false,7200,7908.298374064827,0.4000531656593856,0,0
LRM,1.68,0,true,false,42,false,7200,7908.2977501644045,0.400053165631052,0,0
LRM,1.68,0,true,false,43,false,7200,7908.303686496502,0.4000531658998718,0,0
LRM,1.68,0,true,false,44,false,7200,7908.2957880336335,0.40005316554154813,0,0
LRM,1.68,0,true,false,45,false,7200,7908.295401209053,0.40005316552345516,0,0
LRM,1.68,0,true,false,46,false,7200,7908.298500129342,0.40005316566541005,0,0
LRM,1.68,0,true,false,47,false,7200,7908.302509142732,0.4000531658469455,0,0
LRM,1.68,0,true,false,48,false,7200,7908.296884964787,0.40005316559158227,0,0
LRM,1.68,0,true,false,49,false,7200,7908.303660524657,0.4000531658984892,0,0
LRM,1.68,0,true,false,50,false,7200,7908.301495800766,0.40005316580123,0,0
LRM,1.68,0,true,false,51,false,7200,7908.300027392737,0.400053165734515,0,0
LRM,1.68,0,true,false,52,false,7200,7908.295559890674,0.40005316553107045,0,0
LRM,1.68,0,true,false,53,false,7200,7908.302320544308,0.4000531658385078,0,0
LRM,1.68,0,true,false,54,false,7200,7908.30248429347,0.4000531658457742,0,0
LRM,1.68,0,true,false,55,false,7200,7908.303796060904,0.400053165904608,0,0
LRM,1.68,0,true,false,56,false,7200,7908.295906557367,0.40005316554671067,0,0
LRM,1.68,0,true,false,57,false,7200,7908.298857265833,0.40005316568142557,0,0
LRM,1.68,0,true,false,58,false,7200,7908.296625291532,0.40005316557959475,0,0
LRM,1.68,0,true,false,59,false,7200,7908.300055710533,0.4000531657358637,0,0
LRM,1.68,0,true,false,60,false,7200,7908.301325941492,0.4000531657935843,0,0
LRM,1.68,0,true,false,61,false,7200,7908.300679857086,0.4000531657642579,0,0
LRM,1.68,0,true,false,62,false,7200,7908.301948174211,0.4000531658215072,0,0
LRM,1.68,0,true,false,63,false,7200,7908.299767029397,0.40005316572304067,0,0
LRM,1.4,5000,false,false,0,false,5744.666062298612,8447.841338172553,0.4001898185255015,0.09963958226962748,0
LRM,1.4,5000,false,false,1,true,5744.666062298612,8447.841338172553,0.4001898185255015,0.09963958226962748,0
LRM,1.4,5000,false,false,2,true,5744.666062298612,8447.841338172553,0.4001898185255015,0.09963958226962748,0
LRM,1.4,5000,false,false,3,true,5744.666062298612,8447.841338172553,0.4001898185255015,0.09963958226962748,0
LRM,1.4,5000,false,false,4,true,5744.666062298612,8447.841338172553,0.4001898185255015,0.09963958226962748,0
LRM,1.4,5000,false,false,5,true,5744.666062298612,8447.841338172553,0.4001898185255015,0.09963958226962748,0
LRM,1.4,5000,false,false,6,true,5744.666062298612,8447.841338172553,0.4001898185255015,0.09963958226962748,0
LRM,1.4,5000,false,false,7,true,5744.666062298612,8447.841338172553,0.4001898185255015,0.09963958226962748,0
LRM,1.4,5000,false,false,8,true,5744.666062298612,8447.841338172553,0.4001898185255015,0.09963958226962748,0
LRM,1.4,5000,false,false,9,true,5744.666062298612,8447.841338172553,0.4001898185255015,0.09963958226962748,0
LRM,1.4,5000,false,false,10,true,5744.666062298612,8447.841338172553,0.4001898185255015,0.09963958226962748,0
LRM,1.4,5000,false,false,11,true,5744.666062298612,8447.841338172553,0.4001898185255015,0.09963958226962748,0
LRM,1.4,5000,false,false,12,true,5744.666062298612,8447.841338172553,0.4001898185255015,0.09963958226962748,0
LRM,1.4,5000,false,false,13,true,5744.666062298612,8447.841338172553,0.4001898185255015,0.09963958226962748,0
LRM,1.4,5000,false,false,14,true,5744.666062298612,8447.841338172553,0.4001898185255015,0.09963958226962748,0
LRM,1.4,5000,false,false,15,true,5744.666062298612,8447.841338172553,0.4001898185255015,0.09963958226962748,0
LRM,1.4,5000,false,false,16,true,5744.666062298612,8447.841338172553,0.4001898185255015,0.09963958226962748,0
LRM,1.4,5000,false,false,17,true,5744.666062298612,8447.841338172553,0.4001898185255015,0.09963958226962748,0
LRM,1.4,5000,false,false,18,true,5744.666062298612,8447.841338172553,0.4001898185255015,0.09963958226962748,0
LRM,1.4,5000,false,false,19,true,5744.666062298612,8447.841338172553,0.4001898185255015,0.09963958226962748,0
LRM,1.4,5000,false,false,20,true,5744.666062298612,8447.841338172553,0.4001898185255015,0.09963958226962748,0
LRM,1.4,5000,false,false,21,true,5744.666062298612,8447.841338172553,0.4001898185255015,0.09963958226962748,0
LRM,1.4,5000,false,false,22,false,5744.666062298612,8447.841338172553,0.4001898185255015,0.09963958226962748,0
LRM,1.4,5000,false,false,23,true,5744.666062298612,8447.841338172553,0.4001898185255015,0.09963958226962748,0
LRM,1.4,5000,false,false,24,true,5744.666062298612,8447.841338172553,0.4001898185255015,0.09963958226962748,0
LRM,1.4,5000,false,false,25,false,5744.666062298612,8447.841338172553,0.4001898185255015,0.09963958226962748,0
LRM,1.4,5000,false,false,26,true,5744.666062298612,8447.841338172553,0.4001898185255015,0.09963958226962748,0
LRM,1.4,5000,false,false,27,false,5744.666062298612,8447.841338172553,0.4001898185255015,0.09963958226962748,0
LRM,1.4,5000,false,false,28,false,5744.666062298612,8447.841338172553,0.4001898185255015,0.09963958226962748,0
LRM,1.4,5000,false,false,29,false,5744.666062298612,8447.841338172553,0.4001898185255015,0.09963958226962748,0
LRM,1.4,5000,false,false,30,false,5744.666062298612,8447.841338172553,0.4001898185255015,0.09963958226962748,0
LRM,1.4,5000,false,false,31,true,5744.666062298612,8447.841338172553,0.4001898185255015,0.09963958226962748,0
LRM,1.4,5000,false,false,32,false,5744.666062298612,8447.841338172553,0.4001898185255015,0.09963958226962748,0
LRM,1.4,5000,false,false,33,true,5744.666062298612,8447.841338172553,0.4001898185255015,0.09963958226962748,0
LRM,1.4,5000,false,false,34,true,5744.666062298612,8447.841338172553,0.4001898185255015,0.09963958226962748,0
LRM,1.4,5000,false,false,35,false,5744.666062298612,8447.841338172553,0.4001898185255015,0.09963958226962748,0
LRM,1.4,5000,false,false,36,true,5744.666062298612,8447.841338172553,0.4001898185255015,0.09963958226962748,0
LRM,1.4,5000,false,false,37,true,5744.666062298612,8447.841338172553,0.4001898185255015,0.09963958226962748,0
LRM,1.4,5000,false,false,38,true,5744.666062298612,8447.841338172553,0.4001898185255015,0.09963958226962748,0
LRM,1.4,5000,false,false,39,false,5744.666062298612,8447.841338172553,0.4001898185255015,0.09963958226962748,0
LRM,1.4,5000,false,false,40,true,5744.666062298612,8447.841338172553,0.4001898185255015,0.09963958226962748,0
LRM,1.4,5000,false,false,41,true,5744.666062298612,8447.841338172553,0.4001898185255015,0.09963958226962748,0
LRM,1.4,5000,false,false,42,true,5744.666062298612,8447.841338172553,0.4001898185255015,0.09963958226962748,0
LRM,1.4,5000,false,false,43,false,5744.666062298612,8447.841338172553,0.4001898185255015,0.09963958226962748,0
LRM,1.4,5000,false,false,44,true,5744.666062298612,8447.841338172553,0.4001898185255015,0.09963958226962748,0
LRM,1.4,5000,false,false,45,true,5744.666062298612,8447.841338172553,0.4001898185255015,0.09963958226962748,0
LRM,1.4,5000,false,false,46,true,5744.666062298612,8447.841338172553,0.4001898185255015,0.09963958226962748,0
LRM,1.4,5000,false,false,47,false,5744.666062298612,8447.841338172553,0.4001898185255015,0.09963958226962748,0
LRM,1.4,5000,false,false,48,false,5744.666062298612,8447.841338172553,0.4001898185255015,0.09963958226962748,0
LRM,1.4,5000,false,false,49,true,5744.666062298612,8447.841338172553,0.4001898185255015,0.09963958226962748,0
LRM,1.4,5000,false,false,50,true,5744.666062298612,8447.841338172553,0.4001898185255015,0.09963958226962748,0
LRM,1.4,5000,false,false,51,true,5744.666062298612,8447.841338172553,0.4001898185255015,0.09963958226962748,0
LRM,1.4,5000,false,false,52,false,5744.666062298612,8447.841338172553,0.4001898185255015,0.09963958226962748,0
LRM,1.4,5000,false,false,53,true,5744.666062298612,8447.841338172553,0.4001898185255015,0.09963958226962748,0
LRM,1.4,5000,false,false,54,true,5744.666062298612,8447.841338172553,0.4001898185255015,0.09963958226962748,0
LRM,1.4,5000,false,false,55,false,5744.666062298612,8447.841338172553,0.4001898185255015,0.09963958226962748,0
LRM,1.4,5000,false,false,56,true,5744.666062298612,8447.841338172553,0.4001898185255015,0.09963958226962748,0
LRM,1.4,5000,false,false,57,true,5744.666062298612,8447.841338172553,0.4001898185255015,0.09963958226962748,0
LRM,1.4,5000,false,false,58,true,5744.666062298612,8447.841338172553,0.4001898185255015,0.09963958226962748,0
LRM,1.4,5000,false,false,59,true,5744.666062298612,8447.841338172553,0.4001898185255015,0.09963958226962748,0
LRM,1.4,5000,false,false,60,false,5744.666062298612,8447.841338172553,0.4001898185255015,0.09963958226962748,0
LRM,1.4,5000,false,false,61,false,5744.666062298612,8447.841338172553,0.4001898185255015,0.09963958226962748,0
LRM,1.4,5000,false,false,62,true,5744.666062298612,8447.841338172553,0.4001898185255015,0.09963958226962748,0
LRM,1.4,5000,false,false,63,true,5744.666062298612,8447.841338172553,0.4001898185255015,0.09963958226962748,0
LRM,1.4,-5000,false,false,0,false,7200,8894.256875000527,0.4001898185255015,0.0994453966772109,0
LRM,1.4,-5000,false,false,1,false,7200,8894.256875000527,0.4001898185255015,0.0994453966772109,0
LRM,1.4,-5000,false,false,2,false,7200,8894.256875000527,0.4001898185255015,0.0994453966772109,0
LRM,1.4,-5000,false,false,3,false,7200,8894.256875000527,0.4001898185255015,0.0994453966772109,0
LRM,1.4,-5000,false,false,4,false,7200,8894.256875000527,0.4001898185255015,0.0994453966772109,0
LRM,1.4,-5000,false,false,5,false,7200,8894.256875000527,0.4001898185255015,0.0994453966772109,0
LRM,1.4,-5000,false,false,6,false,7200,8894.256875000527,0.4001898185255015,0.0994453966772109,0
LRM,1.4,-5000,false,false,7,false,7200,8894.256875000527,0.4001898185255015,0.0994453966772109,0
LRM,1.4,-5000,false,false,8,false,7200,8894.256875000527,0.4001898185255015,0.0994453966772109,0
LRM,1.4,-5000,false,false,9,false,7200,8894.256875000527,0.4001898185255015,0.0994453966772109,0
LRM,1.4,-5000,false,false,10,false,7200,8894.256875000527,0.4001898185255015,0.0994453966772109,0
LRM,1.4,-5000,false,false,11,false,7200,8894.256875000527,0.4001898185255015,0.0994453966772109,0
LRM,1.4,-5000,false,false,12,false,7200,8894.256875000527,0.4001898185255015,0.0994453966772109,0
LRM,1.4,-5000,false,false,13,false,7200,8894.256875000527,0.4001898185255015,0.0994453966772109,0
LRM,1.4,-5000,false,false,14,false,7200,8894.256875000527,0.4001898185255015,0.0994453966772109,0
LRM,1.4,-5000,false,false,15,false,7200,8894.256875000527,0.4001898185255015,0.0994453966772109,0
LRM,1.4,-5000,false,false,16,false,7200,8894.256875000527,0.4001898185255015,0.0994453966772109,0
LRM,1.4,-5000,false,false,17,false,7200,8894.256875000527,0.4001898185255015,0.0994453966772109,0
LRM,1.4,-5000,false,false,18,false,7200,8894.256875000527,0.4001898185255015,0.0994453966772109,0
LRM,1.4,-5000,false,false,19,false,7200,8894.256875000527,0.4001898185255015,0.0994453966772109,0
LRM,1.4,-5000,false,false,20,false,7200,8894.256875000527,0.4001898185255015,0.0994453966772109,0
LRM,1.4,-5000,false,false,21,false,7200,8894.256875000527,0.4001898185255015,0.0994453966772109,0
LRM,1.4,-5000,false,false,22,false,7200,8894.256875000527,0.4001898185255015,0.0994453966772109,0
LRM,1.4,-5000,false,false,23,false,7200,8894.256875000527,0.4001898185255015,0.0994453966772109,0
LRM,1.4,-5000,false,false,24,false,7200,8894.256875000527,0.4001898185255015,0.0994453966772109,0
LRM,1.4,-5000,false,false,25,false,7200,8894.256875000527,0.4001898185255015,0.0994453966772109,0
LRM,1.4,-5000,false,false,26,false,7200,8894.256875000527,0.4001898185255015,0.0994453966772109,0
LRM,1.4,-5000,false,false,27,false,7200,8894.256875000527,0.4001898185255015,0.0994453966772109,0
LRM,1.4,-5000,false,false,28,false,7200,8894.256875000527,0.4001898185255015,0.0994453966772109,0
LRM,1.4,-5000,false,false,29,false,7200,8894.256875000527,0.4001898185255015,0.0994453966772109,0
LRM,1.4,-5000,false,false,30,false,7200,8894.256875000527,0.4001898185255015,0.0994453966772109,0
LRM,1.4,-5000,false,false,31,false,7200,8894.256875000527,0.4001898185255015,0.0994453966772109,0
LRM,1.4,-5000,false,false,32,false,7200,8894.256875000527,0.4001898185255015,0.0994453966772109,0
LRM,1.4,-5000,false,false,33,false,7200,8894.256875000527,0.4001898185255015,0.0994453966772109,0
LRM,1.4,-5000,false,false,34,false,7200,8894.256875000527,0.4001898185255015,0.0994453966772109,0
LRM,1.4,-5000,false,false,35,false,7200,8894.256875000527,0.4001898185255015,0.0994453966772109,0
LRM,1.4,-5000,false,false,36,false,7200,8894.256875000527,0.4001898185255015,0.0994453966772109,0
LRM,1.4,-5000,false,false,37,false,7200,8894.256875000527,0.4001898185255015,0.0994453966772109,0
LRM,1.4,-5000,false,false,38,false,7200,8894.256875000527,0.4001898185255015,0.0994453966772109,0
LRM,1.4,-5000,false,false,39,false,7200,8894.256875000527,0.4001898185255015,0.0994453966772109,0
LRM,1.4,-5000,false,false,40,false,7200,8894.256875000527,0.4001898185255015,0.0994453966772109,0
LRM,1.4,-5000,false,false,41,false,7200,8894.256875000527,0.4001898185255015,0.0994453966772109,0
LRM,1.4,-5000,false,false,42,false,7200,8894.256875000527,0.4001898185255015,0.0994453966772109,0
LRM,1.4,-5000,false,false,43,false,7200,8894.256875000527,0.4001898185255015,0.0994453966772109,0
LRM,1.4,-5000,false,false,44,false,7200,8894.256875000527,0.4001898185255015,0.0994453966772109,0
LRM,1.4,-5000,false,false,45,false,7200,8894.256875000527,0.4001898185255015,0.0994453966772109,0
LRM,1.4,-5000,false,false,46,false,7200,8894.256875000527,0.4001898185255015,0.0994453966772109,0
LRM,1.4,-5000,false,false,47,false,7200,8894.256875000527,0.4001898185255015,0.0994453966772109,0
LRM,1.4,-5000,false,false,48,false,7200,8894.256875000527,0.4001898185255015,0.0994453966772109,0
LRM,1.4,-5000,false,false,49,false,7200,8894.256875000527,0.4001898185255015,0.0994453966772109,0
LRM,1.4,-5000,false,false,50,false,7200,8894.256875000527,0.4001898185255015,0.0994453966772109,0
LRM,1.4,-5000,false,false,51,false,7200,8894.256875000527,0.4001898185255015,0.0994453966772109,0
LRM,1.4,-5000,false,false,52,false,7200,8894.256875000527,0.4001898185255015,0.0994453966772109,0
LRM,1.4,-5000,false,false,53,false,7200,8894.256875000527,0.4001898185255015,0.0994453966772109,0
LRM,1.4,-5000,false,false,54,false,7200,8894.256875000527,0.4001898185255015,0.0994453966772109,0
LRM,1.4,-5000,false,false,55,false,7200,8894.256875000527,0.4001898185255015,0.0994453966772109,0
LRM,1.4,-5000,false,false,56,false,7200,8894.256875000527,0.4001898185255015,0.0994453966772109,0
LRM,1.4,-5000,false,false,57,false,7200,8894.256875000527,0.4001898185255015,0.0994453966772109,0
LRM,1.4,-5000,false,false,58,false,7200,8894.256875000527,0.4001898185255015,0.0994453966772109,0
LRM,1.4,-5000,false,false,59,false,7200,8894.256875000527,0.4001898185255015,0.0994453966772109,0
LRM,1.4,-5000,false,false,60,false,7200,8894.256875000527,0.4001898185255015,0.0994453966772109,0
LRM,1.4,-5000,false,false,61,false,7200,8894.256875000527,0.4001898185255015,0.0994453966772109,0
LRM,1.4,-5000,false,false,62,false,7200,8894.256875000527,0.4001898185255015,0.0994453966772109,0
LRM,1.4,-5000,false,false,63,false,7200,8894.256875000527,0.4001898185255015,0.0994453966772109,0
