payload,range_au,closure_kms,evade,active,seed,hit,time,fuel,boost_au,terminal_au,reversals
SRM,0.17500000000000002,0,false,false,0,false,1320,1196.3583005318587,0,0.039691270816716556,0
SRM,0.17500000000000002,0,false,false,1,false,1320,1196.358298779337,0,0.03969127083840586,0
SRM,0.17500000000000002,0,false,false,2,false,1320,1196.3582941616107,0,0.039691270895555304,0
SRM,0.17500000000000002,0,false,false,3,false,1320,1196.3583012315285,0,0.03969127080805733,0
SRM,0.17500000000000002,0,false,false,4,false,1320,1196.3582826777704,0,0.03969127103768032,0
SRM,0.17500000000000002,0,false,false,5,false,1320,1196.35829090662,0,0.039691270935839316,0
SRM,0.17500000000000002,0,false,false,6,false,1320,1196.3582872077397,0,0.03969127098161711,0
SRM,0.17500000000000002,0,false,false,7,false,1320,1196.3583028070982,0,0.03969127078855806,0
SRM,0.17500000000000002,0,false,false,8,false,1320,1196.3582986603337,0,0.03969127083987871,0
SRM,0.17500000000000002,0,false,false,9,false,1320,1196.358282468602,0,0.03969127104026913,0
SRM,0.17500000000000002,0,false,false,10,false,1320,1196.3582799451624,0,0.039691271071499404,0
SRM,0.17500000000000002,0,false,false,11,false,1320,1196.358282004517,0,0.03969127104601277,0
SRM,0.17500000000000002,0,false,false,12,false,1320,1196.3582912665927,0,0.03969127093138436,0
SRM,0.17500000000000002,0,false,false,13,false,1320,1196.358294627208,0,0.03969127088979303,0
SRM,0.17500000000000002,0,false,false,14,false,1320,1196.3582862031435,0,0.03969127099405,0
SRM,0.17500000000000002,0,false,false,15,false,1320,1196.3582805071655,0,0.039691271064543926,0
SRM,0.17500000000000002,0,false,false,16,false,1320,1196.3583019342423,0,0.03969127079936057,0
SRM,0.17500000000000002,0,false,false,17,false,1320,1196.3582875711968,0,0.03969127097711904,0
SRM,0.17500000000000002,0,false,false,18,false,1320,1196.3583023428391,0,0.03969127079430352,0
SRM,0.17500000000000002,0,false,false,19,false,1320,1196.3582841279956,0,0.039691271019732216,0
SRM,0.17500000000000002,0,false,false,20,false,1320,1196.3582980245608,0,0.03969127084774714,0
SRM,0.17500000000000002,0,false,false,21,false,1320,1196.3583002408266,0,0.03969127082031839,0
SRM,0.17500000000000002,0,false,false,22,false,1320,1196.358302094759,0,0.03969127079737399,0
SRM,0.17500000000000002,0,false,false,23,false,1320,1196.3583007813038,0,0.03969127081362928,0
SRM,0.17500000000000002,0,false,false,24,false,1320,1196.3582853172095,0,0.0396912710050146,0
SRM,0.17500000000000002,0,false,false,25,false,1320,1196.35828031941,0,0.03969127106686758,0
SRM,0.17500000000000002,0,false,false,26,false,1320,1196.3583006709096,0,0.039691270814995634,0
SRM,0.17500000000000002,0,false,false,27,false,1320,1196.3582985503879,0,0.039691270841239454,0
SRM,0.17500000000000002,0,false,false,28,false,1320,1196.3583024478814,0,0.03969127079300372,0
SRM,0.17500000000000002,0,false,false,29,false,1320,1196.3582911550284,0,0.03969127093276514,0
SRM,0.17500000000000002,0,false,false,30,false,1320,1196.3582798578936,0,0.03969127107257949,0
SRM,0.17500000000000002,0,false,false,31,false,1320,1196.3583028130452,0,0.03969127078848422,0
SRM,0.17500000000000002,0,false,false,32,false,1320,1196.3582843957959,0,0.039691271016418,0
SRM,0.17500000000000002,0,false,false,33,false,1320,1196.3582780557833,0,0.03969127109488255,0
SRM,0.17500000000000002,0,false,false,34,false,1320,1196.3582877122346,0,0.0396912709753734,0
SRM,0.17500000000000002,0,false,false,35,false,1320,1196.3582801743053,0,0.03969127106866341,0
SRM,0.17500000000000002,0,false,false,36,false,1320,1196.3582899368623,0,0.03969127094784126,0
SRM,0.17500000000000002,0,false,false,37,false,1320,1196.3582863062327,0,0.039691270992774245,0
SRM,0.17500000000000002,0,false,false,38,false,1320,1196.3582799832316,0,0.03969127107102822,0
SRM,0.17500000000000002,0,false,false,39,false,1320,1196.3582988334267,0,0.03969127083773645,0
SRM,0.17500000000000002,0,false,false,40,false,1320,1196.3583030282068,0,0.039691270785821346,0
SRM,0.17500000000000002,0,false,false,41,false,1320,1196.3583005969997,0,0.03969127081591042,0
SRM,0.17500000000000002,0,false,false,42,false,1320,1196.3582978554343,0,0.039691270849840136,0
SRM,0.17500000000000002,0,false,false,43,false,1320,1196.3582826245972,0,0.03969127103833843,0
SRM,0.17500000000000002,0,false,false,44,false,1320,1196.3582825975257,0,0.039691271038673585,0
SRM,0.17500000000000002,0,false,false,45,false,1320,1196.358278368429,0,0.039691271091013336,0
SRM,0.17500000000000002,0,false,false,46,false,1320,1196.3583010327957,0,0.039691270810516835,0
SRM,0.17500000000000002,0,false,false,47,false,1320,1196.3582929888858,0,0.03969127091006897,0
SRM,0.17500000000000002,0,false,false,48,false,1320,1196.3582923656218,0,0.03969127091778281,0
SRM,0.17500000000000002,0,false,false,49,false,1320,1196.3582828973806,0,0.03969127103496253,0
SRM,0.17500000000000002,0,false,false,50,false,1320,1196.3582989992883,0,0.03969127083568364,0
SRM,0.17500000000000002,0,false,false,51,false,1320,1196.3583029349513,0,0.03969127078697563,0
SRM,0.17500000000000002,0,false,false,52,false,1320,1196.3582801677296,0,0.039691271068744774,0
SRM,0.17500000000000002,0,false,false,53,false,1320,1196.3582943086487,0,0.03969127089373553,0
SRM,0.17500000000000002,0,false,false,54,false,1320,1196.3582931689155,0,0.03969127090784096,0
SRM,0.17500000000000002,0,false,false,55,false,1320,1196.3582814806157,0,0.03969127105249656,0
SRM,0.17500000000000002,0,false,false,56,false,1320,1196.3582837863182,0,0.0396912710239609,0
SRM,0.17500000000000002,0,false,false,57,false,1320,1196.3583020218923,0,0.03969127079827573,0
SRM,0.17500000000000002,0,false,false,58,false,1320,1196.3582903281476,0,0.03969127094299868,0
SRM,0.17500000000000002,0,false,false,59,false,1320,1196.3583029123479,0,0.03969127078725533,0
SRM,0.17500000000000002,0,false,false,60,false,1320,1196.358299743382,0,0.03969127082647492,0
SRM,0.17500000000000002,0,false,false,61,false,1320,1196.3583018837046,0,0.0396912707999859,0
SRM,0.17500000000000002,0,false,false,62,false,1320,1196.358296650326,0,0.039691270864754685,0
SRM,0.17500000000000002,0,false,false,63,false,1320,1196.3583030420407,0,0.03969127078565038,0
SRM,0.17500000000000002,0,false,false,64,false,1320,1196.358284131026,0,0.03969127101969485,0
SRM,0.17500000000000002,0,false,false,65,false,1320,1196.3582952822462,0,0.039691270881686246,0
SRM,0.17500000000000002,0,false,false,66,false,1320,1196.358302423706,0,0.039691270793302945,0
SRM,0.17500000000000002,0,false,false,67,false,1320,1196.3582998787806,0,0.03969127082479914,0
SRM,0.17500000000000002,0,false,false,68,false,1320,1196.3583028640307,0,0.03969127078785342,0
SRM,0.17500000000000002,0,false,false,69,false,1320,1196.3582878931206,0,0.03969127097313478,0
SRM,0.17500000000000002,0,false,false,70,false,1320,1196.3583001064383,0,0.03969127082198159,0
SRM,0.17500000000000002,0,false,false,71,false,1320,1196.358302725803,0,0.03969127078956404,0
SRM,0.17500000000000002,0,false,false,72,false,1320,1196.3582833908922,0,0.03969127102885469,0
SRM,0.17500000000000002,0,false,false,73,false,1320,1196.3583024339277,0,0.039691270793176275,0
SRM,0.17500000000000002,0,false,false,74,false,1320,1196.3582975673785,0,0.03969127085340522,0
SRM,0.17500000000000002,0,false,false,75,false,1320,1196.3582953163552,0,0.03969127088126409,0
SRM,0.17500000000000002,0,false,false,76,false,1320,1196.3582800000952,0,0.039691271070819635,0
SRM,0.17500000000000002,0,false,false,77,false,1320,1196.3583029974761,0,0.0396912707862017,0
SRM,0.17500000000000002,0,false,false,78,false,1320,1196.3582982158616,0,0.039691270845379586,0
SRM,0.17500000000000002,0,false,false,79,false,1320,1196.3582944046939,0,0.0396912708925469,0
SRM,0.17500000000000002,0,false,false,80,false,1320,1196.3582894756603,0,0.039691270953549004,0
SRM,0.17500000000000002,0,false,false,81,false,1320,1196.3582944998698,0,0.0396912708913689,0
SRM,0.17500000000000002,0,false,false,82,false,1320,1196.3582902897779,0,0.039691270943473425,0
SRM,0.17500000000000002,0,false,false,83,false,1320,1196.3582842477613,0,0.03969127101825012,0
SRM,0.17500000000000002,0,false,false,84,false,1320,1196.358294870846,0,0.03969127088677777,0
SRM,0.17500000000000002,0,false,false,85,false,1320,1196.3582957960598,0,0.039691270875327304,0
SRM,0.17500000000000002,0,false,false,86,false,1320,1196.3583019796088,0,0.03969127079879899,0
SRM,0.17500000000000002,0,false,false,87,false,1320,1196.358298714216,0,0.039691270839211985,0
SRM,0.17500000000000002,0,false,false,88,false,1320,1196.3582834887839,0,0.039691271027643284,0
SRM,0.17500000000000002,0,false,false,89,false,1320,1196.3582934819556,0,0.03969127090396666,0
SRM,0.17500000000000002,0,false,false,90,false,1320,1196.3582997921337,0,0.03969127082587135,0
SRM,0.17500000000000002,0,false,false,91,false,1320,1196.3582845144908,0,0.039691271014948966,0
SRM,0.17500000000000002,0,false,false,92,false,1320,1196.3582997956923,0,0.0396912708258274,0
SRM,0.17500000000000002,0,false,false,93,false,1320,1196.3582964133236,0,0.03969127086768785,0
SRM,0.17500000000000002,0,false,false,94,false,1320,1196.358289046293,0,0.03969127095886304,0
SRM,0.17500000000000002,0,false,false,95,false,1320,1196.3583011513367,0,0.03969127080904987,0
SRM,0.17500000000000002,0,false,false,96,false,1320,1196.3583019144212,0,0.039691270799605695,0
SRM,0.17500000000000002,0,false,false,97,false,1320,1196.358284572019,0,0.03969127101423704,0
SRM,0.17500000000000002,0,false,false,98,false,1320,1196.358297907544,0,0.039691270849195395,0
SRM,0.17500000000000002,0,false,false,99,false,1320,1196.3582956910375,0,0.03969127087662706,0
SRM,0.17500000000000002,0,false,false,100,false,1320,1196.3582838076707,0,0.03969127102369664,0
SRM,0.17500000000000002,0,false,false,101,false,1320,1196.358295757088,0,0.03969127087580956,0
SRM,0.17500000000000002,0,false,false,102,false,1320,1196.3582999421083,0,0.039691270824015315,0
SRM,0.17500000000000002,0,false,false,103,false,1320,1196.3582909076704,0,0.039691270935826375,0
SRM,0.17500000000000002,0,false,false,104,false,1320,1196.358290891141,0,0.03969127093603095,0
SRM,0.17500000000000002,0,false,false,105,false,1320,1196.3582926011925,0,0.039691270914867245,0
SRM,0.17500000000000002,0,false,false,106,false,1320,1196.3582794148997,0,0.03969127107806199,0
SRM,0.17500000000000002,0,false,false,107,false,1320,1196.3582830825683,0,0.03969127103267059,0
SRM,0.17500000000000002,0,false,false,108,false,1320,1196.3583022652429,0,0.039691270795263904,0
SRM,0.17500000000000002,0,false,false,109,false,1320,1196.3582927820923,0,0.03969127091262843,0
SRM,0.17500000000000002,0,false,false,110,false,1320,1196.3582978210447,0,0.03969127085026578,0
SRM,0.17500000000000002,0,false,false,111,false,1320,1196.358289991574,0,0.03969127094716419,0
SRM,0.17500000000000002,0,false,false,112,false,1320,1196.3582983151446,0,0.039691270844150695,0
SRM,0.17500000000000002,0,false,false,113,false,1320,1196.3583021044453,0,0.039691270797254,0
SRM,0.17500000000000002,0,false,false,114,false,1320,1196.3582962932503,0,0.0396912708691739,0
SRM,0.17500000000000002,0,false,false,115,false,1320,1196.3582985629241,0,0.03969127084108417,0
SRM,0.17500000000000002,0,false,false,116,false,1320,1196.358302129925,0,0.03969127079693875,0
SRM,0.17500000000000002,0,false,false,117,false,1320,1196.3583019741104,0,0.039691270798866994,0
SRM,0.17500000000000002,0,false,false,118,false,1320,1196.358287988256,0,0.039691270971957404,0
SRM,0.17500000000000002,0,false,false,119,false,1320,1196.358295928595,0,0.03969127087368688,0
SRM,0.17500000000000002,0,false,false,120,false,1320,1196.3582970663153,0,0.03969127085960635,0
SRM,0.17500000000000002,0,false,false,121,false,1320,1196.3583025688713,0,0.03969127079150624,0
SRM,0.17500000000000002,0,false,false,122,false,1320,1196.3582846654624,0,0.03969127101308059,0
SRM,0.17500000000000002,0,false,false,123,false,1320,1196.3583011445141,0,0.039691270809134184,0
SRM,0.17500000000000002,0,false,false,124,false,1320,1196.3582979841235,0,0.0396912708482475,0
SRM,0.17500000000000002,0,false,false,125,false,1320,1196.3582797399074,0,0.039691271074039684,0
SRM,0.17500000000000002,0,false,false,126,false,1320,1196.358281209337,0,0.039691271055853995,0
SRM,0.17500000000000002,0,false,false,127,false,1320,1196.3582850975192,0,0.03969127100773335,0
SRM,0.17500000000000002,0,true,false,0,false,1320,1184.568725346239,0,0.039596844207125836,0
SRM,0.17500000000000002,0,true,false,1,false,1320,1184.5679868597824,0,0.03959685630799918,0
SRM,0.17500000000000002,0,true,false,2,false,1320,1184.5690028627835,0,0.03959683966900332,0
SRM,0.17500000000000002,0,true,false,3,false,1320,1184.5681338901468,0,0.039596853896014805,0
SRM,0.17500000000000002,0,true,false,4,false,1320,1184.5693049516756,0,0.03959683473544191,0
SRM,0.17500000000000002,0,true,false,5,false,1320,1184.5676949168123,0,0.03959686110138311,0
SRM,0.17500000000000002,0,true,false,6,false,1320,1184.5692002792161,0,0.039596836444268785,0
SRM,0.17500000000000002,0,true,false,7,false,1320,1184.5685048529426,0,0.03959684781639103,0
SRM,0.17500000000000002,0,true,false,8,false,1320,1184.567981053477,0,0.039596856403309115,0
SRM,0.17500000000000002,0,true,false,9,false,1320,1184.5693092349286,0,0.03959683466528486,0
SRM,0.17500000000000002,0,true,false,10,false,1320,1184.56742080118,0,0.03959686560694624,0
SRM,0.17500000000000002,0,true,false,11,false,1320,1184.5674663791974,0,0.03959686485747063,0
SRM,0.17500000000000002,0,true,false,12,false,1320,1184.569092252215,0,0.03959683820852454,0
SRM,0.17500000000000002,0,true,false,13,false,1320,1184.568987304717,0,0.039596839923378715,0
SRM,0.17500000000000002,0,true,false,14,false,1320,1184.5675667002129,0,0.03959686320828622,0
SRM,0.17500000000000002,0,true,false,15,false,1320,1184.5693507425606,0,0.039596833988041605,0
SRM,0.17500000000000002,0,true,false,16,false,1320,1184.56819334313,0,0.03959685292095831,0
SRM,0.17500000000000002,0,true,false,17,false,1320,1184.5676021407637,0,0.03959686262588933,0
SRM,0.17500000000000002,0,true,false,18,false,1320,1184.56823761784,0,0.039596852195247445,0
SRM,0.17500000000000002,0,true,false,19,false,1320,1184.5692728300453,0,0.03959683525970902,0
SRM,0.17500000000000002,0,true,false,20,false,1320,1184.5679509133515,0,0.03959685689790482,0
SRM,0.17500000000000002,0,true,false,21,false,1320,1184.5680668618609,0,0.03959685499540753,0
SRM,0.17500000000000002,0,true,false,22,false,1320,1184.5686029296835,0,0.03959684621053136,0
SRM,0.17500000000000002,0,true,false,23,false,1320,1184.5687092983278,0,0.03959684446978251,0
SRM,0.17500000000000002,0,true,false,24,false,1320,1184.5675445694,0,0.039596863572032785,0
SRM,0.17500000000000002,0,true,false,25,false,1320,1184.5693547313772,0,0.03959683392308591,0
SRM,0.17500000000000002,0,true,false,26,false,1320,1184.5680944373808,0,0.039596854543199,0
SRM,0.17500000000000002,0,true,false,27,false,1320,1184.5679758581416,0,0.03959685648864239,0
SRM,0.17500000000000002,0,true,false,28,false,1320,1184.5685624177236,0,0.03959684687385257,0
SRM,0.17500000000000002,0,true,false,29,false,1320,1184.5677024347672,0,0.03959686097792828,0
SRM,0.17500000000000002,0,true,false,30,false,1320,1184.5693640257418,0,0.03959683377129478,0
SRM,0.17500000000000002,0,true,false,31,false,1320,1184.5683097666076,0,0.03959685101241604,0
SRM,0.17500000000000002,0,true,false,32,false,1320,1184.5692665610934,0,0.03959683536183639,0
SRM,0.17500000000000002,0,true,false,33,false,1320,1184.567380597424,0,0.03959686626811813,0
SRM,0.17500000000000002,0,true,false,34,false,1320,1184.5691874671236,0,0.039596836653249486,0
SRM,0.17500000000000002,0,true,false,35,false,1320,1184.5674257535525,0,0.03959686552549778,0
SRM,0.17500000000000002,0,true,false,36,false,1320,1184.5676668206488,0,0.03959686156302501,0
SRM,0.17500000000000002,0,true,false,37,false,1320,1184.5692219967355,0,0.03959683608942896,0
SRM,0.17500000000000002,0,true,false,38,false,1320,1184.5674213240438,0,0.03959686559823945,0
SRM,0.17500000000000002,0,true,false,39,false,1320,1184.5679897390469,0,0.03959685626084731,0
SRM,0.17500000000000002,0,true,false,40,false,1320,1184.5683824799344,0,0.039596849821050835,0
SRM,0.17500000000000002,0,true,false,41,false,1320,1184.568721084017,0,0.03959684427676729,0
SRM,0.17500000000000002,0,true,false,42,false,1320,1184.5688634938394,0,0.0395968419474061,0
SRM,0.17500000000000002,0,true,false,43,false,1320,1184.567480534272,0,0.03959686462473604,0
SRM,0.17500000000000002,0,true,false,44,false,1320,1184.569306720914,0,0.039596834706594655,0
SRM,0.17500000000000002,0,true,false,45,false,1320,1184.5693936308155,0,0.039596833288095726,0
SRM,0.17500000000000002,0,true,false,46,false,1320,1184.568692100368,0,0.03959684475121427,0
SRM,0.17500000000000002,0,true,false,47,false,1320,1184.5677597940323,0,0.039596860035831107,0
SRM,0.17500000000000002,0,true,false,48,false,1320,1184.5690598177925,0,0.03959683873839502,0
SRM,0.17500000000000002,0,true,false,49,false,1320,1184.5674866098414,0,0.03959686452476518,0
SRM,0.17500000000000002,0,true,false,50,false,1320,1184.5679981229353,0,0.039596856123285784,0
SRM,0.17500000000000002,0,true,false,51,false,1320,1184.568340305143,0,0.039596850511941874,0
SRM,0.17500000000000002,0,true,false,52,false,1320,1184.5693578206665,0,0.03959683387265793,0
SRM,0.17500000000000002,0,true,false,53,false,1320,1184.5678042454547,0,0.03959685930584704,0
SRM,0.17500000000000002,0,true,false,54,false,1320,1184.567765620131,0,0.039596859940119765,0
SRM,0.17500000000000002,0,true,false,55,false,1320,1184.5674543572345,0,0.03959686505506125,0
SRM,0.17500000000000002,0,true,false,56,false,1320,1184.5692803525294,0,0.039596835136768954,0
SRM,0.17500000000000002,0,true,false,57,false,1320,1184.568610283061,0,0.03959684609014797,0
SRM,0.17500000000000002,0,true,false,58,false,1320,1184.5691185885714,0,0.03959683777818987,0
SRM,0.17500000000000002,0,true,false,59,false,1320,1184.5683337457208,0,0.03959685061947283,0
SRM,0.17500000000000002,0,true,false,60,false,1320,1184.5680379222013,0,0.039596855470280495,0
SRM,0.17500000000000002,0,true,false,61,false,1320,1184.5681886776015,0,0.03959685299755053,0
SRM,0.17500000000000002,0,true,false,62,false,1320,1184.5678918657816,0,0.03959685786715441,0
SRM,0.17500000000000002,0,true,false,63,false,1320,1184.5684005312105,0,0.039596849525313164,0
SRM,0.17500000000000002,0,true,false,64,false,1320,1184.567515799822,0,0.03959686404495313,0
SRM,0.17500000000000002,0,true,false,65,false,1320,1184.5678388853937,0,0.03959685873692989,0
SRM,0.17500000000000002,0,true,false,66,false,1320,1184.5685656774237,0,0.03959684682058157,0
SRM,0.17500000000000002,0,true,false,67,false,1320,1184.5680453636105,0,0.0395968553480591,0
SRM,0.17500000000000002,0,true,false,68,false,1320,1184.568321510128,0,0.03959685082014257,0
SRM,0.17500000000000002,0,true,false,69,false,1320,1184.569182940453,0,0.039596836727200074,0
SRM,0.17500000000000002,0,true,false,70,false,1320,1184.568058664077,0,0.03959685512984287,0
SRM,0.17500000000000002,0,true,false,71,false,1320,1184.5685204010813,0,0.039596847561741866,0
SRM,0.17500000000000002,0,true,false,72,false,1320,1184.5692893629457,0,0.03959683498991522,0
SRM,0.17500000000000002,0,true,false,73,false,1320,1184.5685640630827,0,0.039596846846802425,0
SRM,0.17500000000000002,0,true,false,74,false,1320,1184.5688761104361,0,0.039596841741270386,0
SRM,0.17500000000000002,0,true,false,75,false,1320,1184.568963276371,0,0.03959684031612598,0
SRM,0.17500000000000002,0,true,false,76,false,1320,1184.5674220226163,0,0.03959686558687138,0
SRM,0.17500000000000002,0,true,false,77,false,1320,1184.5683638278765,0,0.03959685012660266,0
SRM,0.17500000000000002,0,true,false,78,false,1320,1184.567959873083,0,0.03959685675092055,0
SRM,0.17500000000000002,0,true,false,79,false,1320,1184.5689948189465,0,0.039596839800540684,0
SRM,0.17500000000000002,0,true,false,80,false,1320,1184.5676540238953,0,0.03959686177338799,0
SRM,0.17500000000000002,0,true,false,81,false,1320,1184.5689916525896,0,0.03959683985233302,0
SRM,0.17500000000000002,0,true,false,82,false,1320,1184.5676770415048,0,0.03959686139513269,0
SRM,0.17500000000000002,0,true,false,83,false,1320,1184.56751868177,0,0.03959686399761147,0
SRM,0.17500000000000002,0,true,false,84,false,1320,1184.567824160784,0,0.039596858978828364,0
SRM,0.17500000000000002,0,true,false,85,false,1320,1184.568945962037,0,0.03959684059920917,0
SRM,0.17500000000000002,0,true,false,86,false,1320,1184.568614399563,0,0.03959684602273689,0
SRM,0.17500000000000002,0,true,false,87,false,1320,1184.5688242186081,0,0.03959684258966379,0
SRM,0.17500000000000002,0,true,false,88,false,1320,1184.5692871083306,0,0.039596835026627905,0
SRM,0.17500000000000002,0,true,false,89,false,1320,1184.5690252219692,0,0.0395968393037911,0
SRM,0.17500000000000002,0,true,false,90,false,1320,1184.568040459227,0,0.03959685542854225,0
SRM,0.17500000000000002,0,true,false,91,false,1320,1184.569264053882,0,0.03959683540295778,0
SRM,0.17500000000000002,0,true,false,92,false,1320,1184.568040609315,0,0.039596855426052714,0
SRM,0.17500000000000002,0,true,false,93,false,1320,1184.567882588936,0,0.03959685801957014,0
SRM,0.17500000000000002,0,true,false,94,false,1320,1184.5676418119356,0,0.03959686197393961,0
SRM,0.17500000000000002,0,true,false,95,false,1320,1184.5686835579968,0,0.039596844890966786,0
SRM,0.17500000000000002,0,true,false,96,false,1320,1184.5681915054859,0,0.039596852951127526,0
SRM,0.17500000000000002,0,true,false,97,false,1320,1184.5675264423737,0,0.039596863870023064,0
SRM,0.17500000000000002,0,true,false,98,false,1320,1184.5679457325455,0,0.0395968569830053,0
SRM,0.17500000000000002,0,true,false,99,false,1320,1184.5678544661293,0,0.039596858481249934,0
SRM,0.17500000000000002,0,true,false,100,false,1320,1184.567508312143,0,0.039596864168122047,0
SRM,0.17500000000000002,0,true,false,101,false,1320,1184.5689471696808,0,0.03959684057927693,0
SRM,0.17500000000000002,0,true,false,102,false,1320,1184.568049325636,0,0.0395968552832179,0
SRM,0.17500000000000002,0,true,false,103,false,1320,1184.567695041093,0,0.039596861099381264,0
SRM,0.17500000000000002,0,true,false,104,false,1320,1184.5676947356314,0,0.039596861104478236,0
SRM,0.17500000000000002,0,true,false,105,false,1320,1184.569052537676,0,0.03959683885724169,0
SRM,0.17500000000000002,0,true,false,106,false,1320,1184.5693728916688,0,0.039596833626542496,0
SRM,0.17500000000000002,0,true,false,107,false,1320,1184.5692958587595,0,0.039596834883592245,0
SRM,0.17500000000000002,0,true,false,108,false,1320,1184.5685844374536,0,0.03959684651322845,0
SRM,0.17500000000000002,0,true,false,109,false,1320,1184.5677530432226,0,0.03959686014668148,0
SRM,0.17500000000000002,0,true,false,110,false,1320,1184.5688651281212,0,0.0395968419207921,0
SRM,0.17500000000000002,0,true,false,111,false,1320,1184.567668622217,0,0.03959686153352563,0
SRM,0.17500000000000002,0,true,false,112,false,1320,1184.568842956149,0,0.039596842283270615,0
SRM,0.17500000000000002,0,true,false,113,false,1320,1184.5682104691455,0,0.03959685264015756,0
SRM,0.17500000000000002,0,true,false,114,false,1320,1184.5678776000998,0,0.03959685810136448,0
SRM,0.17500000000000002,0,true,false,115,false,1320,1184.568831438802,0,0.03959684247161233,0
SRM,0.17500000000000002,0,true,false,116,false,1320,1184.568599425288,0,0.039596846268009786,0
SRM,0.17500000000000002,0,true,false,117,false,1320,1184.5681974402457,0,0.03959685285389784,0
SRM,0.17500000000000002,0,true,false,118,false,1320,1184.5676129244255,0,0.03959686244856586,0
SRM,0.17500000000000002,0,true,false,119,false,1320,1184.567863589375,0,0.03959685833148621,0
SRM,0.17500000000000002,0,true,false,120,false,1320,1184.5679093032732,0,0.0395968575810403,0
SRM,0.17500000000000002,0,true,false,121,false,1320,1184.5685457369495,0,0.039596847146952684,0
SRM,0.17500000000000002,0,true,false,122,false,1320,1184.5675286328053,0,0.03959686383398929,0
SRM,0.17500000000000002,0,true,false,123,false,1320,1184.5686838495376,0,0.03959684488604473,0
SRM,0.17500000000000002,0,true,false,124,false,1320,1184.5688580520625,0,0.03959684203656714,0
SRM,0.17500000000000002,0,true,false,125,false,1320,1184.569366297288,0,0.039596833734104164,0
SRM,0.17500000000000002,0,true,false,126,false,1320,1184.567448501268,0,0.039596865151425034,0
SRM,0.17500000000000002,0,true,false,127,false,1320,1184.5692506761945,0,0.03959683562136553,0
SRM,0.18200000000000002,0,false,false,0,false,1320,1167.4655916611885,0,0.039717897254387236,0
SRM,0.18200000000000002,0,false,false,1,false,1320,1167.4655913607241,0,0.039717897277266705,0
SRM,0.18200000000000002,0,false,false,2,false,1320,1167.4655905688155,0,0.039717897337567504,0
SRM,0.18200000000000002,0,false,false,3,false,1320,1167.465591781175,0,0.039717897245250953,0
SRM,0.18200000000000002,0,false,false,4,false,1320,1167.4655885983086,0,0.039717897487614354,0
SRM,0.18200000000000002,0,false,false,5,false,1320,1167.4655900107655,0,0.0397178973800609,0
SRM,0.18200000000000002,0,false,false,6,false,1320,1167.4655893752931,0,0.03971789742845017,0
SRM,0.18200000000000002,0,false,false,7,false,1320,1167.4655920514106,0,0.03971789722467313,0
SRM,0.18200000000000002,0,false,false,8,false,1320,1167.4655913402617,0,0.03971789727882482,0
SRM,0.18200000000000002,0,false,false,9,false,1320,1167.4655885637117,0,0.039717897490249024,0
SRM,0.18200000000000002,0,false,false,10,false,1320,1167.4655881295878,0,0.03971789752330612,0
SRM,0.18200000000000002,0,false,false,11,false,1320,1167.4655884832189,0,0.03971789749637826,0
SRM,0.18200000000000002,0,false,false,12,false,1320,1167.4655900719733,0,0.03971789737540034,0
SRM,0.18200000000000002,0,false,false,13,false,1320,1167.4655906484118,0,0.03971789733150644,0
SRM,0.18200000000000002,0,false,false,14,false,1320,1167.4655892036926,0,0.03971789744151663,0
SRM,0.18200000000000002,0,false,false,15,false,1320,1167.465588226516,0,0.03971789751592516,0
SRM,0.18200000000000002,0,false,false,16,false,1320,1167.4655919017432,0,0.03971789723607016,0
SRM,0.18200000000000002,0,false,false,17,false,1320,1167.4655894379123,0,0.03971789742368194,0
SRM,0.18200000000000002,0,false,false,18,false,1320,1167.465591971754,0,0.03971789723073876,0
SRM,0.18200000000000002,0,false,false,19,false,1320,1167.4655888472855,0,0.039717897468655707,0
SRM,0.18200000000000002,0,false,false,20,false,1320,1167.4655912313124,0,0.03971789728712088,0
SRM,0.18200000000000002,0,false,false,21,false,1320,1167.465591611306,0,0.03971789725818583,0
SRM,0.18200000000000002,0,false,false,22,false,1320,1167.4655919292495,0,0.03971789723397528,0
SRM,0.18200000000000002,0,false,false,23,false,1320,1167.4655917039265,0,0.039717897251133165,0
SRM,0.18200000000000002,0,false,false,24,false,1320,1167.4655890517843,0,0.039717897453084114,0
SRM,0.18200000000000002,0,false,false,25,false,1320,1167.4655881935646,0,0.03971789751843429,0
SRM,0.18200000000000002,0,false,false,26,false,1320,1167.4655916849422,0,0.03971789725257865,0
SRM,0.18200000000000002,0,false,false,27,false,1320,1167.465591321271,0,0.03971789728027108,0
SRM,0.18200000000000002,0,false,false,28,false,1320,1167.4655919898014,0,0.039717897229364786,0
SRM,0.18200000000000002,0,false,false,29,false,1320,1167.4655900531025,0,0.03971789737683735,0
SRM,0.18200000000000002,0,false,false,30,false,1320,1167.4655881151257,0,0.03971789752440694,0
SRM,0.18200000000000002,0,false,false,31,false,1320,1167.465592052447,0,0.039717897224594456,0
SRM,0.18200000000000002,0,false,false,32,false,1320,1167.4655888942038,0,0.03971789746508342,0
SRM,0.18200000000000002,0,false,false,33,false,1320,1167.4655878055169,0,0.03971789754798263,0
SRM,0.18200000000000002,0,false,false,34,false,1320,1167.465589462763,0,0.03971789742178937,0
SRM,0.18200000000000002,0,false,false,35,false,1320,1167.4655881690212,0,0.039717897520303413,0
SRM,0.18200000000000002,0,false,false,36,false,1320,1167.4655898441413,0,0.03971789739274882,0
SRM,0.18200000000000002,0,false,false,37,false,1320,1167.4655892216326,0,0.039717897440150654,0
SRM,0.18200000000000002,0,false,false,38,false,1320,1167.4655881374342,0,0.03971789752270823,0
SRM,0.18200000000000002,0,false,false,39,false,1320,1167.465591369835,0,0.0397178972765729,0
SRM,0.18200000000000002,0,false,false,40,false,1320,1167.4655920893385,0,0.03971789722178507,0
SRM,0.18200000000000002,0,false,false,41,false,1320,1167.4655916724332,0,0.039717897253531254,0
SRM,0.18200000000000002,0,false,false,42,false,1320,1167.4655912021938,0,0.0397178972893381,0
SRM,0.18200000000000002,0,false,false,43,false,1320,1167.465588589653,0,0.039717897488273625,0
SRM,0.18200000000000002,0,false,false,44,false,1320,1167.4655885843945,0,0.03971789748867396,0
SRM,0.18200000000000002,0,false,false,45,false,1320,1167.4655878605965,0,0.039717897543788336,0
SRM,0.18200000000000002,0,false,false,46,false,1320,1167.4655917470525,0,0.039717897247849264,0
SRM,0.18200000000000002,0,false,false,47,false,1320,1167.4655903672929,0,0.03971789735291287,0
SRM,0.18200000000000002,0,false,false,48,false,1320,1167.4655902605716,0,0.03971789736103927,0
SRM,0.18200000000000002,0,false,false,49,false,1320,1167.4655886373073,0,0.039717897484644805,0
SRM,0.18200000000000002,0,false,false,50,false,1320,1167.465591398258,0,0.039717897274408366,0
SRM,0.18200000000000002,0,false,false,51,false,1320,1167.465592073351,0,0.03971789722300265,0
SRM,0.18200000000000002,0,false,false,52,false,1320,1167.465588167643,0,0.03971789752040811,0
SRM,0.18200000000000002,0,false,false,53,false,1320,1167.4655905935792,0,0.039717897335681915,0
SRM,0.18200000000000002,0,false,false,54,false,1320,1167.4655903982848,0,0.03971789735055312,0
SRM,0.18200000000000002,0,false,false,55,false,1320,1167.4655883942037,0,0.03971789750315652,0
SRM,0.18200000000000002,0,false,false,56,false,1320,1167.4655887893955,0,0.03971789747306413,0
SRM,0.18200000000000002,0,false,false,57,false,1320,1167.465591916761,0,0.03971789723492634,0
SRM,0.18200000000000002,0,false,false,58,false,1320,1167.465589911389,0,0.03971789738762814,0
SRM,0.18200000000000002,0,false,false,59,false,1320,1167.4655920694781,0,0.03971789722329764,0
SRM,0.18200000000000002,0,false,false,60,false,1320,1167.4655915258704,0,0.039717897264691486,0
SRM,0.18200000000000002,0,false,false,61,false,1320,1167.4655918930405,0,0.039717897236732705,0
SRM,0.18200000000000002,0,false,false,62,false,1320,1167.4655909955407,0,0.039717897305074086,0
SRM,0.18200000000000002,0,false,false,63,false,1320,1167.4655920917064,0,0.03971789722160506,0
SRM,0.18200000000000002,0,false,false,64,false,1320,1167.4655888482616,0,0.0397178974685815,0
SRM,0.18200000000000002,0,false,false,65,false,1320,1167.4655907610133,0,0.03971789732293273,0
SRM,0.18200000000000002,0,false,false,66,false,1320,1167.4655919856339,0,0.03971789722968213,0
SRM,0.18200000000000002,0,false,false,67,false,1320,1167.4655915492626,0,0.03971789726291031,0
SRM,0.18200000000000002,0,false,false,68,false,1320,1167.4655920611767,0,0.039717897223929675,0
SRM,0.18200000000000002,0,false,false,69,false,1320,1167.4655894936607,0,0.03971789741943644,0
SRM,0.18200000000000002,0,false,false,70,false,1320,1167.4655915883154,0,0.039717897259936345,0
SRM,0.18200000000000002,0,false,false,71,false,1320,1167.4655920374828,0,0.039717897225733975,0
SRM,0.18200000000000002,0,false,false,72,false,1320,1167.4655887204756,0,0.03971789747831175,0
SRM,0.18200000000000002,0,false,false,73,false,1320,1167.4655919874267,0,0.03971789722954543,0
SRM,0.18200000000000002,0,false,false,74,false,1320,1167.465591152519,0,0.039717897293120884,0
SRM,0.18200000000000002,0,false,false,75,false,1320,1167.4655907665924,0,0.03971789732250758,0
SRM,0.18200000000000002,0,false,false,76,false,1320,1167.465588138873,0,0.039717897522598876,0
SRM,0.18200000000000002,0,false,false,77,false,1320,1167.4655920840746,0,0.039717897222186195,0
SRM,0.18200000000000002,0,false,false,78,false,1320,1167.4655912639903,0,0.039717897284632424,0
SRM,0.18200000000000002,0,false,false,79,false,1320,1167.4655906103162,0,0.039717897334407386,0
SRM,0.18200000000000002,0,false,false,80,false,1320,1167.4655897643374,0,0.03971789739882588,0
SRM,0.18200000000000002,0,false,false,81,false,1320,1167.4655906265375,0,0.03971789733317208,0
SRM,0.18200000000000002,0,false,false,82,false,1320,1167.4655899044922,0,0.03971789738815342,0
SRM,0.18200000000000002,0,false,false,83,false,1320,1167.465588867962,0,0.03971789746708116,0
SRM,0.18200000000000002,0,false,false,84,false,1320,1167.4655906900125,0,0.039717897328338844,0
SRM,0.18200000000000002,0,false,false,85,false,1320,1167.4655908487434,0,0.03971789731625194,0
SRM,0.18200000000000002,0,false,false,86,false,1320,1167.465591909523,0,0.039717897235477466,0
SRM,0.18200000000000002,0,false,false,87,false,1320,1167.4655913495194,0,0.03971789727811962,0
SRM,0.18200000000000002,0,false,false,88,false,1320,1167.4655887377005,0,0.039717897477000316,0
SRM,0.18200000000000002,0,false,false,89,false,1320,1167.4655904517858,0,0.03971789734647915,0
SRM,0.18200000000000002,0,false,false,90,false,1320,1167.4655915343856,0,0.03971789726404311,0
SRM,0.18200000000000002,0,false,false,91,false,1320,1167.4655889136566,0,0.03971789746360206,0
SRM,0.18200000000000002,0,false,false,92,false,1320,1167.4655915350281,0,0.039717897263994134,0
SRM,0.18200000000000002,0,false,false,93,false,1320,1167.4655909545418,0,0.03971789730819613,0
SRM,0.18200000000000002,0,false,false,94,false,1320,1167.4655896913305,0,0.039717897404384715,0
SRM,0.18200000000000002,0,false,false,95,false,1320,1167.4655917674088,0,0.03971789724629903,0
SRM,0.18200000000000002,0,false,false,96,false,1320,1167.4655918983385,0,0.03971789723632951,0
SRM,0.18200000000000002,0,false,false,97,false,1320,1167.4655889237376,0,0.03971789746283431,0
SRM,0.18200000000000002,0,false,false,98,false,1320,1167.4655912110907,0,0.039717897288660646,0
SRM,0.18200000000000002,0,false,false,99,false,1320,1167.4655908306893,0,0.039717897317626816,0
SRM,0.18200000000000002,0,false,false,100,false,1320,1167.4655887920312,0,0.03971789747286303,0
SRM,0.18200000000000002,0,false,false,101,false,1320,1167.4655908424554,0,0.039717897316730914,0
SRM,0.18200000000000002,0,false,false,102,false,1320,1167.4655915599321,0,0.03971789726209761,0
SRM,0.18200000000000002,0,false,false,103,false,1320,1167.4655900107252,0,0.039717897380064114,0
SRM,0.18200000000000002,0,false,false,104,false,1320,1167.4655900074551,0,0.03971789738031349,0
SRM,0.18200000000000002,0,false,false,105,false,1320,1167.4655903012692,0,0.039717897357940075,0
SRM,0.18200000000000002,0,false,false,106,false,1320,1167.4655880396563,0,0.03971789753015401,0
SRM,0.18200000000000002,0,false,false,107,false,1320,1167.4655886690682,0,0.03971789748222647,0
SRM,0.18200000000000002,0,false,false,108,false,1320,1167.4655919585025,0,0.03971789723174786,0
SRM,0.18200000000000002,0,false,false,109,false,1320,1167.4655903319333,0,0.03971789735560526,0
SRM,0.18200000000000002,0,false,false,110,false,1320,1167.4655911961268,0,0.039717897289799936,0
SRM,0.18200000000000002,0,false,false,111,false,1320,1167.4655898529113,0,0.039717897392081,0
SRM,0.18200000000000002,0,false,false,112,false,1320,1167.4655912810208,0,0.03971789728333563,0
SRM,0.18200000000000002,0,false,false,113,false,1320,1167.4655919309355,0,0.03971789723384689,0
SRM,0.18200000000000002,0,false,false,114,false,1320,1167.46559093424,0,0.03971789730974168,0
SRM,0.18200000000000002,0,false,false,115,false,1320,1167.465591323538,0,0.03971789728009798,0
SRM,0.18200000000000002,0,false,false,116,false,1320,1167.4655919352567,0,0.0397178972335179,0
SRM,0.18200000000000002,0,false,false,117,false,1320,1167.4655919085394,0,0.039717897235552524,0
SRM,0.18200000000000002,0,false,false,118,false,1320,1167.4655895102637,0,0.03971789741817217,0
SRM,0.18200000000000002,0,false,false,119,false,1320,1167.4655908713803,0,0.03971789731452819,0
SRM,0.18200000000000002,0,false,false,120,false,1320,1167.4655910665679,0,0.03971789729966554,0
SRM,0.18200000000000002,0,false,false,121,false,1320,1167.4655920105515,0,0.03971789722778482,0
SRM,0.18200000000000002,0,false,false,122,false,1320,1167.4655889400192,0,0.039717897461594535,0
SRM,0.18200000000000002,0,false,false,123,false,1320,1167.4655917663247,0,0.039717897246381466,0
SRM,0.18200000000000002,0,false,false,124,false,1320,1167.465591224008,0,0.03971789728767707,0
SRM,0.18200000000000002,0,false,false,125,false,1320,1167.465588095613,0,0.03971789752589301,0
SRM,0.18200000000000002,0,false,false,126,false,1320,1167.4655883468101,0,0.03971789750676507,0
SRM,0.18200000000000002,0,false,false,127,false,1320,1167.465589013575,0,0.039717897455993544,0
SRM,0.18200000000000002,0,true,false,0,false,1320,1312.7657499998309,0,0.0397128189686225,0
SRM,0.18200000000000002,0,true,false,1,false,1320,1312.7657499998309,0,0.03971282716255968,0
SRM,0.18200000000000002,0,true,false,2,false,1320,1312.7657499998306,0,0.03971281592718549,0
SRM,0.18200000000000002,0,true,false,3,false,1320,1312.7657499998306,0,0.03971282552132772,0
SRM,0.18200000000000002,0,true,false,4,false,1320,1312.7657499998309,0,0.039712812642984326,0
SRM,0.18200000000000002,0,true,false,5,false,1320,1312.7657499998313,0,0.03971283044117812,0
SRM,0.18200000000000002,0,true,false,6,false,1320,1312.7657499998309,0,0.03971281377846895,0
SRM,0.18200000000000002,0,true,false,7,false,1320,1312.7657499998306,0,0.03971282139967346,0
SRM,0.18200000000000002,0,true,false,8,false,1320,1312.7657499998306,0,0.03971282722831931,0
SRM,0.18200000000000002,0,true,false,9,false,1320,1312.7657499998306,0,0.03971281259597381,0
SRM,0.18200000000000002,0,true,false,10,false,1320,1312.7657499998309,0,0.03971283354588897,0
SRM,0.18200000000000002,0,true,false,11,false,1320,1312.7657499998313,0,0.03971283302768032,0
SRM,0.18200000000000002,0,true,false,12,false,1320,1312.7657499998306,0,0.03971281495303784,0
SRM,0.18200000000000002,0,true,false,13,false,1320,1312.7657499998306,0,0.039712816097743,0
SRM,0.18200000000000002,0,true,false,14,false,1320,1312.7657499998313,0,0.03971283189090366,0
SRM,0.18200000000000002,0,true,false,15,false,1320,1312.7657499998309,0,0.03971281214710543,0
SRM,0.18200000000000002,0,true,false,16,false,1320,1312.765749999831,0,0.039712824856167186,0
SRM,0.18200000000000002,0,true,false,17,false,1320,1312.7657499998309,0,0.0397128314927115,0
SRM,0.18200000000000002,0,true,false,18,false,1320,1312.7657499998306,0,0.03971282436699213,0
SRM,0.18200000000000002,0,true,false,19,false,1320,1312.7657499998309,0,0.039712812990941565,0
SRM,0.18200000000000002,0,true,false,20,false,1320,1312.7657499998313,0,0.0397128275648189,0
SRM,0.18200000000000002,0,true,false,21,false,1320,1312.7657499998309,0,0.0397128262685623,0
SRM,0.18200000000000002,0,true,false,22,false,1320,1312.7657499998309,0,0.039712820316247226,0
SRM,0.18200000000000002,0,true,false,23,false,1320,1312.7657499998309,0,0.03971281914593329,0
SRM,0.18200000000000002,0,true,false,24,false,1320,1312.7657499998306,0,0.03971283214094294,0
SRM,0.18200000000000002,0,true,false,25,false,1320,1312.7657499998309,0,0.03971281210422976,0
SRM,0.18200000000000002,0,true,false,26,false,1320,1312.7657499998309,0,0.03971282596380419,0
SRM,0.18200000000000002,0,true,false,27,false,1320,1312.7657499998315,0,0.03971282728853682,0
SRM,0.18200000000000002,0,true,false,28,false,1320,1312.7657499998315,0,0.03971282076444299,0
SRM,0.18200000000000002,0,true,false,29,false,1320,1312.7657499998306,0,0.039712830358201605,0
SRM,0.18200000000000002,0,true,false,30,false,1320,1312.7657499998306,0,0.039712812003458116,0
SRM,0.18200000000000002,0,true,false,31,false,1320,1312.7657499998306,0,0.03971282356088209,0
SRM,0.18200000000000002,0,true,false,32,false,1320,1312.7657499998313,0,0.03971281305829306,0
SRM,0.18200000000000002,0,true,false,33,false,1320,1312.7657499998309,0,0.039712834001858634,0
SRM,0.18200000000000002,0,true,false,34,false,1320,1312.765749999831,0,0.03971281391676452,0
SRM,0.18200000000000002,0,true,false,35,false,1320,1312.7657499998309,0,0.03971283348922286,0
SRM,0.18200000000000002,0,true,false,36,false,1320,1312.7657499998309,0,0.03971283075996471,0
SRM,0.18200000000000002,0,true,false,37,false,1320,1312.7657499998306,0,0.03971281354181797,0
SRM,0.18200000000000002,0,true,false,38,false,1320,1312.7657499998306,0,0.039712833534693945,0
SRM,0.18200000000000002,0,true,false,39,false,1320,1312.7657499998306,0,0.03971282713288456,0
SRM,0.18200000000000002,0,true,false,40,false,1320,1312.7657499998309,0,0.039712822756885605,0
SRM,0.18200000000000002,0,true,false,41,false,1320,1312.7657499998309,0,0.039712819014489135,0
SRM,0.18200000000000002,0,true,false,42,false,1320,1312.7657499998309,0,0.03971281745191258,0
SRM,0.18200000000000002,0,true,false,43,false,1320,1312.7657499998309,0,0.03971283286703571,0
SRM,0.18200000000000002,0,true,false,44,false,1320,1312.7657499998309,0,0.03971281262389481,0
SRM,0.18200000000000002,0,true,false,45,false,1320,1312.765749999831,0,0.03971281168322197,0
SRM,0.18200000000000002,0,true,false,46,false,1320,1312.7657499998309,0,0.03971281933534622,0
SRM,0.18200000000000002,0,true,false,47,false,1320,1312.7657499998309,0,0.039712829714667774,0
SRM,0.18200000000000002,0,true,false,48,false,1320,1312.7657499998306,0,0.03971281530631541,0
SRM,0.18200000000000002,0,true,false,49,false,1320,1312.7657499998309,0,0.03971283279441413,0
SRM,0.18200000000000002,0,true,false,50,false,1320,1312.7657499998309,0,0.039712827039372525,0
SRM,0.18200000000000002,0,true,false,51,false,1320,1312.7657499998306,0,0.03971282322176478,0
SRM,0.18200000000000002,0,true,false,52,false,1320,1312.7657499998309,0,0.03971281207078011,0
SRM,0.18200000000000002,0,true,false,53,false,1320,1312.7657499998315,0,0.039712829215339675,0
SRM,0.18200000000000002,0,true,false,54,false,1320,1312.7657499998306,0,0.03971282964825816,0
SRM,0.18200000000000002,0,true,false,55,false,1320,1312.7657499998315,0,0.03971283316036918,0
SRM,0.18200000000000002,0,true,false,56,false,1320,1312.7657499998309,0,0.039712812908989384,0
SRM,0.18200000000000002,0,true,false,57,false,1320,1312.7657499998306,0,0.039712820235020437,0
SRM,0.18200000000000002,0,true,false,58,false,1320,1312.7657499998309,0,0.039712814665724586,0
SRM,0.18200000000000002,0,true,false,59,false,1320,1312.7657499998309,0,0.039712823295266333,0
SRM,0.18200000000000002,0,true,false,60,false,1320,1312.7657499998309,0,0.03971282659448106,0
SRM,0.18200000000000002,0,true,false,61,false,1320,1312.7657499998309,0,0.039712824910093446,0
SRM,0.18200000000000002,0,true,false,62,false,1320,1312.7657499998306,0,0.03971282822812206,0
SRM,0.18200000000000002,0,true,false,63,false,1320,1312.765749999831,0,0.03971282255691216,0
SRM,0.18200000000000002,0,true,false,64,false,1320,1312.765749999831,0,0.03971283246676213,0
SRM,0.18200000000000002,0,true,false,65,false,1320,1312.7657499998306,0,0.03971282882206586,0
SRM,0.18200000000000002,0,true,false,66,false,1320,1312.7657499998309,0,0.03971282072974377,0
SRM,0.18200000000000002,0,true,false,67,false,1320,1312.7657499998309,0,0.039712826507897675,0
SRM,0.18200000000000002,0,true,false,68,false,1320,1312.765749999831,0,0.039712823433876374,0
SRM,0.18200000000000002,0,true,false,69,false,1320,1312.7657499998306,0,0.03971281396606266,0
SRM,0.18200000000000002,0,true,false,70,false,1320,1312.765749999831,0,0.03971282635894278,0
SRM,0.18200000000000002,0,true,false,71,false,1320,1312.7657499998306,0,0.039712821227328464,0
SRM,0.18200000000000002,0,true,false,72,false,1320,1312.7657499998306,0,0.03971281281196124,0
SRM,0.18200000000000002,0,true,false,73,false,1320,1312.7657499998306,0,0.039712820744812666,0
SRM,0.18200000000000002,0,true,false,74,false,1320,1312.7657499998306,0,0.03971281731504924,0
SRM,0.18200000000000002,0,true,false,75,false,1320,1312.7657499998309,0,0.03971281636036402,0
SRM,0.18200000000000002,0,true,false,76,false,1320,1312.7657499998306,0,0.03971283353255365,0
SRM,0.18200000000000002,0,true,false,77,false,1320,1312.7657499998309,0,0.03971282296272747,0
SRM,0.18200000000000002,0,true,false,78,false,1320,1312.7657499998306,0,0.03971282746613256,0
SRM,0.18200000000000002,0,true,false,79,false,1320,1312.7657499998309,0,0.039712816015493445,0
SRM,0.18200000000000002,0,true,false,80,false,1320,1312.7657499998309,0,0.03971283090855545,0
SRM,0.18200000000000002,0,true,false,81,false,1320,1312.765749999831,0,0.039712816050347766,0
SRM,0.18200000000000002,0,true,false,82,false,1320,1312.7657499998309,0,0.039712830645816224,0
SRM,0.18200000000000002,0,true,false,83,false,1320,1312.7657499998309,0,0.03971283243562898,0
SRM,0.18200000000000002,0,true,false,84,false,1320,1312.7657499998306,0,0.03971282899153194,0
SRM,0.18200000000000002,0,true,false,85,false,1320,1312.7657499998313,0,0.039712816550079084,0
SRM,0.18200000000000002,0,true,false,86,false,1320,1312.7657499998306,0,0.039712820189304616,0
SRM,0.18200000000000002,0,true,false,87,false,1320,1312.7657499998306,0,0.039712817882148053,0
SRM,0.18200000000000002,0,true,false,88,false,1320,1312.765749999831,0,0.0397128128361514,0
SRM,0.18200000000000002,0,true,false,89,false,1320,1312.7657499998306,0,0.03971281568423295,0
SRM,0.18200000000000002,0,true,false,90,false,1320,1312.7657499998306,0,0.03971282656323767,0
SRM,0.18200000000000002,0,true,false,91,false,1320,1312.7657499998309,0,0.03971281308604907,0
SRM,0.18200000000000002,0,true,false,92,false,1320,1312.7657499998306,0,0.039712826560876394,0
SRM,0.18200000000000002,0,true,false,93,false,1320,1312.7657499998306,0,0.03971282833598936,0
SRM,0.18200000000000002,0,true,false,94,false,1320,1312.7657499998306,0,0.03971283104251088,0
SRM,0.18200000000000002,0,true,false,95,false,1320,1312.7657499998309,0,0.03971281942897278,0
SRM,0.18200000000000002,0,true,false,96,false,1320,1312.765749999831,0,0.0397128248774361,0
SRM,0.18200000000000002,0,true,false,97,false,1320,1312.7657499998309,0,0.03971283234708936,0
SRM,0.18200000000000002,0,true,false,98,false,1320,1312.7657499998306,0,0.039712827624862224,0
SRM,0.18200000000000002,0,true,false,99,false,1320,1312.765749999831,0,0.039712828651207684,0
SRM,0.18200000000000002,0,true,false,100,false,1320,1312.7657499998309,0,0.03971283255499401,0
SRM,0.18200000000000002,0,true,false,101,false,1320,1312.7657499998309,0,0.03971281653553763,0
SRM,0.18200000000000002,0,true,false,102,false,1320,1312.7657499998315,0,0.039712826467589855,0
SRM,0.18200000000000002,0,true,false,103,false,1320,1312.7657499998309,0,0.03971283044122921,0
SRM,0.18200000000000002,0,true,false,104,false,1320,1312.7657499998309,0,0.03971283044754481,0
SRM,0.18200000000000002,0,true,false,105,false,1320,1312.7657499998309,0,0.03971281538511344,0
SRM,0.18200000000000002,0,true,false,106,false,1320,1312.765749999831,0,0.039712811907445085,0
SRM,0.18200000000000002,0,true,false,107,false,1320,1312.7657499998306,0,0.03971281274079499,0
SRM,0.18200000000000002,0,true,false,108,false,1320,1312.7657499998306,0,0.03971282051985122,0
SRM,0.18200000000000002,0,true,false,109,false,1320,1312.7657499998306,0,0.03971282978977184,0
SRM,0.18200000000000002,0,true,false,110,false,1320,1312.7657499998309,0,0.03971281743490554,0
SRM,0.18200000000000002,0,true,false,111,false,1320,1312.7657499998313,0,0.03971283074338356,0
SRM,0.18200000000000002,0,true,false,112,false,1320,1312.765749999831,0,0.03971281767709666,0
SRM,0.18200000000000002,0,true,false,113,false,1320,1312.7657499998309,0,0.03971282466545537,0
SRM,0.18200000000000002,0,true,false,114,false,1320,1312.7657499998309,0,0.03971282838884306,0
SRM,0.18200000000000002,0,true,false,115,false,1320,1312.7657499998309,0,0.03971281780325334,0
SRM,0.18200000000000002,0,true,false,116,false,1320,1312.7657499998306,0,0.03971282035629111,0
SRM,0.18200000000000002,0,true,false,117,false,1320,1312.7657499998306,0,0.03971282481301818,0
SRM,0.18200000000000002,0,true,false,118,false,1320,1312.7657499998309,0,0.03971283136642547,0
SRM,0.18200000000000002,0,true,false,119,false,1320,1312.7657499998309,0,0.03971282854935392,0
SRM,0.18200000000000002,0,true,false,120,false,1320,1312.7657499998309,0,0.039712828036194615,0
SRM,0.18200000000000002,0,true,false,121,false,1320,1312.765749999831,0,0.03971282094843223,0
SRM,0.18200000000000002,0,true,false,122,false,1320,1312.7657499998306,0,0.03971283232111614,0
SRM,0.18200000000000002,0,true,false,123,false,1320,1312.7657499998306,0,0.03971281942409547,0
SRM,0.18200000000000002,0,true,false,124,false,1320,1312.765749999831,0,0.039712817512981904,0
SRM,0.18200000000000002,0,true,false,125,false,1320,1312.7657499998309,0,0.03971281197866168,0
SRM,0.18200000000000002,0,true,false,126,false,1320,1312.7657499998309,0,0.03971283323031141,0
SRM,0.18200000000000002,0,true,false,127,false,1320,1312.7657499998313,0,0.03971281323118876,0
SRM,0.21000000000000002,0,false,false,0,false,1320,1312.7657499998306,0,0,0
SRM,0.21000000000000002,0,false,false,1,false,1320,1312.765749999831,0,0,0
SRM,0.21000000000000002,0,false,false,2,false,1320,1312.7657499998309,0,0,0
SRM,0.21000000000000002,0,false,false,3,false,1320,1312.7657499998309,0,0,0
SRM,0.21000000000000002,0,false,false,4,false,1320,1312.7657499998309,0,0,0
SRM,0.21000000000000002,0,false,false,5,false,1320,1312.7657499998306,0,0,0
SRM,0.21000000000000002,0,false,false,6,false,1320,1312.7657499998306,0,0,0
SRM,0.21000000000000002,0,false,false,7,false,1320,1312.7657499998309,0,0,0
SRM,0.21000000000000002,0,false,false,8,false,1320,1312.7657499998306,0,0,0
SRM,0.21000000000000002,0,false,false,9,false,1320,1312.7657499998309,0,0,0
SRM,0.21000000000000002,0,false,false,10,false,1320,1312.7657499998309,0,0,0
SRM,0.21000000000000002,0,false,false,11,false,1320,1312.7657499998309,0,0,0
SRM,0.21000000000000002,0,false,false,12,false,1320,1312.765749999831,0,0,0
SRM,0.21000000000000002,0,false,false,13,false,1320,1312.765749999831,0,0,0
SRM,0.21000000000000002,0,false,false,14,false,1320,1312.7657499998309,0,0,0
SRM,0.21000000000000002,0,false,false,15,false,1320,1312.7657499998306,0,0,0
SRM,0.21000000000000002,0,false,false,16,false,1320,1312.7657499998309,0,0,0
SRM,0.21000000000000002,0,false,false,17,false,1320,1312.7657499998306,0,0,0
SRM,0.21000000000000002,0,false,false,18,false,1320,1312.7657499998309,0,0,0
SRM,0.21000000000000002,0,false,false,19,false,1320,1312.765749999831,0,0,0
SRM,0.21000000000000002,0,false,false,20,false,1320,1312.7657499998306,0,0,0
SRM,0.21000000000000002,0,false,false,21,false,1320,1312.7657499998306,0,0,0
SRM,0.21000000000000002,0,false,false,22,false,1320,1312.7657499998306,0,0,0
SRM,0.21000000000000002,0,false,false,23,false,1320,1312.7657499998306,0,0,0
SRM,0.21000000000000002,0,false,false,24,false,1320,1312.7657499998309,0,0,0
SRM,0.21000000000000002,0,false,false,25,false,1320,1312.7657499998306,0,0,0
SRM,0.21000000000000002,0,false,false,26,false,1320,1312.7657499998306,0,0,0
SRM,0.21000000000000002,0,false,false,27,false,1320,1312.7657499998309,0,0,0
SRM,0.21000000000000002,0,false,false,28,false,1320,1312.7657499998306,0,0,0
SRM,0.21000000000000002,0,false,false,29,false,1320,1312.7657499998306,0,0,0
SRM,0.21000000000000002,0,false,false,30,false,1320,1312.7657499998306,0,0,0
SRM,0.21000000000000002,0,false,false,31,false,1320,1312.7657499998306,0,0,0
SRM,0.21000000000000002,0,false,false,32,false,1320,1312.7657499998306,0,0,0
SRM,0.21000000000000002,0,false,false,33,false,1320,1312.7657499998306,0,0,0
SRM,0.21000000000000002,0,false,false,34,false,1320,1312.7657499998306,0,0,0
SRM,0.21000000000000002,0,false,false,35,false,1320,1312.7657499998306,0,0,0
SRM,0.21000000000000002,0,false,false,36,false,1320,1312.7657499998309,0,0,0
SRM,0.21000000000000002,0,false,false,37,false,1320,1312.7657499998306,0,0,0
SRM,0.21000000000000002,0,false,false,38,false,1320,1312.7657499998309,0,0,0
SRM,0.21000000000000002,0,false,false,39,false,1320,1312.7657499998309,0,0,0
SRM,0.21000000000000002,0,false,false,40,false,1320,1312.7657499998309,0,0,0
SRM,0.21000000000000002,0,false,false,41,false,1320,1312.7657499998306,0,0,0
SRM,0.21000000000000002,0,false,false,42,false,1320,1312.7657499998309,0,0,0
SRM,0.21000000000000002,0,false,false,43,false,1320,1312.7657499998306,0,0,0
SRM,0.21000000000000002,0,false,false,44,false,1320,1312.765749999831,0,0,0
SRM,0.21000000000000002,0,false,false,45,false,1320,1312.765749999831,0,0,0
SRM,0.21000000000000002,0,false,false,46,false,1320,1312.7657499998309,0,0,0
SRM,0.21000000000000002,0,false,false,47,false,1320,1312.7657499998306,0,0,0
SRM,0.21000000000000002,0,false,false,48,false,1320,1312.765749999831,0,0,0
SRM,0.21000000000000002,0,false,false,49,false,1320,1312.7657499998306,0,0,0
SRM,0.21000000000000002,0,false,false,50,false,1320,1312.7657499998306,0,0,0
SRM,0.21000000000000002,0,false,false,51,false,1320,1312.7657499998309,0,0,0
SRM,0.21000000000000002,0,false,false,52,false,1320,1312.7657499998309,0,0,0
SRM,0.21000000000000002,0,false,false,53,false,1320,1312.7657499998309,0,0,0
SRM,0.21000000000000002,0,false,false,54,false,1320,1312.7657499998306,0,0,0
SRM,0.21000000000000002,0,false,false,55,false,1320,1312.7657499998309,0,0,0
SRM,0.21000000000000002,0,false,false,56,false,1320,1312.7657499998313,0,0,0
SRM,0.21000000000000002,0,false,false,57,false,1320,1312.7657499998306,0,0,0
SRM,0.21000000000000002,0,false,false,58,false,1320,1312.7657499998309,0,0,0
SRM,0.21000000000000002,0,false,false,59,false,1320,1312.7657499998313,0,0,0
SRM,0.21000000000000002,0,false,false,60,false,1320,1312.7657499998309,0,0,0
SRM,0.21000000000000002,0,false,false,61,false,1320,1312.7657499998313,0,0,0
SRM,0.21000000000000002,0,false,false,62,false,1320,1312.765749999831,0,0,0
SRM,0.21000000000000002,0,false,false,63,false,1320,1312.7657499998306,0,0,0
SRM,0.21000000000000002,0,false,false,64,false,1320,1312.7657499998313,0,0,0
SRM,0.21000000000000002,0,false,false,65,false,1320,1312.7657499998306,0,0,0
SRM,0.21000000000000002,0,false,false,66,false,1320,1312.7657499998306,0,0,0
SRM,0.21000000000000002,0,false,false,67,false,1320,1312.7657499998309,0,0,0
SRM,0.21000000000000002,0,false,false,68,false,1320,1312.7657499998306,0,0,0
SRM,0.21000000000000002,0,false,false,69,false,1320,1312.7657499998313,0,0,0
SRM,0.21000000000000002,0,false,false,70,false,1320,1312.7657499998313,0,0,0
SRM,0.21000000000000002,0,false,false,71,false,1320,1312.7657499998306,0,0,0
SRM,0.21000000000000002,0,false,false,72,false,1320,1312.7657499998306,0,0,0
SRM,0.21000000000000002,0,false,false,73,false,1320,1312.7657499998313,0,0,0
SRM,0.21000000000000002,0,false,false,74,false,1320,1312.7657499998306,0,0,0
SRM,0.21000000000000002,0,false,false,75,false,1320,1312.7657499998309,0,0,0
SRM,0.21000000000000002,0,false,false,76,false,1320,1312.7657499998306,0,0,0
SRM,0.21000000000000002,0,false,false,77,false,1320,1312.7657499998313,0,0,0
SRM,0.21000000000000002,0,false,false,78,false,1320,1312.7657499998309,0,0,0
SRM,0.21000000000000002,0,false,false,79,false,1320,1312.7657499998306,0,0,0
SRM,0.21000000000000002,0,false,false,80,false,1320,1312.7657499998309,0,0,0
SRM,0.21000000000000002,0,false,false,81,false,1320,1312.7657499998309,0,0,0
SRM,0.21000000000000002,0,false,false,82,false,1320,1312.7657499998306,0,0,0
SRM,0.21000000000000002,0,false,false,83,false,1320,1312.7657499998309,0,0,0
SRM,0.21000000000000002,0,false,false,84,false,1320,1312.7657499998309,0,0,0
SRM,0.21000000000000002,0,false,false,85,false,1320,1312.7657499998309,0,0,0
SRM,0.21000000000000002,0,false,false,86,false,1320,1312.7657499998313,0,0,0
SRM,0.21000000000000002,0,false,false,87,false,1320,1312.7657499998309,0,0,0
SRM,0.21000000000000002,0,false,false,88,false,1320,1312.7657499998309,0,0,0
SRM,0.21000000000000002,0,false,false,89,false,1320,1312.7657499998309,0,0,0
SRM,0.21000000000000002,0,false,false,90,false,1320,1312.7657499998306,0,0,0
SRM,0.21000000000000002,0,false,false,91,false,1320,1312.7657499998309,0,0,0
SRM,0.21000000000000002,0,false,false,92,false,1320,1312.7657499998309,0,0,0
SRM,0.21000000000000002,0,false,false,93,false,1320,1312.7657499998309,0,0,0
SRM,0.21000000000000002,0,false,false,94,false,1320,1312.7657499998306,0,0,0
SRM,0.21000000000000002,0,false,false,95,false,1320,1312.7657499998306,0,0,0
SRM,0.21000000000000002,0,false,false,96,false,1320,1312.7657499998309,0,0,0
SRM,0.21000000000000002,0,false,false,97,false,1320,1312.765749999831,0,0,0
SRM,0.21000000000000002,0,false,false,98,false,1320,1312.7657499998309,0,0,0
SRM,0.21000000000000002,0,false,false,99,false,1320,1312.765749999831,0,0,0
SRM,0.21000000000000002,0,false,false,100,false,1320,1312.7657499998306,0,0,0
SRM,0.21000000000000002,0,false,false,101,false,1320,1312.7657499998306,0,0,0
SRM,0.21000000000000002,0,false,false,102,false,1320,1312.7657499998306,0,0,0
SRM,0.21000000000000002,0,false,false,103,false,1320,1312.7657499998309,0,0,0
SRM,0.21000000000000002,0,false,false,104,false,1320,1312.7657499998306,0,0,0
SRM,0.21000000000000002,0,false,false,105,false,1320,1312.7657499998309,0,0,0
SRM,0.21000000000000002,0,false,false,106,false,1320,1312.7657499998309,0,0,0
SRM,0.21000000000000002,0,false,false,107,false,1320,1312.7657499998306,0,0,0
SRM,0.21000000000000002,0,false,false,108,false,1320,1312.7657499998306,0,0,0
SRM,0.21000000000000002,0,false,false,109,false,1320,1312.7657499998309,0,0,0
SRM,0.21000000000000002,0,false,false,110,false,1320,1312.7657499998309,0,0,0
SRM,0.21000000000000002,0,false,false,111,false,1320,1312.765749999831,0,0,0
SRM,0.21000000000000002,0,false,false,112,false,1320,1312.7657499998309,0,0,0
SRM,0.21000000000000002,0,false,false,113,false,1320,1312.7657499998306,0,0,0
SRM,0.21000000000000002,0,false,false,114,false,1320,1312.765749999831,0,0,0
SRM,0.21000000000000002,0,false,false,115,false,1320,1312.7657499998309,0,0,0
SRM,0.21000000000000002,0,false,false,116,false,1320,1312.7657499998313,0,0,0
SRM,0.21000000000000002,0,false,false,117,false,1320,1312.7657499998313,0,0,0
SRM,0.21000000000000002,0,false,false,118,false,1320,1312.7657499998309,0,0,0
SRM,0.21000000000000002,0,false,false,119,false,1320,1312.7657499998309,0,0,0
SRM,0.21000000000000002,0,false,false,120,false,1320,1312.7657499998306,0,0,0
SRM,0.21000000000000002,0,false,false,121,false,1320,1312.7657499998306,0,0,0
SRM,0.21000000000000002,0,false,false,122,false,1320,1312.7657499998306,0,0,0
SRM,0.21000000000000002,0,false,false,123,false,1320,1312.7657499998309,0,0,0
SRM,0.21000000000000002,0,false,false,124,false,1320,1312.7657499998306,0,0,0
SRM,0.21000000000000002,0,false,false,125,false,1320,1312.7657499998306,0,0,0
SRM,0.21000000000000002,0,false,false,126,false,1320,1312.7657499998306,0,0,0
SRM,0.21000000000000002,0,false,false,127,false,1320,1312.7657499998306,0,0,0
SRM,0.21000000000000002,0,true,false,0,false,1320,1312.7657499998309,0,0,0
SRM,0.21000000000000002,0,true,false,1,false,1320,1312.7657499998309,0,0,0
SRM,0.21000000000000002,0,true,false,2,false,1320,1312.7657499998309,0,0,0
SRM,0.21000000000000002,0,true,false,3,false,1320,1312.7657499998306,0,0,0
SRM,0.21000000000000002,0,true,false,4,false,1320,1312.7657499998306,0,0,0
SRM,0.21000000000000002,0,true,false,5,false,1320,1312.7657499998306,0,0,0
SRM,0.21000000000000002,0,true,false,6,false,1320,1312.7657499998306,0,0,0
SRM,0.21000000000000002,0,true,false,7,false,1320,1312.7657499998306,0,0,0
SRM,0.21000000000000002,0,true,false,8,false,1320,1312.7657499998306,0,0,0
SRM,0.21000000000000002,0,true,false,9,false,1320,1312.7657499998309,0,0,0
SRM,0.21000000000000002,0,true,false,10,false,1320,1312.765749999831,0,0,0
SRM,0.21000000000000002,0,true,false,11,false,1320,1312.7657499998309,0,0,0
SRM,0.21000000000000002,0,true,false,12,false,1320,1312.7657499998313,0,0,0
SRM,0.21000000000000002,0,true,false,13,false,1320,1312.765749999831,0,0,0
SRM,0.21000000000000002,0,true,false,14,false,1320,1312.7657499998309,0,0,0
SRM,0.21000000000000002,0,true,false,15,false,1320,1312.7657499998306,0,0,0
SRM,0.21000000000000002,0,true,false,16,false,1320,1312.7657499998309,0,0,0
SRM,0.21000000000000002,0,true,false,17,false,1320,1312.7657499998309,0,0,0
SRM,0.21000000000000002,0,true,false,18,false,1320,1312.7657499998309,0,0,0
SRM,0.21000000000000002,0,true,false,19,false,1320,1312.7657499998306,0,0,0
SRM,0.21000000000000002,0,true,false,20,false,1320,1312.7657499998309,0,0,0
SRM,0.21000000000000002,0,true,false,21,false,1320,1312.7657499998309,0,0,0
SRM,0.21000000000000002,0,true,false,22,false,1320,1312.7657499998309,0,0,0
SRM,0.21000000000000002,0,true,false,23,false,1320,1312.7657499998306,0,0,0
SRM,0.21000000000000002,0,true,false,24,false,1320,1312.7657499998306,0,0,0
SRM,0.21000000000000002,0,true,false,25,false,1320,1312.7657499998306,0,0,0
SRM,0.21000000000000002,0,true,false,26,false,1320,1312.7657499998306,0,0,0
SRM,0.21000000000000002,0,true,false,27,false,1320,1312.7657499998318,0,0,0
SRM,0.21000000000000002,0,true,false,28,false,1320,1312.7657499998309,0,0,0
SRM,0.21000000000000002,0,true,false,29,false,1320,1312.7657499998309,0,0,0
SRM,0.21000000000000002,0,true,false,30,false,1320,1312.7657499998306,0,0,0
SRM,0.21000000000000002,0,true,false,31,false,1320,1312.7657499998309,0,0,0
SRM,0.21000000000000002,0,true,false,32,false,1320,1312.7657499998306,0,0,0
SRM,0.21000000000000002,0,true,false,33,false,1320,1312.7657499998309,0,0,0
SRM,0.21000000000000002,0,true,false,34,false,1320,1312.7657499998309,0,0,0
SRM,0.21000000000000002,0,true,false,35,false,1320,1312.7657499998306,0,0,0
SRM,0.21000000000000002,0,true,false,36,false,1320,1312.7657499998306,0,0,0
SRM,0.21000000000000002,0,true,false,37,false,1320,1312.7657499998309,0,0,0
SRM,0.21000000000000002,0,true,false,38,false,1320,1312.765749999831,0,0,0
SRM,0.21000000000000002,0,true,false,39,false,1320,1312.765749999831,0,0,0
SRM,0.21000000000000002,0,true,false,40,false,1320,1312.7657499998313,0,0,0
SRM,0.21000000000000002,0,true,false,41,false,1320,1312.7657499998306,0,0,0
SRM,0.21000000000000002,0,true,false,42,false,1320,1312.7657499998306,0,0,0
SRM,0.21000000000000002,0,true,false,43,false,1320,1312.765749999831,0,0,0
SRM,0.21000000000000002,0,true,false,44,false,1320,1312.7657499998309,0,0,0
SRM,0.21000000000000002,0,true,false,45,false,1320,1312.7657499998306,0,0,0
SRM,0.21000000000000002,0,true,false,46,false,1320,1312.7657499998306,0,0,0
SRM,0.21000000000000002,0,true,false,47,false,1320,1312.7657499998309,0,0,0
SRM,0.21000000000000002,0,true,false,48,false,1320,1312.7657499998306,0,0,0
SRM,0.21000000000000002,0,true,false,49,false,1320,1312.765749999831,0,0,0
SRM,0.21000000000000002,0,true,false,50,false,1320,1312.7657499998309,0,0,0
SRM,0.21000000000000002,0,true,false,51,false,1320,1312.7657499998309,0,0,0
SRM,0.21000000000000002,0,true,false,52,false,1320,1312.7657499998309,0,0,0
SRM,0.21000000000000002,0,true,false,53,false,1320,1312.7657499998309,0,0,0
SRM,0.21000000000000002,0,true,false,54,false,1320,1312.7657499998306,0,0,0
SRM,0.21000000000000002,0,true,false,55,false,1320,1312.7657499998306,0,0,0
SRM,0.21000000000000002,0,true,false,56,false,1320,1312.7657499998309,0,0,0
SRM,0.21000000000000002,0,true,false,57,false,1320,1312.7657499998306,0,0,0
SRM,0.21000000000000002,0,true,false,58,false,1320,1312.7657499998309,0,0,0
SRM,0.21000000000000002,0,true,false,59,false,1320,1312.7657499998306,0,0,0
SRM,0.21000000000000002,0,true,false,60,false,1320,1312.7657499998306,0,0,0
SRM,0.21000000000000002,0,true,false,61,false,1320,1312.7657499998313,0,0,0
SRM,0.21000000000000002,0,true,false,62,false,1320,1312.7657499998309,0,0,0
SRM,0.21000000000000002,0,true,false,63,false,1320,1312.7657499998309,0,0,0
SRM,0.21000000000000002,0,true,false,64,false,1320,1312.7657499998306,0,0,0
SRM,0.21000000000000002,0,true,false,65,false,1320,1312.7657499998306,0,0,0
SRM,0.21000000000000002,0,true,false,66,false,1320,1312.7657499998309,0,0,0
SRM,0.21000000000000002,0,true,false,67,false,1320,1312.7657499998306,0,0,0
SRM,0.21000000000000002,0,true,false,68,false,1320,1312.7657499998313,0,0,0
SRM,0.21000000000000002,0,true,false,69,false,1320,1312.7657499998306,0,0,0
SRM,0.21000000000000002,0,true,false,70,false,1320,1312.7657499998306,0,0,0
SRM,0.21000000000000002,0,true,false,71,false,1320,1312.7657499998306,0,0,0
SRM,0.21000000000000002,0,true,false,72,false,1320,1312.7657499998306,0,0,0
SRM,0.21000000000000002,0,true,false,73,false,1320,1312.7657499998306,0,0,0
SRM,0.21000000000000002,0,true,false,74,false,1320,1312.7657499998306,0,0,0
SRM,0.21000000000000002,0,true,false,75,false,1320,1312.765749999831,0,0,0
SRM,0.21000000000000002,0,true,false,76,false,1320,1312.7657499998309,0,0,0
SRM,0.21000000000000002,0,true,false,77,false,1320,1312.7657499998315,0,0,0
SRM,0.21000000000000002,0,true,false,78,false,1320,1312.7657499998306,0,0,0
SRM,0.21000000000000002,0,true,false,79,false,1320,1312.7657499998306,0,0,0
SRM,0.21000000000000002,0,true,false,80,false,1320,1312.7657499998309,0,0,0
SRM,0.21000000000000002,0,true,false,81,false,1320,1312.7657499998313,0,0,0
SRM,0.21000000000000002,0,true,false,82,false,1320,1312.7657499998309,0,0,0
SRM,0.21000000000000002,0,true,false,83,false,1320,1312.7657499998306,0,0,0
SRM,0.21000000000000002,0,true,false,84,false,1320,1312.7657499998309,0,0,0
SRM,0.21000000000000002,0,true,false,85,false,1320,1312.7657499998306,0,0,0
SRM,0.21000000000000002,0,true,false,86,false,1320,1312.7657499998306,0,0,0
SRM,0.21000000000000002,0,true,false,87,false,1320,1312.7657499998313,0,0,0
SRM,0.21000000000000002,0,true,false,88,false,1320,1312.765749999831,0,0,0
SRM,0.21000000000000002,0,true,false,89,false,1320,1312.7657499998309,0,0,0
SRM,0.21000000000000002,0,true,false,90,false,1320,1312.7657499998309,0,0,0
SRM,0.21000000000000002,0,true,false,91,false,1320,1312.7657499998306,0,0,0
SRM,0.21000000000000002,0,true,false,92,false,1320,1312.7657499998306,0,0,0
SRM,0.21000000000000002,0,true,false,93,false,1320,1312.7657499998309,0,0,0
SRM,0.21000000000000002,0,true,false,94,false,1320,1312.7657499998306,0,0,0
SRM,0.21000000000000002,0,true,false,95,false,1320,1312.7657499998309,0,0,0
SRM,0.21000000000000002,0,true,false,96,false,1320,1312.7657499998309,0,0,0
SRM,0.21000000000000002,0,true,false,97,false,1320,1312.7657499998309,0,0,0
SRM,0.21000000000000002,0,true,false,98,false,1320,1312.7657499998306,0,0,0
SRM,0.21000000000000002,0,true,false,99,false,1320,1312.7657499998306,0,0,0
SRM,0.21000000000000002,0,true,false,100,false,1320,1312.765749999831,0,0,0
SRM,0.21000000000000002,0,true,false,101,false,1320,1312.765749999831,0,0,0
SRM,0.21000000000000002,0,true,false,102,false,1320,1312.7657499998306,0,0,0
SRM,0.21000000000000002,0,true,false,103,false,1320,1312.7657499998306,0,0,0
SRM,0.21000000000000002,0,true,false,104,false,1320,1312.7657499998309,0,0,0
SRM,0.21000000000000002,0,true,false,105,false,1320,1312.7657499998306,0,0,0
SRM,0.21000000000000002,0,true,false,106,false,1320,1312.7657499998306,0,0,0
SRM,0.21000000000000002,0,true,false,107,false,1320,1312.765749999831,0,0,0
SRM,0.21000000000000002,0,true,false,108,false,1320,1312.7657499998306,0,0,0
SRM,0.21000000000000002,0,true,false,109,false,1320,1312.7657499998306,0,0,0
SRM,0.21000000000000002,0,true,false,110,false,1320,1312.7657499998306,0,0,0
SRM,0.21000000000000002,0,true,false,111,false,1320,1312.7657499998309,0,0,0
SRM,0.21000000000000002,0,true,false,112,false,1320,1312.7657499998306,0,0,0
SRM,0.21000000000000002,0,true,false,113,false,1320,1312.7657499998306,0,0,0
SRM,0.21000000000000002,0,true,false,114,false,1320,1312.7657499998306,0,0,0
SRM,0.21000000000000002,0,true,false,115,false,1320,1312.7657499998306,0,0,0
SRM,0.21000000000000002,0,true,false,116,false,1320,1312.7657499998309,0,0,0
SRM,0.21000000000000002,0,true,false,117,false,1320,1312.7657499998309,0,0,0
SRM,0.21000000000000002,0,true,false,118,false,1320,1312.7657499998306,0,0,0
SRM,0.21000000000000002,0,true,false,119,false,1320,1312.7657499998309,0,0,0
SRM,0.21000000000000002,0,true,false,120,false,1320,1312.7657499998309,0,0,0
SRM,0.21000000000000002,0,true,false,121,false,1320,1312.7657499998309,0,0,0
SRM,0.21000000000000002,0,true,false,122,false,1320,1312.7657499998309,0,0,0
SRM,0.21000000000000002,0,true,false,123,false,1320,1312.7657499998306,0,0,0
SRM,0.21000000000000002,0,true,false,124,false,1320,1312.7657499998306,0,0,0
SRM,0.21000000000000002,0,true,false,125,false,1320,1312.7657499998306,0,0,0
SRM,0.21000000000000002,0,true,false,126,false,1320,1312.7657499998309,0,0,0
SRM,0.21000000000000002,0,true,false,127,false,1320,1312.7657499998306,0,0,0
LRM,1.75,0,false,false,0,false,7200,12939.50000000056,0.4001898185255015,0,0
LRM,1.75,0,false,false,1,false,7200,12939.50000000056,0.4001898185255015,0,0
LRM,1.75,0,false,false,2,false,7200,12939.50000000056,0.4001898185255015,0,0
LRM,1.75,0,false,false,3,false,7200,12939.50000000056,0.4001898185255015,0,0
LRM,1.75,0,false,false,4,false,7200,12939.50000000056,0.4001898185255015,0,0
LRM,1.75,0,false,false,5,false,7200,12939.50000000056,0.4001898185255015,0,0
LRM,1.75,0,false,false,6,false,7200,12939.50000000056,0.4001898185255015,0,0
LRM,1.75,0,false,false,7,false,7200,12939.50000000056,0.4001898185255015,0,0
LRM,1.75,0,false,false,8,false,7200,12939.50000000056,0.4001898185255015,0,0
LRM,1.75,0,false,false,9,false,7200,12939.50000000056,0.4001898185255015,0,0
LRM,1.75,0,false,false,10,false,7200,12939.50000000056,0.4001898185255015,0,0
LRM,1.75,0,false,false,11,false,7200,12939.50000000056,0.4001898185255015,0,0
LRM,1.75,0,false,false,12,false,7200,12939.50000000056,0.4001898185255015,0,0
LRM,1.75,0,false,false,13,false,7200,12939.50000000056,0.4001898185255015,0,0
LRM,1.75,0,false,false,14,false,7200,12939.50000000056,0.4001898185255015,0,0
LRM,1.75,0,false,false,15,false,7200,12939.50000000056,0.4001898185255015,0,0
LRM,1.75,0,false,false,16,false,7200,12939.50000000056,0.4001898185255015,0,0
LRM,1.75,0,false,false,17,false,7200,12939.50000000056,0.4001898185255015,0,0
LRM,1.75,0,false,false,18,false,7200,12939.50000000056,0.4001898185255015,0,0
LRM,1.75,0,false,false,19,false,7200,12939.50000000056,0.4001898185255015,0,0
LRM,1.75,0,false,false,20,false,7200,12939.50000000056,0.4001898185255015,0,0
LRM,1.75,0,false,false,21,false,7200,12939.50000000056,0.4001898185255015,0,0
LRM,1.75,0,false,false,22,false,7200,12939.50000000056,0.4001898185255015,0,0
LRM,1.75,0,false,false,23,false,7200,12939.50000000056,0.4001898185255015,0,0
LRM,1.75,0,false,false,24,false,7200,12939.50000000056,0.4001898185255015,0,0
LRM,1.75,0,false,false,25,false,7200,12939.50000000056,0.4001898185255015,0,0
LRM,1.75,0,false,false,26,false,7200,12939.50000000056,0.4001898185255015,0,0
LRM,1.75,0,false,false,27,false,7200,12939.50000000056,0.4001898185255015,0,0
LRM,1.75,0,false,false,28,false,7200,12939.50000000056,0.4001898185255015,0,0
LRM,1.75,0,false,false,29,false,7200,12939.50000000056,0.4001898185255015,0,0
LRM,1.75,0,false,false,30,false,7200,12939.50000000056,0.4001898185255015,0,0
LRM,1.75,0,false,false,31,false,7200,12939.50000000056,0.4001898185255015,0,0
LRM,1.75,0,false,false,32,false,7200,12939.50000000056,0.4001898185255015,0,0
LRM,1.75,0,false,false,33,false,7200,12939.50000000056,0.4001898185255015,0,0
LRM,1.75,0,false,false,34,false,7200,12939.50000000056,0.4001898185255015,0,0
LRM,1.75,0,false,false,35,false,7200,12939.50000000056,0.4001898185255015,0,0
LRM,1.75,0,false,false,36,false,7200,12939.50000000056,0.4001898185255015,0,0
LRM,1.75,0,false,false,37,false,7200,12939.50000000056,0.4001898185255015,0,0
LRM,1.75,0,false,false,38,false,7200,12939.50000000056,0.4001898185255015,0,0
LRM,1.75,0,false,false,39,false,7200,12939.50000000056,0.4001898185255015,0,0
LRM,1.75,0,false,false,40,false,7200,12939.50000000056,0.4001898185255015,0,0
LRM,1.75,0,false,false,41,false,7200,12939.50000000056,0.4001898185255015,0,0
LRM,1.75,0,false,false,42,false,7200,12939.50000000056,0.4001898185255015,0,0
LRM,1.75,0,false,false,43,false,7200,12939.50000000056,0.4001898185255015,0,0
LRM,1.75,0,false,false,44,false,7200,12939.50000000056,0.4001898185255015,0,0
LRM,1.75,0,false,false,45,false,7200,12939.50000000056,0.4001898185255015,0,0
LRM,1.75,0,false,false,46,false,7200,12939.50000000056,0.4001898185255015,0,0
LRM,1.75,0,false,false,47,false,7200,12939.50000000056,0.4001898185255015,0,0
LRM,1.75,0,false,false,48,false,7200,12939.50000000056,0.4001898185255015,0,0
LRM,1.75,0,false,false,49,false,7200,12939.50000000056,0.4001898185255015,0,0
LRM,1.75,0,false,false,50,false,7200,12939.50000000056,0.4001898185255015,0,0
LRM,1.75,0,false,false,51,false,7200,12939.50000000056,0.4001898185255015,0,0
LRM,1.75,0,false,false,52,false,7200,12939.50000000056,0.4001898185255015,0,0
LRM,1.75,0,false,false,53,false,7200,12939.50000000056,0.4001898185255015,0,0
LRM,1.75,0,false,false,54,false,7200,12939.50000000056,0.4001898185255015,0,0
LRM,1.75,0,false,false,55,false,7200,12939.50000000056,0.4001898185255015,0,0
LRM,1.75,0,false,false,56,false,7200,12939.50000000056,0.4001898185255015,0,0
LRM,1.75,0,false,false,57,false,7200,12939.50000000056,0.4001898185255015,0,0
LRM,1.75,0,false,false,58,false,7200,12939.50000000056,0.4001898185255015,0,0
LRM,1.75,0,false,false,59,false,7200,12939.50000000056,0.4001898185255015,0,0
LRM,1.75,0,false,false,60,false,7200,12939.50000000056,0.4001898185255015,0,0
LRM,1.75,0,false,false,61,false,7200,12939.50000000056,0.4001898185255015,0,0
LRM,1.75,0,false,false,62,false,7200,12939.50000000056,0.4001898185255015,0,0
LRM,1.75,0,false,false,63,false,7200,12939.50000000056,0.4001898185255015,0,0
LRM,1.75,0,false,false,64,false,7200,12939.50000000056,0.4001898185255015,0,0
LRM,1.75,0,false,false,65,false,7200,12939.50000000056,0.4001898185255015,0,0
LRM,1.75,0,false,false,66,false,7200,12939.50000000056,0.4001898185255015,0,0
LRM,1.75,0,false,false,67,false,7200,12939.50000000056,0.4001898185255015,0,0
LRM,1.75,0,false,false,68,false,7200,12939.50000000056,0.4001898185255015,0,0
LRM,1.75,0,false,false,69,false,7200,12939.50000000056,0.4001898185255015,0,0
LRM,1.75,0,false,false,70,false,7200,12939.50000000056,0.4001898185255015,0,0
LRM,1.75,0,false,false,71,false,7200,12939.50000000056,0.4001898185255015,0,0
LRM,1.75,0,false,false,72,false,7200,12939.50000000056,0.4001898185255015,0,0
LRM,1.75,0,false,false,73,false,7200,12939.50000000056,0.4001898185255015,0,0
LRM,1.75,0,false,false,74,false,7200,12939.50000000056,0.4001898185255015,0,0
LRM,1.75,0,false,false,75,false,7200,12939.50000000056,0.4001898185255015,0,0
LRM,1.75,0,false,false,76,false,7200,12939.50000000056,0.4001898185255015,0,0
LRM,1.75,0,false,false,77,false,7200,12939.50000000056,0.4001898185255015,0,0
LRM,1.75,0,false,false,78,false,7200,12939.50000000056,0.4001898185255015,0,0
LRM,1.75,0,false,false,79,false,7200,12939.50000000056,0.4001898185255015,0,0
LRM,1.75,0,false,false,80,false,7200,12939.50000000056,0.4001898185255015,0,0
LRM,1.75,0,false,false,81,false,7200,12939.50000000056,0.4001898185255015,0,0
LRM,1.75,0,false,false,82,false,7200,12939.50000000056,0.4001898185255015,0,0
LRM,1.75,0,false,false,83,false,7200,12939.50000000056,0.4001898185255015,0,0
LRM,1.75,0,false,false,84,false,7200,12939.50000000056,0.4001898185255015,0,0
LRM,1.75,0,false,false,85,false,7200,12939.50000000056,0.4001898185255015,0,0
LRM,1.75,0,false,false,86,false,7200,12939.50000000056,0.4001898185255015,0,0
LRM,1.75,0,false,false,87,false,7200,12939.50000000056,0.4001898185255015,0,0
LRM,1.75,0,false,false,88,false,7200,12939.50000000056,0.4001898185255015,0,0
LRM,1.75,0,false,false,89,false,7200,12939.50000000056,0.4001898185255015,0,0
LRM,1.75,0,false,false,90,false,7200,12939.50000000056,0.4001898185255015,0,0
LRM,1.75,0,false,false,91,false,7200,12939.50000000056,0.4001898185255015,0,0
LRM,1.75,0,false,false,92,false,7200,12939.50000000056,0.4001898185255015,0,0
LRM,1.75,0,false,false,93,false,7200,12939.50000000056,0.4001898185255015,0,0
LRM,1.75,0,false,false,94,false,7200,12939.50000000056,0.4001898185255015,0,0
LRM,1.75,0,false,false,95,false,7200,12939.50000000056,0.4001898185255015,0,0
LRM,1.75,0,false,false,96,false,7200,12939.50000000056,0.4001898185255015,0,0
LRM,1.75,0,false,false,97,false,7200,12939.50000000056,0.4001898185255015,0,0
LRM,1.75,0,false,false,98,false,7200,12939.50000000056,0.4001898185255015,0,0
LRM,1.75,0,false,false,99,false,7200,12939.50000000056,0.4001898185255015,0,0
LRM,1.75,0,false,false,100,false,7200,12939.50000000056,0.4001898185255015,0,0
LRM,1.75,0,false,false,101,false,7200,12939.50000000056,0.4001898185255015,0,0
LRM,1.75,0,false,false,102,false,7200,12939.50000000056,0.4001898185255015,0,0
LRM,1.75,0,false,false,103,false,7200,12939.50000000056,0.4001898185255015,0,0
LRM,1.75,0,false,false,104,false,7200,12939.50000000056,0.4001898185255015,0,0
LRM,1.75,0,false,false,105,false,7200,12939.50000000056,0.4001898185255015,0,0
LRM,1.75,0,false,false,106,false,7200,12939.50000000056,0.4001898185255015,0,0
LRM,1.75,0,false,false,107,false,7200,12939.50000000056,0.4001898185255015,0,0
LRM,1.75,0,false,false,108,false,7200,12939.50000000056,0.4001898185255015,0,0
LRM,1.75,0,false,false,109,false,7200,12939.50000000056,0.4001898185255015,0,0
LRM,1.75,0,false,false,110,false,7200,12939.50000000056,0.4001898185255015,0,0
LRM,1.75,0,false,false,111,false,7200,12939.50000000056,0.4001898185255015,0,0
LRM,1.75,0,false,false,112,false,7200,12939.50000000056,0.4001898185255015,0,0
LRM,1.75,0,false,false,113,false,7200,12939.50000000056,0.4001898185255015,0,0
LRM,1.75,0,false,false,114,false,7200,12939.50000000056,0.4001898185255015,0,0
LRM,1.75,0,false,false,115,false,7200,12939.50000000056,0.4001898185255015,0,0
LRM,1.75,0,false,false,116,false,7200,12939.50000000056,0.4001898185255015,0,0
LRM,1.75,0,false,false,117,false,7200,12939.50000000056,0.4001898185255015,0,0
LRM,1.75,0,false,false,118,false,7200,12939.50000000056,0.4001898185255015,0,0
LRM,1.75,0,false,false,119,false,7200,12939.50000000056,0.4001898185255015,0,0
LRM,1.75,0,false,false,120,false,7200,12939.50000000056,0.4001898185255015,0,0
LRM,1.75,0,false,false,121,false,7200,12939.50000000056,0.4001898185255015,0,0
LRM,1.75,0,false,false,122,false,7200,12939.50000000056,0.4001898185255015,0,0
LRM,1.75,0,false,false,123,false,7200,12939.50000000056,0.4001898185255015,0,0
LRM,1.75,0,false,false,124,false,7200,12939.50000000056,0.4001898185255015,0,0
LRM,1.75,0,false,false,125,false,7200,12939.50000000056,0.4001898185255015,0,0
LRM,1.75,0,false,false,126,false,7200,12939.50000000056,0.4001898185255015,0,0
LRM,1.75,0,false,false,127,false,7200,12939.50000000056,0.4001898185255015,0,0
LRM,1.75,0,true,false,0,false,7200,7565.70250826622,0.4000598762026387,0,0
LRM,1.75,0,true,false,1,false,7200,7565.703713638878,0.4000598767927243,0,0
LRM,1.75,0,true,false,2,false,7200,7565.702048578404,0.4000598759769493,0,0
LRM,1.75,0,true,false,3,false,7200,7565.7034751265755,0.40005987667657816,0,0
LRM,1.75,0,true,false,4,false,7200,7565.701540211592,0.40005987572910995,0,0
LRM,1.75,0,true,false,5,false,7200,7565.704182445323,0.4000598770221066,0,0
LRM,1.75,0,true,false,6,false,7200,7565.701716080115,0.4000598758153885,0,0
LRM,1.75,0,true,false,7,false,7200,7565.702870887956,0.40005987638032675,0,0
LRM,1.75,0,true,false,8,false,7200,7565.703722980867,0.4000598767973919,0,0
LRM,1.75,0,true,false,9,false,7200,7565.7015354963705,0.40005987572537294,0,0
LRM,1.75,0,true,false,10,false,7200,7565.704616105127,0.40005987723623787,0,0
LRM,1.75,0,true,false,11,false,7200,7565.7045439143285,0.40005987720069514,0,0
LRM,1.75,0,true,false,12,false,7200,7565.701898502704,0.4000598759039546,0,0
LRM,1.75,0,true,false,13,false,7200,7565.702073414117,0.4000598759897746,0,0
LRM,1.75,0,true,false,14,false,7200,7565.704385905457,0.40005987712248525,0,0
LRM,1.75,0,true,false,15,false,7200,7565.701464237183,0.4000598756912012,0,0
LRM,1.75,0,true,false,16,false,7200,7565.703380139019,0.40005987662909204,0,0
LRM,1.75,0,true,false,17,false,7200,7565.704328430048,0.40005987709508356,0,0
LRM,1.75,0,true,false,18,false,7200,7565.703305822917,0.4000598765943315,0,0
LRM,1.75,0,true,false,19,false,7200,7565.701594799751,0.400059875755578,0,0
LRM,1.75,0,true,false,20,false,7200,7565.703771743836,0.4000598768210559,0,0
LRM,1.75,0,true,false,21,false,7200,7565.703584354706,0.40005987672956317,0,0
LRM,1.75,0,true,false,22,false,7200,7565.702710024809,0.40005987630139156,0,0
LRM,1.75,0,true,false,23,false,7200,7565.7025337940495,0.4000598762157385,0,0
LRM,1.75,0,true,false,24,false,7200,7565.704420967506,0.4000598771397067,0,0
LRM,1.75,0,true,false,25,false,7200,7565.701456196968,0.4000598756880038,0,0
LRM,1.75,0,true,false,26,false,7200,7565.703538014761,0.4000598767080997,0,0
LRM,1.75,0,true,false,27,false,7200,7565.70373091655,0.40005987680172106,0,0
LRM,1.75,0,true,false,28,false,7200,7565.70277635655,0.40005987633416384,0,0
LRM,1.75,0,true,false,29,false,7200,7565.704169239206,0.40005987701640744,0,0
LRM,1.75,0,true,false,30,false,7200,7565.701441484196,0.4000598756802186,0,0
LRM,1.75,0,true,false,31,false,7200,7565.703190600442,0.4000598765363629,0,0
LRM,1.75,0,true,false,32,false,7200,7565.701607838166,0.4000598757605706,0,0
LRM,1.75,0,true,false,33,false,7200,7565.704680139132,0.40005987726739123,0,0
LRM,1.75,0,true,false,34,false,7200,7565.701739632223,0.4000598758257053,0,0
LRM,1.75,0,true,false,35,false,7200,7565.704608864898,0.40005987723234393,0,0
LRM,1.75,0,true,false,36,false,7200,7565.70422647384,0.4000598770442898,0,0
LRM,1.75,0,true,false,37,false,7200,7565.701681582873,0.40005987579730934,0,0
LRM,1.75,0,true,false,38,false,7200,7565.70461684488,0.40005987723530867,0,0
LRM,1.75,0,true,false,39,false,7200,7565.7037079191305,0.4000598767907378,0,0
LRM,1.75,0,true,false,40,false,7200,7565.703069541166,0.40005987647866736,0,0
LRM,1.75,0,true,false,41,false,7200,7565.702516604184,0.40005987620593764,0,0
LRM,1.75,0,true,false,42,false,7200,7565.702280813433,0.40005987609056964,0,0
LRM,1.75,0,true,false,43,false,7200,7565.704521855212,0.40005987718966574,0,0
LRM,1.75,0,true,false,44,false,7200,7565.701537033175,0.4000598757276727,0,0
LRM,1.75,0,true,false,45,false,7200,7565.701392958753,0.40005987565560325,0,0
LRM,1.75,0,true,false,46,false,7200,7565.702562036444,0.4000598762296666,0,0
LRM,1.75,0,true,false,47,false,7200,7565.7040768727775,0.40005987697173545,0,0
LRM,1.75,0,true,false,48,false,7200,7565.701953146213,0.4000598759304772,0,0
LRM,1.75,0,true,false,49,false,7200,7565.7045135997005,0.40005987718455843,0,0
LRM,1.75,0,true,false,50,false,7200,7565.703693864538,0.4000598767841524,0,0
LRM,1.75,0,true,false,51,false,7200,7565.7031410958425,0.4000598765119871,0,0
LRM,1.75,0,true,false,52,false,7200,7565.701451339483,0.40005987568543655,0,0
LRM,1.75,0,true,false,53,false,7200,7565.704005174079,0.40005987693693773,0,0
LRM,1.75,0,true,false,54,false,7200,7565.704067131777,0.4000598769670782,0,0
LRM,1.75,0,true,false,55,false,7200,7565.704564222817,0.4000598772096803,0,0
LRM,1.75,0,true,false,56,false,7200,7565.701583710702,0.40005987574925084,0,0
LRM,1.75,0,true,false,57,false,7200,7565.7026993080135,0.400059876295448,0,0
LRM,1.75,0,true,false,58,false,7200,7565.7018561085815,0.40005987588224823,0,0
LRM,1.75,0,true,false,59,false,7200,7565.703151687989,0.4000598765173092,0,0
LRM,1.75,0,true,false,60,false,7200,7565.703629678801,0.40005987675273674,0,0
LRM,1.75,0,true,false,61,false,7200,7565.703386343428,0.4000598766330311,0,0
LRM,1.75,0,true,false,62,false,7200,7565.70386625199,0.40005987686772126,0,0
LRM,1.75,0,true,false,63,false,7200,7565.703040125246,0.40005987646424773,0,0
LRM,1.75,0,true,false,64,false,7200,7565.704466579767,0.40005987716213676,0,0
LRM,1.75,0,true,false,65,false,7200,7565.703951390189,0.4000598769093018,0,0
LRM,1.75,0,true,false,66,false,7200,7565.702769690547,0.40005987633171747,0,0
LRM,1.75,0,true,false,67,false,7200,7565.703619485497,0.40005987674646776,0,0
LRM,1.75,0,true,false,68,false,7200,7565.703169233321,0.40005987652741587,0,0
LRM,1.75,0,true,false,69,false,7200,7565.70174702992,0.40005987582945435,0,0
LRM,1.75,0,true,false,70,false,7200,7565.703597842799,0.40005987673591176,0,0
LRM,1.75,0,true,false,71,false,7200,7565.7028464824125,0.40005987636777607,0,0
LRM,1.75,0,true,false,72,false,7200,7565.701566846556,0.40005987574200247,0,0
LRM,1.75,0,true,false,73,false,7200,7565.702774805865,0.400059876332639,0,0
LRM,1.75,0,true,false,74,false,7200,7565.702257503548,0.4000598760805377,0,0
LRM,1.75,0,true,false,75,false,7200,7565.7021136321855,0.4000598760093965,0,0
LRM,1.75,0,true,false,76,false,7200,7565.704614123308,0.40005987723534037,0,0
LRM,1.75,0,true,false,77,false,7200,7565.703101055781,0.40005987649344554,0,0
LRM,1.75,0,true,false,78,false,7200,7565.703756648927,0.40005987681417565,0,0
LRM,1.75,0,true,false,79,false,7200,7565.702061308761,0.400059875983606,0,0
LRM,1.75,0,true,false,80,false,7200,7565.704245278177,0.4000598770547335,0,0
LRM,1.75,0,true,false,81,false,7200,7565.702065917372,0.40005987598624265,0,0
LRM,1.75,0,true,false,82,false,7200,7565.704209965597,0.4000598770364146,0,0
LRM,1.75,0,true,false,83,false,7200,7565.704461667015,0.4000598771600433,0,0
LRM,1.75,0,true,false,84,false,7200,7565.703973304001,0.4000598769213053,0,0
LRM,1.75,0,true,false,85,false,7200,7565.702142078692,0.4000598760235902,0,0
LRM,1.75,0,true,false,86,false,7200,7565.702692355262,0.40005987629208595,0,0
LRM,1.75,0,true,false,87,false,7200,7565.702345614608,0.4000598761224178,0,0
LRM,1.75,0,true,false,88,false,7200,7565.701570841858,0.40005987574379054,0,0
LRM,1.75,0,true,false,89,false,7200,7565.70200983169,0.4000598759588856,0,0
LRM,1.75,0,true,false,90,false,7200,7565.703626737195,0.4000598767504045,0,0
LRM,1.75,0,true,false,91,false,7200,7565.7016098074455,0.40005987576279955,0,0
LRM,1.75,0,true,false,92,false,7200,7565.70362719974,0.4000598767502081,0,0
LRM,1.75,0,true,false,93,false,7200,7565.703879205633,0.40005987687543465,0,0
LRM,1.75,0,true,false,94,false,7200,7565.704265799936,0.4000598770638749,0,0
LRM,1.75,0,true,false,95,false,7200,7565.702575810251,0.40005987623651046,0,0
LRM,1.75,0,true,false,96,false,7200,7565.703382375091,0.4000598766306468,0,0
LRM,1.75,0,true,false,97,false,7200,7565.704449568061,0.4000598771539308,0,0
LRM,1.75,0,true,false,98,false,7200,7565.7037790506765,0.4000598768253618,0,0
LRM,1.75,0,true,false,99,false,7200,7565.703924813585,0.4000598768975018,0,0
LRM,1.75,0,true,false,100,false,7200,7565.7044769639615,0.4000598771683148,0,0
LRM,1.75,0,true,false,101,false,7200,7565.702141272587,0.40005987602237075,0,0
LRM,1.75,0,true,false,102,false,7200,7565.703610924805,0.4000598767437852,0,0
LRM,1.75,0,true,false,103,false,7200,7565.704181579238,0.4000598770221618,0,0
LRM,1.75,0,true,false,104,false,7200,7565.704181305737,0.40005987702270124,0,0
LRM,1.75,0,true,false,105,false,7200,7565.701966481273,0.40005987593632125,0,0
LRM,1.75,0,true,false,106,false,7200,7565.701427588702,0.4000598756728188,0,0
LRM,1.75,0,true,false,107,false,7200,7565.701558510133,0.4000598757364003,0,0
LRM,1.75,0,true,false,108,false,7200,7565.702741255484,0.40005987631623097,0,0
LRM,1.75,0,true,false,109,false,7200,7565.704087721586,0.40005987697693485,0,0
LRM,1.75,0,true,false,110,false,7200,7565.70227625525,0.4000598760893885,0,0
LRM,1.75,0,true,false,111,false,7200,7565.704222283929,0.40005987704327056,0,0
LRM,1.75,0,true,false,112,false,7200,7565.7023140502215,0.4000598761072719,0,0
LRM,1.75,0,true,false,113,false,7200,7565.703352474044,0.40005987661548015,0,0
LRM,1.75,0,true,false,114,false,7200,7565.7038886791415,0.40005987687901906,0,0
LRM,1.75,0,true,false,115,false,7200,7565.702333454079,0.40005987611660343,0,0
LRM,1.75,0,true,false,116,false,7200,7565.702715046705,0.4000598763044093,0,0
LRM,1.75,0,true,false,117,false,7200,7565.703372280256,0.40005987662613074,0,0
LRM,1.75,0,true,false,118,false,7200,7565.704312450557,0.40005987708620555,0,0
LRM,1.75,0,true,false,119,false,7200,7565.703909559841,0.400059876890391,0,0
LRM,1.75,0,true,false,120,false,7200,7565.703836456072,0.40005987685439304,0,0
LRM,1.75,0,true,false,121,false,7200,7565.702803990027,0.40005987634755036,0,0
LRM,1.75,0,true,false,122,false,7200,7565.70444620329,0.40005987715210567,0,0
LRM,1.75,0,true,false,123,false,7200,7565.7025777750005,0.40005987623603106,0,0
LRM,1.75,0,true,false,124,false,7200,7565.702286906516,0.40005987609522836,0,0
LRM,1.75,0,true,false,125,false,7200,7565.701439253133,0.40005987567824675,0,0
LRM,1.75,0,true,false,126,false,7200,7565.70457272627,0.40005987721458536,0,0
LRM,1.75,0,true,false,127,false,7200,7565.701632027342,0.40005987577384117,0,0
LRM,1.8199999999999998,0,false,false,0,false,7200,12939.50000000056,0.4001898185255015,0,0
LRM,1.8199999999999998,0,false,false,1,false,7200,12939.50000000056,0.4001898185255015,0,0
LRM,1.8199999999999998,0,false,false,2,false,7200,12939.50000000056,0.4001898185255015,0,0
LRM,1.8199999999999998,0,false,false,3,false,7200,12939.50000000056,0.4001898185255015,0,0
LRM,1.8199999999999998,0,false,false,4,false,7200,12939.50000000056,0.4001898185255015,0,0
LRM,1.8199999999999998,0,false,false,5,false,7200,12939.50000000056,0.4001898185255015,0,0
LRM,1.8199999999999998,0,false,false,6,false,7200,12939.50000000056,0.4001898185255015,0,0
LRM,1.8199999999999998,0,false,false,7,false,7200,12939.50000000056,0.4001898185255015,0,0
LRM,1.8199999999999998,0,false,false,8,false,7200,12939.50000000056,0.4001898185255015,0,0
LRM,1.8199999999999998,0,false,false,9,false,7200,12939.50000000056,0.4001898185255015,0,0
LRM,1.8199999999999998,0,false,false,10,false,7200,12939.50000000056,0.4001898185255015,0,0
LRM,1.8199999999999998,0,false,false,11,false,7200,12939.50000000056,0.4001898185255015,0,0
LRM,1.8199999999999998,0,false,false,12,false,7200,12939.50000000056,0.4001898185255015,0,0
LRM,1.8199999999999998,0,false,false,13,false,7200,12939.50000000056,0.4001898185255015,0,0
LRM,1.8199999999999998,0,false,false,14,false,7200,12939.50000000056,0.4001898185255015,0,0
LRM,1.8199999999999998,0,false,false,15,false,7200,12939.50000000056,0.4001898185255015,0,0
LRM,1.8199999999999998,0,false,false,16,false,7200,12939.50000000056,0.4001898185255015,0,0
LRM,1.8199999999999998,0,false,false,17,false,7200,12939.50000000056,0.4001898185255015,0,0
LRM,1.8199999999999998,0,false,false,18,false,7200,12939.50000000056,0.4001898185255015,0,0
LRM,1.8199999999999998,0,false,false,19,false,7200,12939.50000000056,0.4001898185255015,0,0
LRM,1.8199999999999998,0,false,false,20,false,7200,12939.50000000056,0.4001898185255015,0,0
LRM,1.8199999999999998,0,false,false,21,false,7200,12939.50000000056,0.4001898185255015,0,0
LRM,1.8199999999999998,0,false,false,22,false,7200,12939.50000000056,0.4001898185255015,0,0
LRM,1.8199999999999998,0,false,false,23,false,7200,12939.50000000056,0.4001898185255015,0,0
LRM,1.8199999999999998,0,false,false,24,false,7200,12939.50000000056,0.4001898185255015,0,0
LRM,1.8199999999999998,0,false,false,25,false,7200,12939.50000000056,0.4001898185255015,0,0
LRM,1.8199999999999998,0,false,false,26,false,7200,12939.50000000056,0.4001898185255015,0,0
LRM,1.8199999999999998,0,false,false,27,false,7200,12939.50000000056,0.4001898185255015,0,0
LRM,1.8199999999999998,0,false,false,28,false,7200,12939.50000000056,0.4001898185255015,0,0
LRM,1.8199999999999998,0,false,false,29,false,7200,12939.50000000056,0.4001898185255015,0,0
LRM,1.8199999999999998,0,false,false,30,false,7200,12939.50000000056,0.4001898185255015,0,0
LRM,1.8199999999999998,0,false,false,31,false,7200,12939.50000000056,0.4001898185255015,0,0
LRM,1.8199999999999998,0,false,false,32,false,7200,12939.50000000056,0.4001898185255015,0,0
LRM,1.8199999999999998,0,false,false,33,false,7200,12939.50000000056,0.4001898185255015,0,0
LRM,1.8199999999999998,0,false,false,34,false,7200,12939.50000000056,0.4001898185255015,0,0
LRM,1.8199999999999998,0,false,false,35,false,7200,12939.50000000056,0.4001898185255015,0,0
LRM,1.8199999999999998,0,false,false,36,false,7200,12939.50000000056,0.4001898185255015,0,0
LRM,1.8199999999999998,0,false,false,37,false,7200,12939.50000000056,0.4001898185255015,0,0
LRM,1.8199999999999998,0,false,false,38,false,7200,12939.50000000056,0.4001898185255015,0,0
LRM,1.8199999999999998,0,false,false,39,false,7200,12939.50000000056,0.4001898185255015,0,0
LRM,1.8199999999999998,0,false,false,40,false,7200,12939.50000000056,0.4001898185255015,0,0
LRM,1.8199999999999998,0,false,false,41,false,7200,12939.50000000056,0.4001898185255015,0,0
LRM,1.8199999999999998,0,false,false,42,false,7200,12939.50000000056,0.4001898185255015,0,0
LRM,1.8199999999999998,0,false,false,43,false,7200,12939.50000000056,0.4001898185255015,0,0
LRM,1.8199999999999998,0,false,false,44,false,7200,12939.50000000056,0.4001898185255015,0,0
LRM,1.8199999999999998,0,false,false,45,false,7200,12939.50000000056,0.4001898185255015,0,0
LRM,1.8199999999999998,0,false,false,46,false,7200,12939.50000000056,0.4001898185255015,0,0
LRM,1.8199999999999998,0,false,false,47,false,7200,12939.50000000056,0.4001898185255015,0,0
LRM,1.8199999999999998,0,false,false,48,false,7200,12939.50000000056,0.4001898185255015,0,0
LRM,1.8199999999999998,0,false,false,49,false,7200,12939.50000000056,0.4001898185255015,0,0
LRM,1.8199999999999998,0,false,false,50,false,7200,12939.50000000056,0.4001898185255015,0,0
LRM,1.8199999999999998,0,false,false,51,false,7200,12939.50000000056,0.4001898185255015,0,0
LRM,1.8199999999999998,0,false,false,52,false,7200,12939.50000000056,0.4001898185255015,0,0
LRM,1.8199999999999998,0,false,false,53,false,7200,12939.50000000056,0.4001898185255015,0,0
LRM,1.8199999999999998,0,false,false,54,false,7200,12939.50000000056,0.4001898185255015,0,0
LRM,1.8199999999999998,0,false,false,55,false,7200,12939.50000000056,0.4001898185255015,0,0
LRM,1.8199999999999998,0,false,false,56,false,7200,12939.50000000056,0.4001898185255015,0,0
LRM,1.8199999999999998,0,false,false,57,false,7200,12939.50000000056,0.4001898185255015,0,0
LRM,1.8199999999999998,0,false,false,58,false,7200,12939.50000000056,0.4001898185255015,0,0
LRM,1.8199999999999998,0,false,false,59,false,7200,12939.50000000056,0.4001898185255015,0,0
LRM,1.8199999999999998,0,false,false,60,false,7200,12939.50000000056,0.4001898185255015,0,0
LRM,1.8199999999999998,0,false,false,61,false,7200,12939.50000000056,0.4001898185255015,0,0
LRM,1.8199999999999998,0,false,false,62,false,7200,12939.50000000056,0.4001898185255015,0,0
LRM,1.8199999999999998,0,false,false,63,false,7200,12939.50000000056,0.4001898185255015,0,0
LRM,1.8199999999999998,0,false,false,64,false,7200,12939.50000000056,0.4001898185255015,0,0
LRM,1.8199999999999998,0,false,false,65,false,7200,12939.50000000056,0.4001898185255015,0,0
LRM,1.8199999999999998,0,false,false,66,false,7200,12939.50000000056,0.4001898185255015,0,0
LRM,1.8199999999999998,0,false,false,67,false,7200,12939.50000000056,0.4001898185255015,0,0
LRM,1.8199999999999998,0,false,false,68,false,7200,12939.50000000056,0.4001898185255015,0,0
LRM,1.8199999999999998,0,false,false,69,false,7200,12939.50000000056,0.4001898185255015,0,0
LRM,1.8199999999999998,0,false,false,70,false,7200,12939.50000000056,0.4001898185255015,0,0
LRM,1.8199999999999998,0,false,false,71,false,7200,12939.50000000056,0.4001898185255015,0,0
LRM,1.8199999999999998,0,false,false,72,false,7200,12939.50000000056,0.4001898185255015,0,0
LRM,1.8199999999999998,0,false,false,73,false,7200,12939.50000000056,0.4001898185255015,0,0
LRM,1.8199999999999998,0,false,false,74,false,7200,12939.50000000056,0.4001898185255015,0,0
LRM,1.8199999999999998,0,false,false,75,false,7200,12939.50000000056,0.4001898185255015,0,0
LRM,1.8199999999999998,0,false,false,76,false,7200,12939.50000000056,0.4001898185255015,0,0
LRM,1.8199999999999998,0,false,false,77,false,7200,12939.50000000056,0.4001898185255015,0,0
LRM,1.8199999999999998,0,false,false,78,false,7200,12939.50000000056,0.4001898185255015,0,0
LRM,1.8199999999999998,0,false,false,79,false,7200,12939.50000000056,0.4001898185255015,0,0
LRM,1.8199999999999998,0,false,false,80,false,7200,12939.50000000056,0.4001898185255015,0,0
LRM,1.8199999999999998,0,false,false,81,false,7200,12939.50000000056,0.4001898185255015,0,0
LRM,1.8199999999999998,0,false,false,82,false,7200,12939.50000000056,0.4001898185255015,0,0
LRM,1.8199999999999998,0,false,false,83,false,7200,12939.50000000056,0.4001898185255015,0,0
LRM,1.8199999999999998,0,false,false,84,false,7200,12939.50000000056,0.4001898185255015,0,0
LRM,1.8199999999999998,0,false,false,85,false,7200,12939.50000000056,0.4001898185255015,0,0
LRM,1.8199999999999998,0,false,false,86,false,7200,12939.50000000056,0.4001898185255015,0,0
LRM,1.8199999999999998,0,false,false,87,false,7200,12939.50000000056,0.4001898185255015,0,0
LRM,1.8199999999999998,0,false,false,88,false,7200,12939.50000000056,0.4001898185255015,0,0
LRM,1.8199999999999998,0,false,false,89,false,7200,12939.50000000056,0.4001898185255015,0,0
LRM,1.8199999999999998,0,false,false,90,false,7200,12939.50000000056,0.4001898185255015,0,0
LRM,1.8199999999999998,0,false,false,91,false,7200,12939.50000000056,0.4001898185255015,0,0
LRM,1.8199999999999998,0,false,false,92,false,7200,12939.50000000056,0.4001898185255015,0,0
LRM,1.8199999999999998,0,false,false,93,false,7200,12939.50000000056,0.4001898185255015,0,0
LRM,1.8199999999999998,0,false,false,94,false,7200,12939.50000000056,0.4001898185255015,0,0
LRM,1.8199999999999998,0,false,false,95,false,7200,12939.50000000056,0.4001898185255015,0,0
LRM,1.8199999999999998,0,false,false,96,false,7200,12939.50000000056,0.4001898185255015,0,0
LRM,1.8199999999999998,0,false,false,97,false,7200,12939.50000000056,0.4001898185255015,0,0
LRM,1.8199999999999998,0,false,false,98,false,7200,12939.50000000056,0.4001898185255015,0,0
LRM,1.8199999999999998,0,false,false,99,false,7200,12939.50000000056,0.4001898185255015,0,0
LRM,1.8199999999999998,0,false,false,100,false,7200,12939.50000000056,0.4001898185255015,0,0
LRM,1.8199999999999998,0,false,false,101,false,7200,12939.50000000056,0.4001898185255015,0,0
LRM,1.8199999999999998,0,false,false,102,false,7200,12939.50000000056,0.4001898185255015,0,0
LRM,1.8199999999999998,0,false,false,103,false,7200,12939.50000000056,0.4001898185255015,0,0
LRM,1.8199999999999998,0,false,false,104,false,7200,12939.50000000056,0.4001898185255015,0,0
LRM,1.8199999999999998,0,false,false,105,false,7200,12939.50000000056,0.4001898185255015,0,0
LRM,1.8199999999999998,0,false,false,106,false,7200,12939.50000000056,0.4001898185255015,0,0
LRM,1.8199999999999998,0,false,false,107,false,7200,12939.50000000056,0.4001898185255015,0,0
LRM,1.8199999999999998,0,false,false,108,false,7200,12939.50000000056,0.4001898185255015,0,0
LRM,1.8199999999999998,0,false,false,109,false,7200,12939.50000000056,0.4001898185255015,0,0
LRM,1.8199999999999998,0,false,false,110,false,7200,12939.50000000056,0.4001898185255015,0,0
LRM,1.8199999999999998,0,false,false,111,false,7200,12939.50000000056,0.4001898185255015,0,0
LRM,1.8199999999999998,0,false,false,112,false,7200,12939.50000000056,0.4001898185255015,0,0
LRM,1.8199999999999998,0,false,false,113,false,7200,12939.50000000056,0.4001898185255015,0,0
LRM,1.8199999999999998,0,false,false,114,false,7200,12939.50000000056,0.4001898185255015,0,0
LRM,1.8199999999999998,0,false,false,115,false,7200,12939.50000000056,0.4001898185255015,0,0
LRM,1.8199999999999998,0,false,false,116,false,7200,12939.50000000056,0.4001898185255015,0,0
LRM,1.8199999999999998,0,false,false,117,false,7200,12939.50000000056,0.4001898185255015,0,0
LRM,1.8199999999999998,0,false,false,118,false,7200,12939.50000000056,0.4001898185255015,0,0
LRM,1.8199999999999998,0,false,false,119,false,7200,12939.50000000056,0.4001898185255015,0,0
LRM,1.8199999999999998,0,false,false,120,false,7200,12939.50000000056,0.4001898185255015,0,0
LRM,1.8199999999999998,0,false,false,121,false,7200,12939.50000000056,0.4001898185255015,0,0
LRM,1.8199999999999998,0,false,false,122,false,7200,12939.50000000056,0.4001898185255015,0,0
LRM,1.8199999999999998,0,false,false,123,false,7200,12939.50000000056,0.4001898185255015,0,0
LRM,1.8199999999999998,0,false,false,124,false,7200,12939.50000000056,0.4001898185255015,0,0
LRM,1.8199999999999998,0,false,false,125,false,7200,12939.50000000056,0.4001898185255015,0,0
LRM,1.8199999999999998,0,false,false,126,false,7200,12939.50000000056,0.4001898185255015,0,0
LRM,1.8199999999999998,0,false,false,127,false,7200,12939.50000000056,0.4001898185255015,0,0
LRM,1.8199999999999998,0,true,false,0,false,7200,7051.949385396068,0.40009665547802137,0,0
LRM,1.8199999999999998,0,true,false,1,false,7200,7051.951246013653,0.40009665595106014,0,0
LRM,1.8199999999999998,0,true,false,2,false,7200,7051.9486732295545,0.4000966552970379,0,0
LRM,1.8199999999999998,0,true,false,3,false,7200,7051.950879266831,0.40009665585800963,0,0
LRM,1.8199999999999998,0,true,false,4,false,7200,7051.947890037093,0.40009665509846726,0,0
LRM,1.8199999999999998,0,true,false,5,false,7200,7051.951970457028,0.4000966561349536,0,0
LRM,1.8199999999999998,0,true,false,6,false,7200,7051.948161222171,0.4000966551676517,0,0
LRM,1.8199999999999998,0,true,false,7,false,7200,7051.949946276349,0.40009665562045216,0,0
LRM,1.8199999999999998,0,true,false,8,false,7200,7051.951261448886,0.40009665595482846,0,0
LRM,1.8199999999999998,0,true,false,9,false,7200,7051.947880926949,0.4000966550953385,0,0
LRM,1.8199999999999998,0,true,false,10,false,7200,7051.952642672164,0.4000966563067802,0,0
LRM,1.8199999999999998,0,true,false,11,false,7200,7051.952532229457,0.4000966562782433,0,0
LRM,1.8199999999999998,0,true,false,12,false,7200,7051.948442021393,0.400096655238586,0,0
LRM,1.8199999999999998,0,true,false,13,false,7200,7051.948712322649,0.4000966553073816,0,0
LRM,1.8199999999999998,0,true,false,14,false,7200,7051.952285847369,0.4000966562154999,0,0
LRM,1.8199999999999998,0,true,false,15,false,7200,7051.947771286327,0.40009665506802167,0,0
LRM,1.8199999999999998,0,true,false,16,false,7200,7051.9507315359015,0.4000966558198527,0,0
LRM,1.8199999999999998,0,true,false,17,false,7200,7051.952197659262,0.4000966561935866,0,0
LRM,1.8199999999999998,0,true,false,18,false,7200,7051.950618005929,0.40009665579213,0,0
LRM,1.8199999999999998,0,true,false,19,false,7200,7051.947973653811,0.40009665511966325,0,0
LRM,1.8199999999999998,0,true,false,20,false,7200,7051.951336153842,0.40009665597376537,0,0
LRM,1.8199999999999998,0,true,false,21,false,7200,7051.951047710192,0.40009665590044635,0,0
LRM,1.8199999999999998,0,true,false,22,false,7200,7051.949696728434,0.4000966555571564,0,0
LRM,1.8199999999999998,0,true,false,23,false,7200,7051.949424399634,0.4000966554885687,0,0
LRM,1.8199999999999998,0,true,false,24,false,7200,7051.952340900423,0.4000966562293045,0,0
LRM,1.8199999999999998,0,true,false,25,false,7200,7051.947759931351,0.40009665506553027,0,0
LRM,1.8199999999999998,0,true,false,26,false,7200,7051.950976451718,0.40009665588335563,0,0
LRM,1.8199999999999998,0,true,false,27,false,7200,7051.951273986816,0.4000966559583637,0,0
LRM,1.8199999999999998,0,true,false,28,false,7200,7051.9497987875975,0.40009665558348745,0,0
LRM,1.8199999999999998,0,true,false,29,false,7200,7051.951951920438,0.4000966561304295,0,0
LRM,1.8199999999999998,0,true,false,30,false,7200,7051.947736812003,0.4000966550592227,0,0
LRM,1.8199999999999998,0,true,false,31,false,7200,7051.950439616384,0.40009665574550585,0,0
LRM,1.8199999999999998,0,true,false,32,false,7200,7051.947991508538,0.400096655123554,0,0
LRM,1.8199999999999998,0,true,false,33,false,7200,7051.952740732827,0.4000966563317524,0,0
LRM,1.8199999999999998,0,true,false,34,false,7200,7051.948197736254,0.4000966551757953,0,0
LRM,1.8199999999999998,0,true,false,35,false,7200,7051.95263066299,0.400096656303648,0,0
LRM,1.8199999999999998,0,true,false,36,false,7200,7051.952039600795,0.4000966561527931,0,0
LRM,1.8199999999999998,0,true,false,37,false,7200,7051.94810650904,0.40009665515302956,0,0
LRM,1.8199999999999998,0,true,false,38,false,7200,7051.95264325911,0.40009665630591124,0,0
LRM,1.8199999999999998,0,true,false,39,false,7200,7051.95123800224,0.4000966559495486,0,0
LRM,1.8199999999999998,0,true,false,40,false,7200,7051.950254064261,0.4000966556993834,0,0
LRM,1.8199999999999998,0,true,false,41,false,7200,7051.94939682744,0.4000966554806034,0,0
LRM,1.8199999999999998,0,true,false,42,false,7200,7051.949031152431,0.40009665538815653,0,0
LRM,1.8199999999999998,0,true,false,43,false,7200,7051.952496802268,0.4000966562693942,0,0
LRM,1.8199999999999998,0,true,false,44,false,7200,7051.947885426138,0.4000966550973316,0,0
LRM,1.8199999999999998,0,true,false,45,false,7200,7051.94766125537,0.4000966550394077,0,0
LRM,1.8199999999999998,0,true,false,46,false,7200,7051.9494675390415,0.40009665549974416,0,0
LRM,1.8199999999999998,0,true,false,47,false,7200,7051.951808861036,0.4000966560946813,0,0
LRM,1.8199999999999998,0,true,false,48,false,7200,7051.9485262267235,0.4000966552598328,0,0
LRM,1.8199999999999998,0,true,false,49,false,7200,7051.95248247436,0.4000966562652075,0,0
LRM,1.8199999999999998,0,true,false,50,false,7200,7051.951218785731,0.40009665594428045,0,0
LRM,1.8199999999999998,0,true,false,51,false,7200,7051.950361660408,0.40009665572596137,0,0
LRM,1.8199999999999998,0,true,false,52,false,7200,7051.947751081143,0.4000966550634613,0,0
LRM,1.8199999999999998,0,true,false,53,false,7200,7051.951698660775,0.40009665606680345,0,0
LRM,1.8199999999999998,0,true,false,54,false,7200,7051.951794725157,0.4000966560909202,0,0
LRM,1.8199999999999998,0,true,false,55,false,7200,7051.952562474536,0.40009665628536506,0,0
LRM,1.8199999999999998,0,true,false,56,false,7200,7051.947955704467,0.40009665511451115,0,0
LRM,1.8199999999999998,0,true,false,57,false,7200,7051.949679081866,0.4000966555523828,0,0
LRM,1.8199999999999998,0,true,false,58,false,7200,7051.948375525814,0.40009665522112214,0,0
LRM,1.8199999999999998,0,true,false,59,false,7200,7051.950378481145,0.40009665573026015,0,0
LRM,1.8199999999999998,0,true,false,60,false,7200,7051.9511183588775,0.4000966559191071,0,0
LRM,1.8199999999999998,0,true,false,61,false,7200,7051.950741859764,0.4000966558230825,0,0
LRM,1.8199999999999998,0,true,false,62,false,7200,7051.951482884969,0.4000966560112168,0,0
LRM,1.8199999999999998,0,true,false,63,false,7200,7051.950208049816,0.4000966556878338,0,0
LRM,1.8199999999999998,0,true,false,64,false,7200,7051.952410353716,0.40009665624729746,0,0
LRM,1.8199999999999998,0,true,false,65,false,7200,7051.951614400052,0.40009665604452976,0,0
LRM,1.8199999999999998,0,true,false,66,false,7200,7051.949790090204,0.40009665558159285,0,0
LRM,1.8199999999999998,0,true,false,67,false,7200,7051.951100681727,0.40009665591396937,0,0
LRM,1.8199999999999998,0,true,false,68,false,7200,7051.950407469563,0.40009665573847686,0,0
LRM,1.8199999999999998,0,true,false,69,false,7200,7051.948207780225,0.4000966551788178,0,0
LRM,1.8199999999999998,0,true,false,70,false,7200,7051.9510674777475,0.4000966559054947,0,0
LRM,1.8199999999999998,0,true,false,71,false,7200,7051.949906252048,0.4000966556103669,0,0
LRM,1.8199999999999998,0,true,false,72,false,7200,7051.947930287314,0.4000966551088239,0,0
LRM,1.8199999999999998,0,true,false,73,false,7200,7051.949796126679,0.4000966555821903,0,0
LRM,1.8199999999999998,0,true,false,74,false,7200,7051.948998234734,0.40009665538021943,0,0
LRM,1.8199999999999998,0,true,false,75,false,7200,7051.948774405239,0.4000966553231181,0,0
LRM,1.8199999999999998,0,true,false,76,false,7200,7051.95263931308,0.40009665630607455,0,0
LRM,1.8199999999999998,0,true,false,77,false,7200,7051.9503016920835,0.4000966557111837,0,0
LRM,1.8199999999999998,0,true,false,78,false,7200,7051.9513131576405,0.400096655968302,0,0
LRM,1.8199999999999998,0,true,false,79,false,7200,7051.948694732604,0.40009665530241845,0,0
LRM,1.8199999999999998,0,true,false,80,false,7200,7051.952069492219,0.4000966561612764,0,0
LRM,1.8199999999999998,0,true,false,81,false,7200,7051.948701654262,0.40009665530455707,0,0
LRM,1.8199999999999998,0,true,false,82,false,7200,7051.952014274371,0.40009665614650913,0,0
LRM,1.8199999999999998,0,true,false,83,false,7200,7051.952402722467,0.40009665624565677,0,0
LRM,1.8199999999999998,0,true,false,84,false,7200,7051.951650153026,0.40009665605426964,0,0
LRM,1.8199999999999998,0,true,false,85,false,7200,7051.948819036616,0.4000966553345354,0,0
LRM,1.8199999999999998,0,true,false,86,false,7200,7051.949668226438,0.40009665554966817,0,0
LRM,1.8199999999999998,0,true,false,87,false,7200,7051.949132619608,0.40009665541366524,0,0
LRM,1.8199999999999998,0,true,false,88,false,7200,7051.947937077901,0.40009665511020653,0,0
LRM,1.8199999999999998,0,true,false,89,false,7200,7051.948615185596,0.40009665528266475,0,0
LRM,1.8199999999999998,0,true,false,90,false,7200,7051.951113226078,0.40009665591713983,0,0
LRM,1.8199999999999998,0,true,false,91,false,7200,7051.947995715029,0.40009665512544823,0,0
LRM,1.8199999999999998,0,true,false,92,false,7200,7051.951114182846,0.4000966559169631,0,0
LRM,1.8199999999999998,0,true,false,93,false,7200,7051.951504476418,0.4000966560175145,0,0
LRM,1.8199999999999998,0,true,false,94,false,7200,7051.952100407577,0.40009665616850737,0,0
LRM,1.8199999999999998,0,true,false,95,false,7200,7051.949491766057,0.40009665550520657,0,0
LRM,1.8199999999999998,0,true,false,96,false,7200,7051.950734510119,0.40009665582112747,0,0
LRM,1.8199999999999998,0,true,false,97,false,7200,7051.952383895567,0.40009665624073776,0,0
LRM,1.8199999999999998,0,true,false,98,false,7200,7051.951348881341,0.40009665597727834,0,0
LRM,1.8199999999999998,0,true,false,99,false,7200,7051.951574075406,0.4000966560351903,0,0
LRM,1.8199999999999998,0,true,false,100,false,7200,7051.952428185458,0.4000966562523339,0,0
LRM,1.8199999999999998,0,true,false,101,false,7200,7051.9488179709915,0.40009665533344235,0,0
LRM,1.8199999999999998,0,true,false,102,false,7200,7051.951090096837,0.4000966559119524,0,0
LRM,1.8199999999999998,0,true,false,103,false,7200,7051.951970488667,0.4000966561350344,0,0
LRM,1.8199999999999998,0,true,false,104,false,7200,7051.9519691293735,0.4000966561355438,0,0
LRM,1.8199999999999998,0,true,false,105,false,7200,7051.9485455997,0.4000966552644568,0,0
LRM,1.8199999999999998,0,true,false,106,false,7200,7051.947713786758,0.40009665505324393,0,0
LRM,1.8199999999999998,0,true,false,107,false,7200,7051.947915387544,0.4000966551041706,0,0
LRM,1.8199999999999998,0,true,false,108,false,7200,7051.949744799312,0.4000966555690285,0,0
LRM,1.8199999999999998,0,true,false,109,false,7200,7051.951826364476,0.40009665609882566,0,0
LRM,1.8199999999999998,0,true,false,110,false,7200,7051.949026912131,0.40009665538727957,0,0
LRM,1.8199999999999998,0,true,false,111,false,7200,7051.9520346283025,0.4000966561520736,0,0
LRM,1.8199999999999998,0,true,false,112,false,7200,7051.949084077455,0.40009665540155326,0,0
LRM,1.8199999999999998,0,true,false,113,false,7200,7051.9506887645775,0.4000966558089415,0,0
LRM,1.8199999999999998,0,true,false,114,false,7200,7051.951518338611,0.40009665602029304,0,0
LRM,1.8199999999999998,0,true,false,115,false,7200,7051.949113268594,0.4000966554090257,0,0
LRM,1.8199999999999998,0,true,false,116,false,7200,7051.949705508992,0.4000966555596475,0,0
LRM,1.8199999999999998,0,true,false,117,false,7200,7051.950719457593,0.40009665581757103,0,0
LRM,1.8199999999999998,0,true,false,118,false,7200,7051.952173828277,0.40009665618635404,0,0
LRM,1.8199999999999998,0,true,false,119,false,7200,7051.951552279084,0.4000966560295087,0,0
LRM,1.8199999999999998,0,true,false,120,false,7200,7051.9514388473635,0.4000966560006464,0,0
LRM,1.8199999999999998,0,true,false,121,false,7200,7051.949841364149,0.400096655594205,0,0
LRM,1.8199999999999998,0,true,false,122,false,7200,7051.952379448562,0.40009665623924384,0,0
LRM,1.8199999999999998,0,true,false,123,false,7200,7051.949491706538,0.4000966555047247,0,0
LRM,1.8199999999999998,0,true,false,124,false,7200,7051.949044105317,0.40009665539199946,0,0
LRM,1.8199999999999998,0,true,false,125,false,7200,7051.947732121861,0.40009665505757364,0,0
LRM,1.8199999999999998,0,true,false,126,false,7200,7051.952575399126,0.40009665628938335,0,0
LRM,1.8199999999999998,0,true,false,127,false,7200,7051.948030863373,0.4000966551343067,0,0
LRM,2.0999999999999996,0,false,false,0,false,7200,12939.50000000056,0.4001898185255015,0,0
LRM,2.0999999999999996,0,false,false,1,false,7200,12939.50000000056,0.4001898185255015,0,0
LRM,2.0999999999999996,0,false,false,2,false,7200,12939.50000000056,0.4001898185255015,0,0
LRM,2.0999999999999996,0,false,false,3,false,7200,12939.50000000056,0.4001898185255015,0,0
LRM,2.0999999999999996,0,false,false,4,false,7200,12939.50000000056,0.4001898185255015,0,0
LRM,2.0999999999999996,0,false,false,5,false,7200,12939.50000000056,0.4001898185255015,0,0
LRM,2.0999999999999996,0,false,false,6,false,7200,12939.50000000056,0.4001898185255015,0,0
LRM,2.0999999999999996,0,false,false,7,false,7200,12939.50000000056,0.4001898185255015,0,0
LRM,2.0999999999999996,0,false,false,8,false,7200,12939.50000000056,0.4001898185255015,0,0
LRM,2.0999999999999996,0,false,false,9,false,7200,12939.50000000056,0.4001898185255015,0,0
LRM,2.0999999999999996,0,false,false,10,false,7200,12939.50000000056,0.4001898185255015,0,0
LRM,2.0999999999999996,0,false,false,11,false,7200,12939.50000000056,0.4001898185255015,0,0
LRM,2.0999999999999996,0,false,false,12,false,7200,12939.50000000056,0.4001898185255015,0,0
LRM,2.0999999999999996,0,false,false,13,false,7200,12939.50000000056,0.4001898185255015,0,0
LRM,2.0999999999999996,0,false,false,14,false,7200,12939.50000000056,0.4001898185255015,0,0
LRM,2.0999999999999996,0,false,false,15,false,7200,12939.50000000056,0.4001898185255015,0,0
LRM,2.0999999999999996,0,false,false,16,false,7200,12939.50000000056,0.4001898185255015,0,0
LRM,2.0999999999999996,0,false,false,17,false,7200,12939.50000000056,0.4001898185255015,0,0
LRM,2.0999999999999996,0,false,false,18,false,7200,12939.50000000056,0.4001898185255015,0,0
LRM,2.0999999999999996,0,false,false,19,false,7200,12939.50000000056,0.4001898185255015,0,0
LRM,2.0999999999999996,0,false,false,20,false,7200,12939.50000000056,0.4001898185255015,0,0
LRM,2.0999999999999996,0,false,false,21,false,7200,12939.50000000056,0.4001898185255015,0,0
LRM,2.0999999999999996,0,false,false,22,false,7200,12939.50000000056,0.4001898185255015,0,0
LRM,2.0999999999999996,0,false,false,23,false,7200,12939.50000000056,0.4001898185255015,0,0
LRM,2.0999999999999996,0,false,false,24,false,7200,12939.50000000056,0.4001898185255015,0,0
LRM,2.0999999999999996,0,false,false,25,false,7200,12939.50000000056,0.4001898185255015,0,0
LRM,2.0999999999999996,0,false,false,26,false,7200,12939.50000000056,0.4001898185255015,0,0
LRM,2.0999999999999996,0,false,false,27,false,7200,12939.50000000056,0.4001898185255015,0,0
LRM,2.0999999999999996,0,false,false,28,false,7200,12939.50000000056,0.4001898185255015,0,0
LRM,2.0999999999999996,0,false,false,29,false,7200,12939.50000000056,0.4001898185255015,0,0
LRM,2.0999999999999996,0,false,false,30,false,7200,12939.50000000056,0.4001898185255015,0,0
LRM,2.0999999999999996,0,false,false,31,false,7200,12939.50000000056,0.4001898185255015,0,0
LRM,2.0999999999999996,0,false,false,32,false,7200,12939.50000000056,0.4001898185255015,0,0
LRM,2.0999999999999996,0,false,false,33,false,7200,12939.50000000056,0.4001898185255015,0,0
LRM,2.0999999999999996,0,false,false,34,false,7200,12939.50000000056,0.4001898185255015,0,0
LRM,2.0999999999999996,0,false,false,35,false,7200,12939.50000000056,0.4001898185255015,0,0
LRM,2.0999999999999996,0,false,false,36,false,7200,12939.50000000056,0.4001898185255015,0,0
LRM,2.0999999999999996,0,false,false,37,false,7200,12939.50000000056,0.4001898185255015,0,0
LRM,2.0999999999999996,0,false,false,38,false,7200,12939.50000000056,0.4001898185255015,0,0
LRM,2.0999999999999996,0,false,false,39,false,7200,12939.50000000056,0.4001898185255015,0,0
LRM,2.0999999999999996,0,false,false,40,false,7200,12939.50000000056,0.4001898185255015,0,0
LRM,2.0999999999999996,0,false,false,41,false,7200,12939.50000000056,0.4001898185255015,0,0
LRM,2.0999999999999996,0,false,false,42,false,7200,12939.50000000056,0.4001898185255015,0,0
LRM,2.0999999999999996,0,false,false,43,false,7200,12939.50000000056,0.4001898185255015,0,0
LRM,2.0999999999999996,0,false,false,44,false,7200,12939.50000000056,0.4001898185255015,0,0
LRM,2.0999999999999996,0,false,false,45,false,7200,12939.50000000056,0.4001898185255015,0,0
LRM,2.0999999999999996,0,false,false,46,false,7200,12939.50000000056,0.4001898185255015,0,0
LRM,2.0999999999999996,0,false,false,47,false,7200,12939.50000000056,0.4001898185255015,0,0
LRM,2.0999999999999996,0,false,false,48,false,7200,12939.50000000056,0.4001898185255015,0,0
LRM,2.0999999999999996,0,false,false,49,false,7200,12939.50000000056,0.4001898185255015,0,0
LRM,2.0999999999999996,0,false,false,50,false,7200,12939.50000000056,0.4001898185255015,0,0
LRM,2.0999999999999996,0,false,false,51,false,7200,12939.50000000056,0.4001898185255015,0,0
LRM,2.0999999999999996,0,false,false,52,false,7200,12939.50000000056,0.4001898185255015,0,0
LRM,2.0999999999999996,0,false,false,53,false,7200,12939.50000000056,0.4001898185255015,0,0
LRM,2.0999999999999996,0,false,false,54,false,7200,12939.50000000056,0.4001898185255015,0,0
LRM,2.0999999999999996,0,false,false,55,false,7200,12939.50000000056,0.4001898185255015,0,0
LRM,2.0999999999999996,0,false,false,56,false,7200,12939.50000000056,0.4001898185255015,0,0
LRM,2.0999999999999996,0,false,false,57,false,7200,12939.50000000056,0.4001898185255015,0,0
LRM,2.0999999999999996,0,false,false,58,false,7200,12939.50000000056,0.4001898185255015,0,0
LRM,2.0999999999999996,0,false,false,59,false,7200,12939.50000000056,0.4001898185255015,0,0
LRM,2.0999999999999996,0,false,false,60,false,7200,12939.50000000056,0.4001898185255015,0,0
LRM,2.0999999999999996,0,false,false,61,false,7200,12939.50000000056,0.4001898185255015,0,0
LRM,2.0999999999999996,0,false,false,62,false,7200,12939.50000000056,0.4001898185255015,0,0
LRM,2.0999999999999996,0,false,false,63,false,7200,12939.50000000056,0.4001898185255015,0,0
LRM,2.0999999999999996,0,false,false,64,false,7200,12939.50000000056,0.4001898185255015,0,0
LRM,2.0999999999999996,0,false,false,65,false,7200,12939.50000000056,0.4001898185255015,0,0
LRM,2.0999999999999996,0,false,false,66,false,7200,12939.50000000056,0.4001898185255015,0,0
LRM,2.0999999999999996,0,false,false,67,false,7200,12939.50000000056,0.4001898185255015,0,0
LRM,2.0999999999999996,0,false,false,68,false,7200,12939.50000000056,0.4001898185255015,0,0
LRM,2.0999999999999996,0,false,false,69,false,7200,12939.50000000056,0.4001898185255015,0,0
LRM,2.0999999999999996,0,false,false,70,false,7200,12939.50000000056,0.4001898185255015,0,0
LRM,2.0999999999999996,0,false,false,71,false,7200,12939.50000000056,0.4001898185255015,0,0
LRM,2.0999999999999996,0,false,false,72,false,7200,12939.50000000056,0.4001898185255015,0,0
LRM,2.0999999999999996,0,false,false,73,false,7200,12939.50000000056,0.4001898185255015,0,0
LRM,2.0999999999999996,0,false,false,74,false,7200,12939.50000000056,0.4001898185255015,0,0
LRM,2.0999999999999996,0,false,false,75,false,7200,12939.50000000056,0.4001898185255015,0,0
LRM,2.0999999999999996,0,false,false,76,false,7200,12939.50000000056,0.4001898185255015,0,0
LRM,2.0999999999999996,0,false,false,77,false,7200,12939.50000000056,0.4001898185255015,0,0
LRM,2.0999999999999996,0,false,false,78,false,7200,12939.50000000056,0.4001898185255015,0,0
LRM,2.0999999999999996,0,false,false,79,false,7200,12939.50000000056,0.4001898185255015,0,0
LRM,2.0999999999999996,0,false,false,80,false,7200,12939.50000000056,0.4001898185255015,0,0
LRM,2.0999999999999996,0,false,false,81,false,7200,12939.50000000056,0.4001898185255015,0,0
LRM,2.0999999999999996,0,false,false,82,false,7200,12939.50000000056,0.4001898185255015,0,0
LRM,2.0999999999999996,0,false,false,83,false,7200,12939.50000000056,0.4001898185255015,0,0
LRM,2.0999999999999996,0,false,false,84,false,7200,12939.50000000056,0.4001898185255015,0,0
LRM,2.0999999999999996,0,false,false,85,false,7200,12939.50000000056,0.4001898185255015,0,0
LRM,2.0999999999999996,0,false,false,86,false,7200,12939.50000000056,0.4001898185255015,0,0
LRM,2.0999999999999996,0,false,false,87,false,7200,12939.50000000056,0.4001898185255015,0,0
LRM,2.0999999999999996,0,false,false,88,false,7200,12939.50000000056,0.4001898185255015,0,0
LRM,2.0999999999999996,0,false,false,89,false,7200,12939.50000000056,0.4001898185255015,0,0
LRM,2.0999999999999996,0,false,false,90,false,7200,12939.50000000056,0.4001898185255015,0,0
LRM,2.0999999999999996,0,false,false,91,false,7200,12939.50000000056,0.4001898185255015,0,0
LRM,2.0999999999999996,0,false,false,92,false,7200,12939.50000000056,0.4001898185255015,0,0
LRM,2.0999999999999996,0,false,false,93,false,7200,12939.50000000056,0.4001898185255015,0,0
LRM,2.0999999999999996,0,false,false,94,false,7200,12939.50000000056,0.4001898185255015,0,0
LRM,2.0999999999999996,0,false,false,95,false,7200,12939.50000000056,0.4001898185255015,0,0
LRM,2.0999999999999996,0,false,false,96,false,7200,12939.50000000056,0.4001898185255015,0,0
LRM,2.0999999999999996,0,false,false,97,false,7200,12939.50000000056,0.4001898185255015,0,0
LRM,2.0999999999999996,0,false,false,98,false,7200,12939.50000000056,0.4001898185255015,0,0
LRM,2.0999999999999996,0,false,false,99,false,7200,12939.50000000056,0.4001898185255015,0,0
LRM,2.0999999999999996,0,false,false,100,false,7200,12939.50000000056,0.4001898185255015,0,0
LRM,2.0999999999999996,0,false,false,101,false,7200,12939.50000000056,0.4001898185255015,0,0
LRM,2.0999999999999996,0,false,false,102,false,7200,12939.50000000056,0.4001898185255015,0,0
LRM,2.0999999999999996,0,false,false,103,false,7200,12939.50000000056,0.4001898185255015,0,0
LRM,2.0999999999999996,0,false,false,104,false,7200,12939.50000000056,0.4001898185255015,0,0
LRM,2.0999999999999996,0,false,false,105,false,7200,12939.50000000056,0.4001898185255015,0,0
LRM,2.0999999999999996,0,false,false,106,false,7200,12939.50000000056,0.4001898185255015,0,0
LRM,2.0999999999999996,0,false,false,107,false,7200,12939.50000000056,0.4001898185255015,0,0
LRM,2.0999999999999996,0,false,false,108,false,7200,12939.50000000056,0.4001898185255015,0,0
LRM,2.0999999999999996,0,false,false,109,false,7200,12939.50000000056,0.4001898185255015,0,0
LRM,2.0999999999999996,0,false,false,110,false,7200,12939.50000000056,0.4001898185255015,0,0
LRM,2.0999999999999996,0,false,false,111,false,7200,12939.50000000056,0.4001898185255015,0,0
LRM,2.0999999999999996,0,false,false,112,false,7200,12939.50000000056,0.4001898185255015,0,0
LRM,2.0999999999999996,0,false,false,113,false,7200,12939.50000000056,0.4001898185255015,0,0
LRM,2.0999999999999996,0,false,false,114,false,7200,12939.50000000056,0.4001898185255015,0,0
LRM,2.0999999999999996,0,false,false,115,false,7200,12939.50000000056,0.4001898185255015,0,0
LRM,2.0999999999999996,0,false,false,116,false,7200,12939.50000000056,0.4001898185255015,0,0
LRM,2.0999999999999996,0,false,false,117,false,7200,12939.50000000056,0.4001898185255015,0,0
LRM,2.0999999999999996,0,false,false,118,false,7200,12939.50000000056,0.4001898185255015,0,0
LRM,2.0999999999999996,0,false,false,119,false,7200,12939.50000000056,0.4001898185255015,0,0
LRM,2.0999999999999996,0,false,false,120,false,7200,12939.50000000056,0.4001898185255015,0,0
LRM,2.0999999999999996,0,false,false,121,false,7200,12939.50000000056,0.4001898185255015,0,0
LRM,2.0999999999999996,0,false,false,122,false,7200,12939.50000000056,0.4001898185255015,0,0
LRM,2.0999999999999996,0,false,false,123,false,7200,12939.50000000056,0.4001898185255015,0,0
LRM,2.0999999999999996,0,false,false,124,false,7200,12939.50000000056,0.4001898185255015,0,0
LRM,2.0999999999999996,0,false,false,125,false,7200,12939.50000000056,0.4001898185255015,0,0
LRM,2.0999999999999996,0,false,false,126,false,7200,12939.50000000056,0.4001898185255015,0,0
LRM,2.0999999999999996,0,false,false,127,false,7200,12939.50000000056,0.4001898185255015,0,0
LRM,2.0999999999999996,0,true,false,0,false,7200,4993.200000000656,0.4001898185255015,0,0
LRM,2.0999999999999996,0,true,false,1,false,7200,4993.200000000656,0.4001898185255015,0,0
LRM,2.0999999999999996,0,true,false,2,false,7200,4993.200000000656,0.4001898185255015,0,0
LRM,2.0999999999999996,0,true,false,3,false,7200,4993.200000000656,0.4001898185255015,0,0
LRM,2.0999999999999996,0,true,false,4,false,7200,4993.200000000656,0.4001898185255015,0,0
LRM,2.0999999999999996,0,true,false,5,false,7200,4993.200000000656,0.4001898185255015,0,0
LRM,2.0999999999999996,0,true,false,6,false,7200,4993.200000000656,0.4001898185255015,0,0
LRM,2.0999999999999996,0,true,false,7,false,7200,4993.200000000656,0.4001898185255015,0,0
LRM,2.0999999999999996,0,true,false,8,false,7200,4993.200000000656,0.4001898185255015,0,0
LRM,2.0999999999999996,0,true,false,9,false,7200,4993.200000000656,0.4001898185255015,0,0
LRM,2.0999999999999996,0,true,false,10,false,7200,4993.200000000656,0.4001898185255015,0,0
LRM,2.0999999999999996,0,true,false,11,false,7200,4993.200000000656,0.4001898185255015,0,0
LRM,2.0999999999999996,0,true,false,12,false,7200,4993.200000000656,0.4001898185255015,0,0
LRM,2.0999999999999996,0,true,false,13,false,7200,4993.200000000656,0.4001898185255015,0,0
LRM,2.0999999999999996,0,true,false,14,false,7200,4993.200000000656,0.4001898185255015,0,0
LRM,2.0999999999999996,0,true,false,15,false,7200,4993.200000000656,0.4001898185255015,0,0
LRM,2.0999999999999996,0,true,false,16,false,7200,4993.200000000656,0.4001898185255015,0,0
LRM,2.0999999999999996,0,true,false,17,false,7200,4993.200000000656,0.4001898185255015,0,0
LRM,2.0999999999999996,0,true,false,18,false,7200,4993.200000000656,0.4001898185255015,0,0
LRM,2.0999999999999996,0,true,false,19,false,7200,4993.200000000656,0.4001898185255015,0,0
LRM,2.0999999999999996,0,true,false,20,false,7200,4993.200000000656,0.4001898185255015,0,0
LRM,2.0999999999999996,0,true,false,21,false,7200,4993.200000000656,0.4001898185255015,0,0
LRM,2.0999999999999996,0,true,false,22,false,7200,4993.200000000656,0.4001898185255015,0,0
LRM,2.0999999999999996,0,true,false,23,false,7200,4993.200000000656,0.4001898185255015,0,0
LRM,2.0999999999999996,0,true,false,24,false,7200,4993.200000000656,0.4001898185255015,0,0
LRM,2.0999999999999996,0,true,false,25,false,7200,4993.200000000656,0.4001898185255015,0,0
LRM,2.0999999999999996,0,true,false,26,false,7200,4993.200000000656,0.4001898185255015,0,0
LRM,2.0999999999999996,0,true,false,27,false,7200,4993.200000000656,0.4001898185255015,0,0
LRM,2.0999999999999996,0,true,false,28,false,7200,4993.200000000656,0.4001898185255015,0,0
LRM,2.0999999999999996,0,true,false,29,false,7200,4993.200000000656,0.4001898185255015,0,0
LRM,2.0999999999999996,0,true,false,30,false,7200,4993.200000000656,0.4001898185255015,0,0
LRM,2.0999999999999996,0,true,false,31,false,7200,4993.200000000656,0.4001898185255015,0,0
LRM,2.0999999999999996,0,true,false,32,false,7200,4993.200000000656,0.4001898185255015,0,0
LRM,2.0999999999999996,0,true,false,33,false,7200,4993.200000000656,0.4001898185255015,0,0
LRM,2.0999999999999996,0,true,false,34,false,7200,4993.200000000656,0.4001898185255015,0,0
LRM,2.0999999999999996,0,true,false,35,false,7200,4993.200000000656,0.4001898185255015,0,0
LRM,2.0999999999999996,0,true,false,36,false,7200,4993.200000000656,0.4001898185255015,0,0
LRM,2.0999999999999996,0,true,false,37,false,7200,4993.200000000656,0.4001898185255015,0,0
LRM,2.0999999999999996,0,true,false,38,false,7200,4993.200000000656,0.4001898185255015,0,0
LRM,2.0999999999999996,0,true,false,39,false,7200,4993.200000000656,0.4001898185255015,0,0
LRM,2.0999999999999996,0,true,false,40,false,7200,4993.200000000656,0.4001898185255015,0,0
LRM,2.0999999999999996,0,true,false,41,false,7200,4993.200000000656,0.4001898185255015,0,0
LRM,2.0999999999999996,0,true,false,42,false,7200,4993.200000000656,0.4001898185255015,0,0
LRM,2.0999999999999996,0,true,false,43,false,7200,4993.200000000656,0.4001898185255015,0,0
LRM,2.0999999999999996,0,true,false,44,false,7200,4993.200000000656,0.4001898185255015,0,0
LRM,2.0999999999999996,0,true,false,45,false,7200,4993.200000000656,0.4001898185255015,0,0
LRM,2.0999999999999996,0,true,false,46,false,7200,4993.200000000656,0.4001898185255015,0,0
LRM,2.0999999999999996,0,true,false,47,false,7200,4993.200000000656,0.4001898185255015,0,0
LRM,2.0999999999999996,0,true,false,48,false,7200,4993.200000000656,0.4001898185255015,0,0
LRM,2.0999999999999996,0,true,false,49,false,7200,4993.200000000656,0.4001898185255015,0,0
LRM,2.0999999999999996,0,true,false,50,false,7200,4993.200000000656,0.4001898185255015,0,0
LRM,2.0999999999999996,0,true,false,51,false,7200,4993.200000000656,0.4001898185255015,0,0
LRM,2.0999999999999996,0,true,false,52,false,7200,4993.200000000656,0.4001898185255015,0,0
LRM,2.0999999999999996,0,true,false,53,false,7200,4993.200000000656,0.4001898185255015,0,0
LRM,2.0999999999999996,0,true,false,54,false,7200,4993.200000000656,0.4001898185255015,0,0
LRM,2.0999999999999996,0,true,false,55,false,7200,4993.200000000656,0.4001898185255015,0,0
LRM,2.0999999999999996,0,true,false,56,false,7200,4993.200000000656,0.4001898185255015,0,0
LRM,2.0999999999999996,0,true,false,57,false,7200,4993.200000000656,0.4001898185255015,0,0
LRM,2.0999999999999996,0,true,false,58,false,7200,4993.200000000656,0.4001898185255015,0,0
LRM,2.0999999999999996,0,true,false,59,false,7200,4993.200000000656,0.4001898185255015,0,0
LRM,2.0999999999999996,0,true,false,60,false,7200,4993.200000000656,0.4001898185255015,0,0
LRM,2.0999999999999996,0,true,false,61,false,7200,4993.200000000656,0.4001898185255015,0,0
LRM,2.0999999999999996,0,true,false,62,false,7200,4993.200000000656,0.4001898185255015,0,0
LRM,2.0999999999999996,0,true,false,63,false,7200,4993.200000000656,0.4001898185255015,0,0
LRM,2.0999999999999996,0,true,false,64,false,7200,4993.200000000656,0.4001898185255015,0,0
LRM,2.0999999999999996,0,true,false,65,false,7200,4993.200000000656,0.4001898185255015,0,0
LRM,2.0999999999999996,0,true,false,66,false,7200,4993.200000000656,0.4001898185255015,0,0
LRM,2.0999999999999996,0,true,false,67,false,7200,4993.200000000656,0.4001898185255015,0,0
LRM,2.0999999999999996,0,true,false,68,false,7200,4993.200000000656,0.4001898185255015,0,0
LRM,2.0999999999999996,0,true,false,69,false,7200,4993.200000000656,0.4001898185255015,0,0
LRM,2.0999999999999996,0,true,false,70,false,7200,4993.200000000656,0.4001898185255015,0,0
LRM,2.0999999999999996,0,true,false,71,false,7200,4993.200000000656,0.4001898185255015,0,0
LRM,2.0999999999999996,0,true,false,72,false,7200,4993.200000000656,0.4001898185255015,0,0
LRM,2.0999999999999996,0,true,false,73,false,7200,4993.200000000656,0.4001898185255015,0,0
LRM,2.0999999999999996,0,true,false,74,false,7200,4993.200000000656,0.4001898185255015,0,0
LRM,2.0999999999999996,0,true,false,75,false,7200,4993.200000000656,0.4001898185255015,0,0
LRM,2.0999999999999996,0,true,false,76,false,7200,4993.200000000656,0.4001898185255015,0,0
LRM,2.0999999999999996,0,true,false,77,false,7200,4993.200000000656,0.4001898185255015,0,0
LRM,2.0999999999999996,0,true,false,78,false,7200,4993.200000000656,0.4001898185255015,0,0
LRM,2.0999999999999996,0,true,false,79,false,7200,4993.200000000656,0.4001898185255015,0,0
LRM,2.0999999999999996,0,true,false,80,false,7200,4993.200000000656,0.4001898185255015,0,0
LRM,2.0999999999999996,0,true,false,81,false,7200,4993.200000000656,0.4001898185255015,0,0
LRM,2.0999999999999996,0,true,false,82,false,7200,4993.200000000656,0.4001898185255015,0,0
LRM,2.0999999999999996,0,true,false,83,false,7200,4993.200000000656,0.4001898185255015,0,0
LRM,2.0999999999999996,0,true,false,84,false,7200,4993.200000000656,0.4001898185255015,0,0
LRM,2.0999999999999996,0,true,false,85,false,7200,4993.200000000656,0.4001898185255015,0,0
LRM,2.0999999999999996,0,true,false,86,false,7200,4993.200000000656,0.4001898185255015,0,0
LRM,2.0999999999999996,0,true,false,87,false,7200,4993.200000000656,0.4001898185255015,0,0
LRM,2.0999999999999996,0,true,false,88,false,7200,4993.200000000656,0.4001898185255015,0,0
LRM,2.0999999999999996,0,true,false,89,false,7200,4993.200000000656,0.4001898185255015,0,0
LRM,2.0999999999999996,0,true,false,90,false,7200,4993.200000000656,0.4001898185255015,0,0
LRM,2.0999999999999996,0,true,false,91,false,7200,4993.200000000656,0.4001898185255015,0,0
LRM,2.0999999999999996,0,true,false,92,false,7200,4993.200000000656,0.4001898185255015,0,0
LRM,2.0999999999999996,0,true,false,93,false,7200,4993.200000000656,0.4001898185255015,0,0
LRM,2.0999999999999996,0,true,false,94,false,7200,4993.200000000656,0.4001898185255015,0,0
LRM,2.0999999999999996,0,true,false,95,false,7200,4993.200000000656,0.4001898185255015,0,0
LRM,2.0999999999999996,0,true,false,96,false,7200,4993.200000000656,0.4001898185255015,0,0
LRM,2.0999999999999996,0,true,false,97,false,7200,4993.200000000656,0.4001898185255015,0,0
LRM,2.0999999999999996,0,true,false,98,false,7200,4993.200000000656,0.4001898185255015,0,0
LRM,2.0999999999999996,0,true,false,99,false,7200,4993.200000000656,0.4001898185255015,0,0
LRM,2.0999999999999996,0,true,false,100,false,7200,4993.200000000656,0.4001898185255015,0,0
LRM,2.0999999999999996,0,true,false,101,false,7200,4993.200000000656,0.4001898185255015,0,0
LRM,2.0999999999999996,0,true,false,102,false,7200,4993.200000000656,0.4001898185255015,0,0
LRM,2.0999999999999996,0,true,false,103,false,7200,4993.200000000656,0.4001898185255015,0,0
LRM,2.0999999999999996,0,true,false,104,false,7200,4993.200000000656,0.4001898185255015,0,0
LRM,2.0999999999999996,0,true,false,105,false,7200,4993.200000000656,0.4001898185255015,0,0
LRM,2.0999999999999996,0,true,false,106,false,7200,4993.200000000656,0.4001898185255015,0,0
LRM,2.0999999999999996,0,true,false,107,false,7200,4993.200000000656,0.4001898185255015,0,0
LRM,2.0999999999999996,0,true,false,108,false,7200,4993.200000000656,0.4001898185255015,0,0
LRM,2.0999999999999996,0,true,false,109,false,7200,4993.200000000656,0.4001898185255015,0,0
LRM,2.0999999999999996,0,true,false,110,false,7200,4993.200000000656,0.4001898185255015,0,0
LRM,2.0999999999999996,0,true,false,111,false,7200,4993.200000000656,0.4001898185255015,0,0
LRM,2.0999999999999996,0,true,false,112,false,7200,4993.200000000656,0.4001898185255015,0,0
LRM,2.0999999999999996,0,true,false,113,false,7200,4993.200000000656,0.4001898185255015,0,0
LRM,2.0999999999999996,0,true,false,114,false,7200,4993.200000000656,0.4001898185255015,0,0
LRM,2.0999999999999996,0,true,false,115,false,7200,4993.200000000656,0.4001898185255015,0,0
LRM,2.0999999999999996,0,true,false,116,false,7200,4993.200000000656,0.4001898185255015,0,0
LRM,2.0999999999999996,0,true,false,117,false,7200,4993.200000000656,0.4001898185255015,0,0
LRM,2.0999999999999996,0,true,false,118,false,7200,4993.200000000656,0.4001898185255015,0,0
LRM,2.0999999999999996,0,true,false,119,false,7200,4993.200000000656,0.4001898185255015,0,0
LRM,2.0999999999999996,0,true,false,120,false,7200,4993.200000000656,0.4001898185255015,0,0
LRM,2.0999999999999996,0,true,false,121,false,7200,4993.200000000656,0.4001898185255015,0,0
LRM,2.0999999999999996,0,true,false,122,false,7200,4993.200000000656,0.4001898185255015,0,0
LRM,2.0999999999999996,0,true,false,123,false,7200,4993.200000000656,0.4001898185255015,0,0
LRM,2.0999999999999996,0,true,false,124,false,7200,4993.200000000656,0.4001898185255015,0,0
LRM,2.0999999999999996,0,true,false,125,false,7200,4993.200000000656,0.4001898185255015,0,0
LRM,2.0999999999999996,0,true,false,126,false,7200,4993.200000000656,0.4001898185255015,0,0
LRM,2.0999999999999996,0,true,false,127,false,7200,4993.200000000656,0.4001898185255015,0,0
