payload,range_au,closure_kms,evade,active,seed,hit,time,fuel,boost_au,terminal_au,reversals
SRM,0.014000000000000002,0,false,false,0,true,376.96790737802235,28909.623009924355,0,0.013997541747411616,0
SRM,0.014000000000000002,0,false,false,1,true,376.9679073952106,28909.623009418687,0,0.013997541747411616,0
SRM,0.014000000000000002,0,false,false,2,true,376.96790787988556,28909.622995159567,0,0.013997541747411616,0
SRM,0.014000000000000002,0,false,false,3,true,376.9679079062694,28909.622994383357,0,0.013997541747411616,0
SRM,0.014000000000000002,0,false,false,4,true,376.967909465327,28909.622948515964,0,0.013997541747411616,0
SRM,0.014000000000000002,0,false,false,5,true,376.96790800645,28909.622991436045,0,0.013997541747411616,0
SRM,0.014000000000000002,0,false,false,6,true,376.96790889753396,28909.62296522041,0,0.013997541747411616,0
SRM,0.014000000000000002,0,false,false,7,true,376.96790708891575,28909.62301842985,0,0.013997541747411616,0
SRM,0.014000000000000002,0,false,false,8,true,376.96790739765856,28909.62300934667,0,0.013997541747411616,0
SRM,0.014000000000000002,0,false,false,9,true,376.9679103393453,28909.62292280238,0,0.013997541747411616,0
SRM,0.014000000000000002,0,false,false,10,true,376.96791037082113,28909.622921876366,0,0.013997541747411616,0
SRM,0.014000000000000002,0,false,false,11,true,376.9679088918846,28909.62296538661,0,0.013997541747411616,0
SRM,0.014000000000000002,0,false,false,12,true,376.9679086355333,28909.622972928457,0,0.013997541747411616,0
SRM,0.014000000000000002,0,false,false,13,true,376.96790845205317,28909.622978326417,0,0.013997541747411616,0
SRM,0.014000000000000002,0,false,false,14,true,376.967909291311,28909.62295363551,0,0.013997541747411616,0
SRM,0.014000000000000002,0,false,false,15,true,376.96791055889497,28909.622916343244,0,0.013997541747411616,0
SRM,0.014000000000000002,0,false,false,16,true,376.9679073771345,28909.623009950483,0,0.013997541747411616,0
SRM,0.014000000000000002,0,false,false,17,true,376.9679084323527,28909.622978906027,0,0.013997541747411616,0
SRM,0.014000000000000002,0,false,false,18,true,376.96790714767934,28909.623016701044,0,0.013997541747411616,0
SRM,0.014000000000000002,0,false,false,19,true,376.96790950171356,28909.622947445478,0,0.013997541747411616,0
SRM,0.014000000000000002,0,false,false,20,true,376.9679076420198,28909.62300215758,0,0.013997541747411616,0
SRM,0.014000000000000002,0,false,false,21,true,376.9679073375892,28909.623011113916,0,0.013997541747411616,0
SRM,0.014000000000000002,0,false,false,22,true,376.9679071263049,28909.623017329868,0,0.013997541747411616,0
SRM,0.014000000000000002,0,false,false,23,true,376.9679072492334,28909.62301371333,0,0.013997541747411616,0
SRM,0.014000000000000002,0,false,false,24,true,376.9679086196087,28909.622973396963,0,0.013997541747411616,0
SRM,0.014000000000000002,0,false,false,25,true,376.96790906427674,28909.622960314853,0,0.013997541747411616,0
SRM,0.014000000000000002,0,false,false,26,true,376.9679072391442,28909.623014010154,0,0.013997541747411616,0
SRM,0.014000000000000002,0,false,false,27,true,376.9679075218683,28909.623005692418,0,0.013997541747411616,0
SRM,0.014000000000000002,0,false,false,28,true,376.96790737765747,28909.623009935094,0,0.013997541747411616,0
SRM,0.014000000000000002,0,false,false,29,true,376.9679080678708,28909.62298962906,0,0.013997541747411616,0
SRM,0.014000000000000002,0,false,false,30,true,376.9679088678217,28909.622966094546,0,0.013997541747411616,0
SRM,0.014000000000000002,0,false,false,31,true,376.96790734624403,28909.62301085927,0,0.013997541747411616,0
SRM,0.014000000000000002,0,false,false,32,true,376.9679086378692,28909.62297285974,0,0.013997541747411616,0
SRM,0.014000000000000002,0,false,false,33,true,376.9679090152304,28909.622961757785,0,0.013997541747411616,0
SRM,0.014000000000000002,0,false,false,34,true,376.9679091578662,28909.622957561445,0,0.013997541747411616,0
SRM,0.014000000000000002,0,false,false,35,true,376.96790888506695,28909.622965587194,0,0.013997541747411616,0
SRM,0.014000000000000002,0,false,false,36,true,376.9679081071951,28909.622988472154,0,0.013997541747411616,0
SRM,0.014000000000000002,0,false,false,37,true,376.96790837891126,28909.62298047826,0,0.013997541747411616,0
SRM,0.014000000000000002,0,false,false,38,false,376.9679105532418,28909.622916509565,0,0.013997541747411616,0
SRM,0.014000000000000002,0,false,false,39,true,376.96790742416624,28909.623008566803,0,0.013997541747411616,0
SRM,0.014000000000000002,0,false,false,40,true,376.9679070620829,28909.623019219296,0,0.013997541747411616,0
SRM,0.014000000000000002,0,false,false,41,true,376.9679072281407,28909.623014333876,0,0.013997541747411616,0
SRM,0.014000000000000002,0,false,false,42,false,376.96790744498117,28909.623007954426,0,0.013997541747411616,0
SRM,0.014000000000000002,0,false,false,43,true,376.9679101883723,28909.622927244007,0,0.013997541747411616,0
SRM,0.014000000000000002,0,false,false,44,true,376.9679086438608,28909.62297268346,0,0.013997541747411616,0
SRM,0.014000000000000002,0,false,false,45,true,376.96790916807856,28909.622957260995,0,0.013997541747411616,0
SRM,0.014000000000000002,0,false,false,46,true,376.96790736625843,28909.62301027045,0,0.013997541747411616,0
SRM,0.014000000000000002,0,false,false,47,true,376.96790784689915,28909.622996130045,0,0.013997541747411616,0
SRM,0.014000000000000002,0,false,false,48,true,376.96790788822864,28909.622994914112,0,0.013997541747411616,0
SRM,0.014000000000000002,0,false,false,49,true,376.96790878920274,28909.622968407504,0,0.013997541747411616,0
SRM,0.014000000000000002,0,false,false,50,true,376.96790755534954,28909.623004707388,0,0.013997541747411616,0
SRM,0.014000000000000002,0,false,false,51,true,376.96790756980937,28909.623004281988,0,0.013997541747411616,0
SRM,0.014000000000000002,0,false,false,52,true,376.96790924981775,28909.62295485623,0,0.013997541747411616,0
SRM,0.014000000000000002,0,false,false,53,true,376.96790853053614,28909.622976017465,0,0.013997541747411616,0
SRM,0.014000000000000002,0,false,false,54,true,376.9679086481258,28909.62297255798,0,0.013997541747411616,0
SRM,0.014000000000000002,0,false,false,55,true,376.96790885998996,28909.62296632495,0,0.013997541747411616,0
SRM,0.014000000000000002,0,false,false,56,true,376.96790998007225,28909.622933372193,0,0.013997541747411616,0
SRM,0.014000000000000002,0,false,false,57,true,376.9679073578365,28909.623010518237,0,0.013997541747411616,0
SRM,0.014000000000000002,0,false,false,58,true,376.96790811577773,28909.622988219635,0,0.013997541747411616,0
SRM,0.014000000000000002,0,false,false,59,true,376.96790707029436,28909.6230189777,0,0.013997541747411616,0
SRM,0.014000000000000002,0,false,false,60,true,376.96790740915,28909.62300900859,0,0.013997541747411616,0
SRM,0.014000000000000002,0,false,false,61,true,376.96790739978906,28909.62300928399,0,0.013997541747411616,0
SRM,0.014000000000000002,0,false,false,62,true,376.9679077455093,28909.622999112922,0,0.013997541747411616,0
SRM,0.014000000000000002,0,false,false,63,true,376.96790740812463,28909.623009038754,0,0.013997541747411616,0
SRM,0.014000000000000002,0,false,false,64,true,376.9679090512618,28909.62296069774,0,0.013997541747411616,0
SRM,0.014000000000000002,0,false,false,65,true,376.9679077032664,28909.6230003557,0,0.013997541747411616,0
SRM,0.014000000000000002,0,false,false,66,true,376.9679073163545,28909.623011738633,0,0.013997541747411616,0
SRM,0.014000000000000002,0,false,false,67,true,376.9679078017128,28909.622997459417,0,0.013997541747411616,0
SRM,0.014000000000000002,0,false,false,68,true,376.9679070489512,28909.623019605617,0,0.013997541747411616,0
SRM,0.014000000000000002,0,false,false,69,true,376.96790835950196,28909.622981049273,0,0.013997541747411616,0
SRM,0.014000000000000002,0,false,false,70,true,376.9679073736772,28909.62301005219,0,0.013997541747411616,0
SRM,0.014000000000000002,0,false,false,71,true,376.9679075736772,28909.623004168214,0,0.013997541747411616,0
SRM,0.014000000000000002,0,false,false,72,true,376.96790875133985,28909.622969521428,0,0.013997541747411616,0
SRM,0.014000000000000002,0,false,false,73,true,376.9679070954578,28909.623018237384,0,0.013997541747411616,0
SRM,0.014000000000000002,0,false,false,74,true,376.9679074833726,28909.62300682496,0,0.013997541747411616,0
SRM,0.014000000000000002,0,false,false,75,true,376.96790857484837,28909.62297471381,0,0.013997541747411616,0
SRM,0.014000000000000002,0,false,false,76,true,376.9679089129688,28909.622964766324,0,0.013997541747411616,0
SRM,0.014000000000000002,0,false,false,77,true,376.96790737902205,28909.62300989495,0,0.013997541747411616,0
SRM,0.014000000000000002,0,false,false,78,true,376.967908052342,28909.62299008591,0,0.013997541747411616,0
SRM,0.014000000000000002,0,false,false,79,true,376.96790771447115,28909.62300002606,0,0.013997541747411616,0
SRM,0.014000000000000002,0,false,false,80,true,376.9679081090582,28909.622988417323,0,0.013997541747411616,0
SRM,0.014000000000000002,0,false,false,81,true,376.96790772160097,28909.622999816303,0,0.013997541747411616,0
SRM,0.014000000000000002,0,false,false,82,true,376.96790922148784,28909.62295568969,0,0.013997541747411616,0
SRM,0.014000000000000002,0,false,false,83,true,376.96790852270135,28909.622976247967,0,0.013997541747411616,0
SRM,0.014000000000000002,0,false,false,84,true,376.967908380877,28909.622980420434,0,0.013997541747411616,0
SRM,0.014000000000000002,0,false,false,85,true,376.9679076300986,28909.623002508288,0,0.013997541747411616,0
SRM,0.014000000000000002,0,false,false,86,true,376.96790717141573,28909.62301600271,0,0.013997541747411616,0
SRM,0.014000000000000002,0,false,false,87,true,376.9679080386296,28909.62299048933,0,0.013997541747411616,0
SRM,0.014000000000000002,0,false,false,88,true,376.967908682716,28909.622971540335,0,0.013997541747411616,0
SRM,0.014000000000000002,0,false,false,89,true,376.96790779007404,28909.622997801816,0,0.013997541747411616,0
SRM,0.014000000000000002,0,false,false,90,true,376.96790735565037,28909.62301058255,0,0.013997541747411616,0
SRM,0.014000000000000002,0,false,false,91,true,376.96790850085296,28909.622976890743,0,0.013997541747411616,0
SRM,0.014000000000000002,0,false,false,92,true,376.9679073567478,28909.623010550265,0,0.013997541747411616,0
SRM,0.014000000000000002,0,false,false,93,true,376.9679075688673,28909.62300430971,0,0.013997541747411616,0
SRM,0.014000000000000002,0,false,false,94,true,376.9679095500469,28909.6229460235,0,0.013997541747411616,0
SRM,0.014000000000000002,0,false,false,95,true,376.9679071843702,28909.6230156216,0,0.013997541747411616,0
SRM,0.014000000000000002,0,false,false,96,true,376.96790714937504,28909.623016651178,0,0.013997541747411616,0
SRM,0.014000000000000002,0,false,false,97,true,376.9679098828831,28909.622936231488,0,0.013997541747411616,0
SRM,0.014000000000000002,0,false,false,98,true,376.96790746464995,28909.62300737579,0,0.013997541747411616,0
SRM,0.014000000000000002,0,false,false,99,true,376.9679076372273,28909.623002298573,0,0.013997541747411616,0
SRM,0.014000000000000002,0,false,false,100,true,376.9679092754997,28909.62295410067,0,0.013997541747411616,0
SRM,0.014000000000000002,0,false,false,101,true,376.9679085598655,28909.622975154598,0,0.013997541747411616,0
SRM,0.014000000000000002,0,false,false,102,true,376.96790751514254,28909.623005890313,0,0.013997541747411616,0
SRM,0.014000000000000002,0,false,false,103,true,376.96790830034337,28909.622982789708,0,0.013997541747411616,0
SRM,0.014000000000000002,0,false,false,104,true,376.96790885004657,28909.622966617488,0,0.013997541747411616,0
SRM,0.014000000000000002,0,false,false,105,true,376.967907859739,28909.622995752285,0,0.013997541747411616,0
SRM,0.014000000000000002,0,false,false,106,true,376.9679104735116,28909.622918855224,0,0.013997541747411616,0
SRM,0.014000000000000002,0,false,false,107,true,376.9679086098602,28909.622973683752,0,0.013997541747411616,0
SRM,0.014000000000000002,0,false,false,108,true,376.9679073336226,28909.62301123061,0,0.013997541747411616,0
SRM,0.014000000000000002,0,false,false,109,true,376.96790896189424,28909.62296332694,0,0.013997541747411616,0
SRM,0.014000000000000002,0,false,false,110,true,376.9679074457922,28909.623007930568,0,0.013997541747411616,0
SRM,0.014000000000000002,0,false,false,111,true,376.96790809890143,28909.62298871613,0,0.013997541747411616,0
SRM,0.014000000000000002,0,false,false,112,true,376.9679074369971,28909.623008189334,0,0.013997541747411616,0
SRM,0.014000000000000002,0,false,false,113,true,376.9679072637957,28909.623013284898,0,0.013997541747411616,0
SRM,0.014000000000000002,0,false,false,114,true,376.96790756630804,28909.62300438501,0,0.013997541747411616,0
SRM,0.014000000000000002,0,false,false,115,true,376.9679075117627,28909.62300598972,0,0.013997541747411616,0
SRM,0.014000000000000002,0,false,false,116,true,376.9679077630721,28909.622998596216,0,0.013997541747411616,0
SRM,0.014000000000000002,0,false,false,117,true,376.9679071187162,28909.623017553124,0,0.013997541747411616,0
SRM,0.014000000000000002,0,false,false,118,true,376.96790822025184,28909.62298514602,0,0.013997541747411616,0
SRM,0.014000000000000002,0,false,false,119,true,376.9679075952153,28909.62300353456,0,0.013997541747411616,0
SRM,0.014000000000000002,0,false,false,120,true,376.96790829064673,28909.622983074998,0,0.013997541747411616,0
SRM,0.014000000000000002,0,false,false,121,true,376.96790768923563,28909.623000768483,0,0.013997541747411616,0
SRM,0.014000000000000002,0,false,false,122,true,376.9679089205523,28909.62296454321,0,0.013997541747411616,0
SRM,0.014000000000000002,0,false,false,123,true,376.9679071931834,28909.623015362322,0,0.013997541747411616,0
SRM,0.014000000000000002,0,false,false,124,true,376.967907700027,28909.623000450996,0,0.013997541747411616,0
SRM,0.014000000000000002,0,false,false,125,true,376.96790957189336,28909.622945380786,0,0.013997541747411616,0
SRM,0.014000000000000002,0,false,false,126,true,376.96790875346244,28909.622969458997,0,0.013997541747411616,0
SRM,0.014000000000000002,0,false,false,127,true,376.96790901622524,28909.622961728524,0,0.013997541747411616,0
SRM,0.014000000000000002,0,false,false,128,false,376.9679071963081,28909.62301527039,0,0.013997541747411616,0
SRM,0.014000000000000002,0,false,false,129,true,376.9679076992464,28909.62300047398,0,0.013997541747411616,0
SRM,0.014000000000000002,0,false,false,130,true,376.96790754061675,28909.623005140842,0,0.013997541747411616,0
SRM,0.014000000000000002,0,false,false,131,true,376.9679106613084,28909.622913330255,0,0.013997541747411616,0
SRM,0.014000000000000002,0,false,false,132,true,376.9679085486338,28909.622975485036,0,0.013997541747411616,0
SRM,0.014000000000000002,0,false,false,133,true,376.96790818990297,28909.622986038874,0,0.013997541747411616,0
SRM,0.014000000000000002,0,false,false,134,true,376.96791000545966,28909.622932625283,0,0.013997541747411616,0
SRM,0.014000000000000002,0,false,false,135,true,376.96790863433125,28909.62297296382,0,0.013997541747411616,0
SRM,0.014000000000000002,0,false,false,136,true,376.96790758225944,28909.623003915713,0,0.013997541747411616,0
SRM,0.014000000000000002,0,false,false,137,true,376.96790716731294,28909.623016123423,0,0.013997541747411616,0
SRM,0.014000000000000002,0,false,false,138,true,376.96790878935377,28909.62296840306,0,0.013997541747411616,0
SRM,0.014000000000000002,0,false,false,139,true,376.9679074913158,28909.623006591275,0,0.013997541747411616,0
SRM,0.014000000000000002,0,false,false,140,true,376.9679071660136,28909.62301616164,0,0.013997541747411616,0
SRM,0.014000000000000002,0,false,false,141,true,376.96790735680844,28909.623010548476,0,0.013997541747411616,0
SRM,0.014000000000000002,0,false,false,142,true,376.9679074097699,28909.62300899034,0,0.013997541747411616,0
SRM,0.014000000000000002,0,false,false,143,true,376.9679070553073,28909.623019418617,0,0.013997541747411616,0
SRM,0.014000000000000002,0,false,false,144,true,376.9679071175243,28909.623017588197,0,0.013997541747411616,0
SRM,0.014000000000000002,0,false,false,145,true,376.96790721113456,28909.62301483419,0,0.013997541747411616,0
SRM,0.014000000000000002,0,false,false,146,true,376.9679077398899,28909.62299927824,0,0.013997541747411616,0
SRM,0.014000000000000002,0,false,false,147,true,376.9679075302121,28909.623005446952,0,0.013997541747411616,0
SRM,0.014000000000000002,0,false,false,148,true,376.96790759379513,28909.62300357634,0,0.013997541747411616,0
SRM,0.014000000000000002,0,false,false,149,true,376.96790759919605,28909.62300341745,0,0.013997541747411616,0
SRM,0.014000000000000002,0,false,false,150,true,376.9679104137258,28909.622920614114,0,0.013997541747411616,0
SRM,0.014000000000000002,0,false,false,151,true,376.9679098965079,28909.622935830637,0,0.013997541747411616,0
SRM,0.014000000000000002,0,false,false,152,true,376.9679077096674,28909.62300016738,0,0.013997541747411616,0
SRM,0.014000000000000002,0,false,false,153,true,376.9679078060755,28909.622997331055,0,0.013997541747411616,0
SRM,0.014000000000000002,0,false,false,154,true,376.967908031847,28909.62299068888,0,0.013997541747411616,0
SRM,0.014000000000000002,0,false,false,155,true,376.96790834698214,28909.622981417615,0,0.013997541747411616,0
SRM,0.014000000000000002,0,false,false,156,true,376.9679070695453,28909.623018999737,0,0.013997541747411616,0
SRM,0.014000000000000002,0,false,false,157,true,376.96790729497496,28909.6230123676,0,0.013997541747411616,0
SRM,0.014000000000000002,0,false,false,158,true,376.9679075058016,28909.623006165104,0,0.013997541747411616,0
SRM,0.014000000000000002,0,false,false,159,true,376.96790763571073,28909.62300234317,0,0.013997541747411616,0
SRM,0.014000000000000002,0,false,false,160,true,376.96790865431404,28909.622972375928,0,0.013997541747411616,0
SRM,0.014000000000000002,0,false,false,161,true,376.9679073774368,28909.623009941595,0,0.013997541747411616,0
SRM,0.014000000000000002,0,false,false,162,true,376.9679075290253,28909.623005481866,0,0.013997541747411616,0
SRM,0.014000000000000002,0,false,false,163,true,376.9679090718446,28909.622960092198,0,0.013997541747411616,0
SRM,0.014000000000000002,0,false,false,164,true,376.96790987454074,28909.62293647691,0,0.013997541747411616,0
SRM,0.014000000000000002,0,false,false,165,true,376.9679073897221,28909.623009580155,0,0.013997541747411616,0
SRM,0.014000000000000002,0,false,false,166,true,376.96790943811254,28909.6229493166,0,0.013997541747411616,0
SRM,0.014000000000000002,0,false,false,167,true,376.96790716501226,28909.623016191115,0,0.013997541747411616,0
SRM,0.014000000000000002,0,false,false,168,true,376.96790917581467,28909.6229570334,0,0.013997541747411616,0
SRM,0.014000000000000002,0,false,false,169,true,376.9679082502152,28909.622984264483,0,0.013997541747411616,0
SRM,0.014000000000000002,0,false,false,170,true,376.96790722208823,28909.623014511933,0,0.013997541747411616,0
SRM,0.014000000000000002,0,false,false,171,true,376.9679083402495,28909.62298161569,0,0.013997541747411616,0
SRM,0.014000000000000002,0,false,false,172,true,376.96790712547,28909.62301735444,0,0.013997541747411616,0
SRM,0.014000000000000002,0,false,false,173,true,376.9679083127993,28909.622982423276,0,0.013997541747411616,0
SRM,0.014000000000000002,0,false,false,174,true,376.9679085522375,28909.622975379007,0,0.013997541747411616,0
SRM,0.014000000000000002,0,false,false,175,true,376.9679071148038,28909.623017668237,0,0.013997541747411616,0
SRM,0.014000000000000002,0,false,false,176,true,376.9679071346916,28909.623017083137,0,0.013997541747411616,0
SRM,0.014000000000000002,0,false,false,177,true,376.9679100600492,28909.622931019265,0,0.013997541747411616,0
SRM,0.014000000000000002,0,false,false,178,true,376.9679077157472,28909.622999988525,0,0.013997541747411616,0
SRM,0.014000000000000002,0,false,false,179,true,376.96790852467905,28909.622976189778,0,0.013997541747411616,0
SRM,0.014000000000000002,0,false,false,180,true,376.9679096119335,28909.622944202813,0,0.013997541747411616,0
SRM,0.014000000000000002,0,false,false,181,true,376.96790705884695,28909.623019314484,0,0.013997541747411616,0
SRM,0.014000000000000002,0,false,false,182,true,376.9679081550175,28909.622987065202,0,0.013997541747411616,0
SRM,0.014000000000000002,0,false,false,183,true,376.96790792427356,28909.62299385368,0,0.013997541747411616,0
SRM,0.014000000000000002,0,false,false,184,true,376.96790714985616,28909.623016637004,0,0.013997541747411616,0
SRM,0.014000000000000002,0,false,false,185,true,376.9679079765511,28909.62299231567,0,0.013997541747411616,0
SRM,0.014000000000000002,0,false,false,186,true,376.9679085658204,28909.622974979407,0,0.013997541747411616,0
SRM,0.014000000000000002,0,false,false,187,true,376.96790799552804,28909.62299175738,0,0.013997541747411616,0
SRM,0.014000000000000002,0,false,false,188,true,376.96790717247137,28909.623015971654,0,0.013997541747411616,0
SRM,0.014000000000000002,0,false,false,189,true,376.9679079421979,28909.622993326342,0,0.013997541747411616,0
SRM,0.014000000000000002,0,false,false,190,true,376.96790819732513,28909.622985820515,0,0.013997541747411616,0
SRM,0.014000000000000002,0,false,false,191,true,376.96790874774626,28909.622969627148,0,0.013997541747411616,0
SRM,0.014000000000000002,0,false,false,192,true,376.96790913873883,28909.622958124175,0,0.013997541747411616,0
SRM,0.014000000000000002,0,false,false,193,true,376.96790794255617,28909.622993315817,0,0.013997541747411616,0
SRM,0.014000000000000002,0,false,false,194,true,376.9679086795535,28909.622971633387,0,0.013997541747411616,0
SRM,0.014000000000000002,0,false,false,195,true,376.9679088538409,28909.622966505856,0,0.013997541747411616,0
SRM,0.014000000000000002,0,false,false,196,true,376.96790734549614,28909.623010881292,0,0.013997541747411616,0
SRM,0.014000000000000002,0,false,false,197,true,376.9679101364548,28909.62292877142,0,0.013997541747411616,0
SRM,0.014000000000000002,0,false,false,198,true,376.9679100705886,28909.62293070921,0,0.013997541747411616,0
SRM,0.014000000000000002,0,false,false,199,true,376.96790802378354,28909.622990926106,0,0.013997541747411616,0
SRM,0.014000000000000002,0,false,false,200,true,376.9679084696962,28909.622977807383,0,0.013997541747411616,0
SRM,0.014000000000000002,0,false,false,201,true,376.9679080423426,28909.622990380092,0,0.013997541747411616,0
SRM,0.014000000000000002,0,false,false,202,true,376.9679072591421,28909.62301342181,0,0.013997541747411616,0
SRM,0.014000000000000002,0,false,false,203,true,376.96790870485484,28909.622970889017,0,0.013997541747411616,0
SRM,0.014000000000000002,0,false,false,204,true,376.96790806522785,28909.622989706808,0,0.013997541747411616,0
SRM,0.014000000000000002,0,false,false,205,true,376.9679107175057,28909.622911676943,0,0.013997541747411616,0
SRM,0.014000000000000002,0,false,false,206,true,376.96790707316217,28909.623018893337,0,0.013997541747411616,0
SRM,0.014000000000000002,0,false,false,207,true,376.9679071390704,28909.623016954323,0,0.013997541747411616,0
SRM,0.014000000000000002,0,false,false,208,true,376.9679081937419,28909.622985925947,0,0.013997541747411616,0
SRM,0.014000000000000002,0,false,false,209,true,376.96790707190684,28909.623018930262,0,0.013997541747411616,0
SRM,0.014000000000000002,0,false,false,210,true,376.96790850665957,28909.622976719926,0,0.013997541747411616,0
SRM,0.014000000000000002,0,false,false,211,true,376.9679085806534,28909.622974543025,0,0.013997541747411616,0
SRM,0.014000000000000002,0,false,false,212,true,376.9679097886786,28909.622939002977,0,0.013997541747411616,0
SRM,0.014000000000000002,0,false,false,213,true,376.9679089620214,28909.622963323178,0,0.013997541747411616,0
SRM,0.014000000000000002,0,false,false,214,true,376.967907899621,28909.622994578967,0,0.013997541747411616,0
SRM,0.014000000000000002,0,false,false,215,true,376.96790779064514,28909.622997785023,0,0.013997541747411616,0
SRM,0.014000000000000002,0,false,false,216,true,376.967907804953,28909.622997364084,0,0.013997541747411616,0
SRM,0.014000000000000002,0,false,false,217,true,376.96790885165217,28909.622966570256,0,0.013997541747411616,0
SRM,0.014000000000000002,0,false,false,218,true,376.96790728450736,28909.623012675573,0,0.013997541747411616,0
SRM,0.014000000000000002,0,false,false,219,false,376.96790923678697,28909.622955239596,0,0.013997541747411616,0
SRM,0.014000000000000002,0,false,false,220,true,376.96790907287937,28909.62296006176,0,0.013997541747411616,0
SRM,0.014000000000000002,0,false,false,221,true,376.96791013346973,28909.62292885923,0,0.013997541747411616,0
SRM,0.014000000000000002,0,false,false,222,true,376.9679090405042,28909.622961014225,0,0.013997541747411616,0
SRM,0.014000000000000002,0,false,false,223,true,376.96790721959724,28909.623014585217,0,0.013997541747411616,0
SRM,0.014000000000000002,0,false,false,224,true,376.9679081964211,28909.6229858471,0,0.013997541747411616,0
SRM,0.014000000000000002,0,false,false,225,true,376.9679083140667,28909.622982385983,0,0.013997541747411616,0
SRM,0.014000000000000002,0,false,false,226,true,376.9679074363392,28909.623008208695,0,0.013997541747411616,0
SRM,0.014000000000000002,0,false,false,227,true,376.9679076767824,28909.62300113486,0,0.013997541747411616,0
SRM,0.014000000000000002,0,false,false,228,true,376.9679091809139,28909.622956883388,0,0.013997541747411616,0
SRM,0.014000000000000002,0,false,false,229,true,376.96790942173317,28909.622949798482,0,0.013997541747411616,0
SRM,0.014000000000000002,0,false,false,230,true,376.9679094994418,28909.62294751232,0,0.013997541747411616,0
SRM,0.014000000000000002,0,false,false,231,true,376.9679071190668,28909.623017542817,0,0.013997541747411616,0
SRM,0.014000000000000002,0,false,false,232,true,376.96790750421883,28909.62300621168,0,0.013997541747411616,0
SRM,0.014000000000000002,0,false,false,233,true,376.96790897937274,28909.622962812715,0,0.013997541747411616,0
SRM,0.014000000000000002,0,false,false,234,true,376.9679082460644,28909.622984386617,0,0.013997541747411616,0
SRM,0.014000000000000002,0,false,false,235,true,376.9679071744559,28909.62301591327,0,0.013997541747411616,0
SRM,0.014000000000000002,0,false,false,236,true,376.96790907928244,28909.622959873377,0,0.013997541747411616,0
SRM,0.014000000000000002,0,false,false,237,true,376.967909493,28909.622947701835,0,0.013997541747411616,0
SRM,0.014000000000000002,0,false,false,238,true,376.96790729233896,28909.62301244516,0,0.013997541747411616,0
SRM,0.014000000000000002,0,false,false,239,true,376.96790772228746,28909.622999796098,0,0.013997541747411616,0
SRM,0.014000000000000002,0,false,false,240,true,376.9679070459711,28909.62301969331,0,0.013997541747411616,0
SRM,0.014000000000000002,0,false,false,241,true,376.9679075269396,28909.62300554322,0,0.013997541747411616,0
SRM,0.014000000000000002,0,false,false,242,true,376.9679092534995,28909.62295474792,0,0.013997541747411616,0
SRM,0.014000000000000002,0,false,false,243,true,376.9679091307179,28909.622958360145,0,0.013997541747411616,0
SRM,0.014000000000000002,0,false,false,244,true,376.9679087928541,28909.62296830009,0,0.013997541747411616,0
SRM,0.014000000000000002,0,false,false,245,true,376.9679078892483,28909.622994884117,0,0.013997541747411616,0
SRM,0.014000000000000002,0,false,false,246,true,376.9679081863194,28909.62298614431,0,0.013997541747411616,0
SRM,0.014000000000000002,0,false,false,247,true,376.96790745616727,28909.623007625352,0,0.013997541747411616,0
SRM,0.014000000000000002,0,false,false,248,true,376.96790932334227,28909.62295269315,0,0.013997541747411616,0
SRM,0.014000000000000002,0,false,false,249,true,376.96791051927215,28909.622917508947,0,0.013997541747411616,0
SRM,0.014000000000000002,0,false,false,250,true,376.9679084389945,28909.622978710606,0,0.013997541747411616,0
SRM,0.014000000000000002,0,false,false,251,true,376.96790805851407,28909.622989904325,0,0.013997541747411616,0
SRM,0.014000000000000002,0,false,false,252,true,376.96790914712864,28909.622957877342,0,0.013997541747411616,0
SRM,0.014000000000000002,0,false,false,253,true,376.96790874118506,28909.622969820193,0,0.013997541747411616,0
SRM,0.014000000000000002,0,false,false,254,true,376.96790886342416,28909.622966223902,0,0.013997541747411616,0
SRM,0.014000000000000002,0,false,false,255,true,376.96790804227277,28909.622990382137,0,0.013997541747411616,0
SRM,0.014000000000000002,0,true,false,0,true,376.96790737802235,28909.623009924355,0,0.013997541747411616,0
SRM,0.014000000000000002,0,true,false,1,true,376.9679073952106,28909.623009418687,0,0.013997541747411616,0
SRM,0.014000000000000002,0,true,false,2,true,376.96790787988556,28909.622995159567,0,0.013997541747411616,0
SRM,0.014000000000000002,0,true,false,3,true,376.9679079062694,28909.622994383357,0,0.013997541747411616,0
SRM,0.014000000000000002,0,true,false,4,true,376.967909465327,28909.622948515964,0,0.013997541747411616,0
SRM,0.014000000000000002,0,true,false,5,true,376.96790800645,28909.622991436045,0,0.013997541747411616,0
SRM,0.014000000000000002,0,true,false,6,true,376.96790889753396,28909.62296522041,0,0.013997541747411616,0
SRM,0.014000000000000002,0,true,false,7,true,376.96790708891575,28909.62301842985,0,0.013997541747411616,0
SRM,0.014000000000000002,0,true,false,8,true,376.96790739765856,28909.62300934667,0,0.013997541747411616,0
SRM,0.014000000000000002,0,true,false,9,true,376.9679103393453,28909.62292280238,0,0.013997541747411616,0
SRM,0.014000000000000002,0,true,false,10,true,376.96791037082113,28909.622921876366,0,0.013997541747411616,0
SRM,0.014000000000000002,0,true,false,11,true,376.9679088918846,28909.62296538661,0,0.013997541747411616,0
SRM,0.014000000000000002,0,true,false,12,true,376.9679086355333,28909.622972928457,0,0.013997541747411616,0
SRM,0.014000000000000002,0,true,false,13,true,376.96790845205317,28909.622978326417,0,0.013997541747411616,0
SRM,0.014000000000000002,0,true,false,14,true,376.967909291311,28909.62295363551,0,0.013997541747411616,0
SRM,0.014000000000000002,0,true,false,15,true,376.96791055889497,28909.622916343244,0,0.013997541747411616,0
SRM,0.014000000000000002,0,true,false,16,true,376.9679073771345,28909.623009950483,0,0.013997541747411616,0
SRM,0.014000000000000002,0,true,false,17,true,376.9679084323527,28909.622978906027,0,0.013997541747411616,0
SRM,0.014000000000000002,0,true,false,18,true,376.96790714767934,28909.623016701044,0,0.013997541747411616,0
SRM,0.014000000000000002,0,true,false,19,true,376.96790950171356,28909.622947445478,0,0.013997541747411616,0
SRM,0.014000000000000002,0,true,false,20,true,376.9679076420198,28909.62300215758,0,0.013997541747411616,0
SRM,0.014000000000000002,0,true,false,21,true,376.9679073375892,28909.623011113916,0,0.013997541747411616,0
SRM,0.014000000000000002,0,true,false,22,true,376.9679071263049,28909.623017329868,0,0.013997541747411616,0
SRM,0.014000000000000002,0,true,false,23,true,376.9679072492334,28909.62301371333,0,0.013997541747411616,0
SRM,0.014000000000000002,0,true,false,24,true,376.9679086196087,28909.622973396963,0,0.013997541747411616,0
SRM,0.014000000000000002,0,true,false,25,true,376.96790906427674,28909.622960314853,0,0.013997541747411616,0
SRM,0.014000000000000002,0,true,false,26,true,376.9679072391442,28909.623014010154,0,0.013997541747411616,0
SRM,0.014000000000000002,0,true,false,27,true,376.9679075218683,28909.623005692418,0,0.013997541747411616,0
SRM,0.014000000000000002,0,true,false,28,true,376.96790737765747,28909.623009935094,0,0.013997541747411616,0
SRM,0.014000000000000002,0,true,false,29,true,376.9679080678708,28909.62298962906,0,0.013997541747411616,0
SRM,0.014000000000000002,0,true,false,30,true,376.9679088678217,28909.622966094546,0,0.013997541747411616,0
SRM,0.014000000000000002,0,true,false,31,true,376.96790734624403,28909.62301085927,0,0.013997541747411616,0
SRM,0.014000000000000002,0,true,false,32,true,376.9679086378692,28909.62297285974,0,0.013997541747411616,0
SRM,0.014000000000000002,0,true,false,33,true,376.9679090152304,28909.622961757785,0,0.013997541747411616,0
SRM,0.014000000000000002,0,true,false,34,true,376.9679091578662,28909.622957561445,0,0.013997541747411616,0
SRM,0.014000000000000002,0,true,false,35,true,376.96790888506695,28909.622965587194,0,0.013997541747411616,0
SRM,0.014000000000000002,0,true,false,36,true,376.9679081071951,28909.622988472154,0,0.013997541747411616,0
SRM,0.014000000000000002,0,true,false,37,true,376.96790837891126,28909.62298047826,0,0.013997541747411616,0
SRM,0.014000000000000002,0,true,false,38,false,376.9679105532418,28909.622916509565,0,0.013997541747411616,0
SRM,0.014000000000000002,0,true,false,39,true,376.96790742416624,28909.623008566803,0,0.013997541747411616,0
SRM,0.014000000000000002,0,true,false,40,true,376.9679070620829,28909.623019219296,0,0.013997541747411616,0
SRM,0.014000000000000002,0,true,false,41,true,376.9679072281407,28909.623014333876,0,0.013997541747411616,0
SRM,0.014000000000000002,0,true,false,42,false,376.96790744498117,28909.623007954426,0,0.013997541747411616,0
SRM,0.014000000000000002,0,true,false,43,true,376.9679101883723,28909.622927244007,0,0.013997541747411616,0
SRM,0.014000000000000002,0,true,false,44,true,376.9679086438608,28909.62297268346,0,0.013997541747411616,0
SRM,0.014000000000000002,0,true,false,45,true,376.96790916807856,28909.622957260995,0,0.013997541747411616,0
SRM,0.014000000000000002,0,true,false,46,true,376.96790736625843,28909.62301027045,0,0.013997541747411616,0
SRM,0.014000000000000002,0,true,false,47,true,376.96790784689915,28909.622996130045,0,0.013997541747411616,0
SRM,0.014000000000000002,0,true,false,48,true,376.96790788822864,28909.622994914112,0,0.013997541747411616,0
SRM,0.014000000000000002,0,true,false,49,true,376.96790878920274,28909.622968407504,0,0.013997541747411616,0
SRM,0.014000000000000002,0,true,false,50,true,376.96790755534954,28909.623004707388,0,0.013997541747411616,0
SRM,0.014000000000000002,0,true,false,51,true,376.96790756980937,28909.623004281988,0,0.013997541747411616,0
SRM,0.014000000000000002,0,true,false,52,true,376.96790924981775,28909.62295485623,0,0.013997541747411616,0
SRM,0.014000000000000002,0,true,false,53,true,376.96790853053614,28909.622976017465,0,0.013997541747411616,0
SRM,0.014000000000000002,0,true,false,54,true,376.9679086481258,28909.62297255798,0,0.013997541747411616,0
SRM,0.014000000000000002,0,true,false,55,true,376.96790885998996,28909.62296632495,0,0.013997541747411616,0
SRM,0.014000000000000002,0,true,false,56,true,376.96790998007225,28909.622933372193,0,0.013997541747411616,0
SRM,0.014000000000000002,0,true,false,57,true,376.9679073578365,28909.623010518237,0,0.013997541747411616,0
SRM,0.014000000000000002,0,true,false,58,true,376.96790811577773,28909.622988219635,0,0.013997541747411616,0
SRM,0.014000000000000002,0,true,false,59,true,376.96790707029436,28909.6230189777,0,0.013997541747411616,0
SRM,0.014000000000000002,0,true,false,60,true,376.96790740915,28909.62300900859,0,0.013997541747411616,0
SRM,0.014000000000000002,0,true,false,61,true,376.96790739978906,28909.62300928399,0,0.013997541747411616,0
SRM,0.014000000000000002,0,true,false,62,true,376.9679077455093,28909.622999112922,0,0.013997541747411616,0
SRM,0.014000000000000002,0,true,false,63,true,376.96790740812463,28909.623009038754,0,0.013997541747411616,0
SRM,0.014000000000000002,0,true,false,64,true,376.9679090512618,28909.62296069774,0,0.013997541747411616,0
SRM,0.014000000000000002,0,true,false,65,true,376.9679077032664,28909.6230003557,0,0.013997541747411616,0
SRM,0.014000000000000002,0,true,false,66,true,376.9679073163545,28909.623011738633,0,0.013997541747411616,0
SRM,0.014000000000000002,0,true,false,67,true,376.9679078017128,28909.622997459417,0,0.013997541747411616,0
SRM,0.014000000000000002,0,true,false,68,true,376.9679070489512,28909.623019605617,0,0.013997541747411616,0
SRM,0.014000000000000002,0,true,false,69,true,376.96790835950196,28909.622981049273,0,0.013997541747411616,0
SRM,0.014000000000000002,0,true,false,70,true,376.9679073736772,28909.62301005219,0,0.013997541747411616,0
SRM,0.014000000000000002,0,true,false,71,true,376.9679075736772,28909.623004168214,0,0.013997541747411616,0
SRM,0.014000000000000002,0,true,false,72,true,376.96790875133985,28909.622969521428,0,0.013997541747411616,0
SRM,0.014000000000000002,0,true,false,73,true,376.9679070954578,28909.623018237384,0,0.013997541747411616,0
SRM,0.014000000000000002,0,true,false,74,true,376.9679074833726,28909.62300682496,0,0.013997541747411616,0
SRM,0.014000000000000002,0,true,false,75,true,376.96790857484837,28909.62297471381,0,0.013997541747411616,0
SRM,0.014000000000000002,0,true,false,76,true,376.9679089129688,28909.622964766324,0,0.013997541747411616,0
SRM,0.014000000000000002,0,true,false,77,true,376.96790737902205,28909.62300989495,0,0.013997541747411616,0
SRM,0.014000000000000002,0,true,false,78,true,376.967908052342,28909.62299008591,0,0.013997541747411616,0
SRM,0.014000000000000002,0,true,false,79,true,376.96790771447115,28909.62300002606,0,0.013997541747411616,0
SRM,0.014000000000000002,0,true,false,80,true,376.9679081090582,28909.622988417323,0,0.013997541747411616,0
SRM,0.014000000000000002,0,true,false,81,true,376.96790772160097,28909.622999816303,0,0.013997541747411616,0
SRM,0.014000000000000002,0,true,false,82,true,376.96790922148784,28909.62295568969,0,0.013997541747411616,0
SRM,0.014000000000000002,0,true,false,83,true,376.96790852270135,28909.622976247967,0,0.013997541747411616,0
SRM,0.014000000000000002,0,true,false,84,true,376.967908380877,28909.622980420434,0,0.013997541747411616,0
SRM,0.014000000000000002,0,true,false,85,true,376.9679076300986,28909.623002508288,0,0.013997541747411616,0
SRM,0.014000000000000002,0,true,false,86,true,376.96790717141573,28909.62301600271,0,0.013997541747411616,0
SRM,0.014000000000000002,0,true,false,87,true,376.9679080386296,28909.62299048933,0,0.013997541747411616,0
SRM,0.014000000000000002,0,true,false,88,true,376.967908682716,28909.622971540335,0,0.013997541747411616,0
SRM,0.014000000000000002,0,true,false,89,true,376.96790779007404,28909.622997801816,0,0.013997541747411616,0
SRM,0.014000000000000002,0,true,false,90,true,376.96790735565037,28909.62301058255,0,0.013997541747411616,0
SRM,0.014000000000000002,0,true,false,91,true,376.96790850085296,28909.622976890743,0,0.013997541747411616,0
SRM,0.014000000000000002,0,true,false,92,true,376.9679073567478,28909.623010550265,0,0.013997541747411616,0
SRM,0.014000000000000002,0,true,false,93,true,376.9679075688673,28909.62300430971,0,0.013997541747411616,0
SRM,0.014000000000000002,0,true,false,94,true,376.9679095500469,28909.6229460235,0,0.013997541747411616,0
SRM,0.014000000000000002,0,true,false,95,true,376.9679071843702,28909.6230156216,0,0.013997541747411616,0
SRM,0.014000000000000002,0,true,false,96,true,376.96790714937504,28909.623016651178,0,0.013997541747411616,0
SRM,0.014000000000000002,0,true,false,97,true,376.9679098828831,28909.622936231488,0,0.013997541747411616,0
SRM,0.014000000000000002,0,true,false,98,true,376.96790746464995,28909.62300737579,0,0.013997541747411616,0
SRM,0.014000000000000002,0,true,false,99,true,376.9679076372273,28909.623002298573,0,0.013997541747411616,0
SRM,0.014000000000000002,0,true,false,100,true,376.9679092754997,28909.62295410067,0,0.013997541747411616,0
SRM,0.014000000000000002,0,true,false,101,true,376.9679085598655,28909.622975154598,0,0.013997541747411616,0
SRM,0.014000000000000002,0,true,false,102,true,376.96790751514254,28909.623005890313,0,0.013997541747411616,0
SRM,0.014000000000000002,0,true,false,103,true,376.96790830034337,28909.622982789708,0,0.013997541747411616,0
SRM,0.014000000000000002,0,true,false,104,true,376.96790885004657,28909.622966617488,0,0.013997541747411616,0
SRM,0.014000000000000002,0,true,false,105,true,376.967907859739,28909.622995752285,0,0.013997541747411616,0
SRM,0.014000000000000002,0,true,false,106,true,376.9679104735116,28909.622918855224,0,0.013997541747411616,0
SRM,0.014000000000000002,0,true,false,107,true,376.9679086098602,28909.622973683752,0,0.013997541747411616,0
SRM,0.014000000000000002,0,true,false,108,true,376.9679073336226,28909.62301123061,0,0.013997541747411616,0
SRM,0.014000000000000002,0,true,false,109,true,376.96790896189424,28909.62296332694,0,0.013997541747411616,0
SRM,0.014000000000000002,0,true,false,110,true,376.9679074457922,28909.623007930568,0,0.013997541747411616,0
SRM,0.014000000000000002,0,true,false,111,true,376.96790809890143,28909.62298871613,0,0.013997541747411616,0
SRM,0.014000000000000002,0,true,false,112,true,376.9679074369971,28909.623008189334,0,0.013997541747411616,0
SRM,0.014000000000000002,0,true,false,113,true,376.9679072637957,28909.623013284898,0,0.013997541747411616,0
SRM,0.014000000000000002,0,true,false,114,true,376.96790756630804,28909.62300438501,0,0.013997541747411616,0
SRM,0.014000000000000002,0,true,false,115,true,376.9679075117627,28909.62300598972,0,0.013997541747411616,0
SRM,0.014000000000000002,0,true,false,116,true,376.9679077630721,28909.622998596216,0,0.013997541747411616,0
SRM,0.014000000000000002,0,true,false,117,true,376.9679071187162,28909.623017553124,0,0.013997541747411616,0
SRM,0.014000000000000002,0,true,false,118,true,376.96790822025184,28909.62298514602,0,0.013997541747411616,0
SRM,0.014000000000000002,0,true,false,119,true,376.9679075952153,28909.62300353456,0,0.013997541747411616,0
SRM,0.014000000000000002,0,true,false,120,true,376.96790829064673,28909.622983074998,0,0.013997541747411616,0
SRM,0.014000000000000002,0,true,false,121,true,376.96790768923563,28909.623000768483,0,0.013997541747411616,0
SRM,0.014000000000000002,0,true,false,122,true,376.9679089205523,28909.62296454321,0,0.013997541747411616,0
SRM,0.014000000000000002,0,true,false,123,true,376.9679071931834,28909.623015362322,0,0.013997541747411616,0
SRM,0.014000000000000002,0,true,false,124,true,376.967907700027,28909.623000450996,0,0.013997541747411616,0
SRM,0.014000000000000002,0,true,false,125,true,376.96790957189336,28909.622945380786,0,0.013997541747411616,0
SRM,0.014000000000000002,0,true,false,126,true,376.96790875346244,28909.622969458997,0,0.013997541747411616,0
SRM,0.014000000000000002,0,true,false,127,true,376.96790901622524,28909.622961728524,0,0.013997541747411616,0
SRM,0.014000000000000002,0,true,false,128,false,376.9679071963081,28909.62301527039,0,0.013997541747411616,0
SRM,0.014000000000000002,0,true,false,129,true,376.9679076992464,28909.62300047398,0,0.013997541747411616,0
SRM,0.014000000000000002,0,true,false,130,true,376.96790754061675,28909.623005140842,0,0.013997541747411616,0
SRM,0.014000000000000002,0,true,false,131,true,376.9679106613084,28909.622913330255,0,0.013997541747411616,0
SRM,0.014000000000000002,0,true,false,132,true,376.9679085486338,28909.622975485036,0,0.013997541747411616,0
SRM,0.014000000000000002,0,true,false,133,true,376.96790818990297,28909.622986038874,0,0.013997541747411616,0
SRM,0.014000000000000002,0,true,false,134,true,376.96791000545966,28909.622932625283,0,0.013997541747411616,0
SRM,0.014000000000000002,0,true,false,135,true,376.96790863433125,28909.62297296382,0,0.013997541747411616,0
SRM,0.014000000000000002,0,true,false,136,true,376.96790758225944,28909.623003915713,0,0.013997541747411616,0
SRM,0.014000000000000002,0,true,false,137,true,376.96790716731294,28909.623016123423,0,0.013997541747411616,0
SRM,0.014000000000000002,0,true,false,138,true,376.96790878935377,28909.62296840306,0,0.013997541747411616,0
SRM,0.014000000000000002,0,true,false,139,true,376.9679074913158,28909.623006591275,0,0.013997541747411616,0
SRM,0.014000000000000002,0,true,false,140,true,376.9679071660136,28909.62301616164,0,0.013997541747411616,0
SRM,0.014000000000000002,0,true,false,141,true,376.96790735680844,28909.623010548476,0,0.013997541747411616,0
SRM,0.014000000000000002,0,true,false,142,true,376.9679074097699,28909.62300899034,0,0.013997541747411616,0
SRM,0.014000000000000002,0,true,false,143,true,376.9679070553073,28909.623019418617,0,0.013997541747411616,0
SRM,0.014000000000000002,0,true,false,144,true,376.9679071175243,28909.623017588197,0,0.013997541747411616,0
SRM,0.014000000000000002,0,true,false,145,true,376.96790721113456,28909.62301483419,0,0.013997541747411616,0
SRM,0.014000000000000002,0,true,false,146,true,376.9679077398899,28909.62299927824,0,0.013997541747411616,0
SRM,0.014000000000000002,0,true,false,147,true,376.9679075302121,28909.623005446952,0,0.013997541747411616,0
SRM,0.014000000000000002,0,true,false,148,true,376.96790759379513,28909.62300357634,0,0.013997541747411616,0
SRM,0.014000000000000002,0,true,false,149,true,376.96790759919605,28909.62300341745,0,0.013997541747411616,0
SRM,0.014000000000000002,0,true,false,150,true,376.9679104137258,28909.622920614114,0,0.013997541747411616,0
SRM,0.014000000000000002,0,true,false,151,true,376.9679098965079,28909.622935830637,0,0.013997541747411616,0
SRM,0.014000000000000002,0,true,false,152,true,376.9679077096674,28909.62300016738,0,0.013997541747411616,0
SRM,0.014000000000000002,0,true,false,153,true,376.9679078060755,28909.622997331055,0,0.013997541747411616,0
SRM,0.014000000000000002,0,true,false,154,true,376.967908031847,28909.62299068888,0,0.013997541747411616,0
SRM,0.014000000000000002,0,true,false,155,true,376.96790834698214,28909.622981417615,0,0.013997541747411616,0
SRM,0.014000000000000002,0,true,false,156,true,376.9679070695453,28909.623018999737,0,0.013997541747411616,0
SRM,0.014000000000000002,0,true,false,157,true,376.96790729497496,28909.6230123676,0,0.013997541747411616,0
SRM,0.014000000000000002,0,true,false,158,true,376.9679075058016,28909.623006165104,0,0.013997541747411616,0
SRM,0.014000000000000002,0,true,false,159,true,376.96790763571073,28909.62300234317,0,0.013997541747411616,0
SRM,0.014000000000000002,0,true,false,160,true,376.96790865431404,28909.622972375928,0,0.013997541747411616,0
SRM,0.014000000000000002,0,true,false,161,true,376.9679073774368,28909.623009941595,0,0.013997541747411616,0
SRM,0.014000000000000002,0,true,false,162,true,376.9679075290253,28909.623005481866,0,0.013997541747411616,0
SRM,0.014000000000000002,0,true,false,163,true,376.9679090718446,28909.622960092198,0,0.013997541747411616,0
SRM,0.014000000000000002,0,true,false,164,true,376.96790987454074,28909.62293647691,0,0.013997541747411616,0
SRM,0.014000000000000002,0,true,false,165,true,376.9679073897221,28909.623009580155,0,0.013997541747411616,0
SRM,0.014000000000000002,0,true,false,166,true,376.96790943811254,28909.6229493166,0,0.013997541747411616,0
SRM,0.014000000000000002,0,true,false,167,true,376.96790716501226,28909.623016191115,0,0.013997541747411616,0
SRM,0.014000000000000002,0,true,false,168,true,376.96790917581467,28909.6229570334,0,0.013997541747411616,0
SRM,0.014000000000000002,0,true,false,169,true,376.9679082502152,28909.622984264483,0,0.013997541747411616,0
SRM,0.014000000000000002,0,true,false,170,true,376.96790722208823,28909.623014511933,0,0.013997541747411616,0
SRM,0.014000000000000002,0,true,false,171,true,376.9679083402495,28909.62298161569,0,0.013997541747411616,0
SRM,0.014000000000000002,0,true,false,172,true,376.96790712547,28909.62301735444,0,0.013997541747411616,0
SRM,0.014000000000000002,0,true,false,173,true,376.9679083127993,28909.622982423276,0,0.013997541747411616,0
SRM,0.014000000000000002,0,true,false,174,true,376.9679085522375,28909.622975379007,0,0.013997541747411616,0
SRM,0.014000000000000002,0,true,false,175,true,376.9679071148038,28909.623017668237,0,0.013997541747411616,0
SRM,0.014000000000000002,0,true,false,176,true,376.9679071346916,28909.623017083137,0,0.013997541747411616,0
SRM,0.014000000000000002,0,true,false,177,true,376.9679100600492,28909.622931019265,0,0.013997541747411616,0
SRM,0.014000000000000002,0,true,false,178,true,376.9679077157472,28909.622999988525,0,0.013997541747411616,0
SRM,0.014000000000000002,0,true,false,179,true,376.96790852467905,28909.622976189778,0,0.013997541747411616,0
SRM,0.014000000000000002,0,true,false,180,true,376.9679096119335,28909.622944202813,0,0.013997541747411616,0
SRM,0.014000000000000002,0,true,false,181,true,376.96790705884695,28909.623019314484,0,0.013997541747411616,0
SRM,0.014000000000000002,0,true,false,182,true,376.9679081550175,28909.622987065202,0,0.013997541747411616,0
SRM,0.014000000000000002,0,true,false,183,true,376.96790792427356,28909.62299385368,0,0.013997541747411616,0
SRM,0.014000000000000002,0,true,false,184,true,376.96790714985616,28909.623016637004,0,0.013997541747411616,0
SRM,0.014000000000000002,0,true,false,185,true,376.9679079765511,28909.62299231567,0,0.013997541747411616,0
SRM,0.014000000000000002,0,true,false,186,true,376.9679085658204,28909.622974979407,0,0.013997541747411616,0
SRM,0.014000000000000002,0,true,false,187,true,376.96790799552804,28909.62299175738,0,0.013997541747411616,0
SRM,0.014000000000000002,0,true,false,188,true,376.96790717247137,28909.623015971654,0,0.013997541747411616,0
SRM,0.014000000000000002,0,true,false,189,true,376.9679079421979,28909.622993326342,0,0.013997541747411616,0
SRM,0.014000000000000002,0,true,false,190,true,376.96790819732513,28909.622985820515,0,0.013997541747411616,0
SRM,0.014000000000000002,0,true,false,191,true,376.96790874774626,28909.622969627148,0,0.013997541747411616,0
SRM,0.014000000000000002,0,true,false,192,true,376.96790913873883,28909.622958124175,0,0.013997541747411616,0
SRM,0.014000000000000002,0,true,false,193,true,376.96790794255617,28909.622993315817,0,0.013997541747411616,0
SRM,0.014000000000000002,0,true,false,194,true,376.9679086795535,28909.622971633387,0,0.013997541747411616,0
SRM,0.014000000000000002,0,true,false,195,true,376.9679088538409,28909.622966505856,0,0.013997541747411616,0
SRM,0.014000000000000002,0,true,false,196,true,376.96790734549614,28909.623010881292,0,0.013997541747411616,0
SRM,0.014000000000000002,0,true,false,197,true,376.9679101364548,28909.62292877142,0,0.013997541747411616,0
SRM,0.014000000000000002,0,true,false,198,true,376.9679100705886,28909.62293070921,0,0.013997541747411616,0
SRM,0.014000000000000002,0,true,false,199,true,376.96790802378354,28909.622990926106,0,0.013997541747411616,0
SRM,0.014000000000000002,0,true,false,200,true,376.9679084696962,28909.622977807383,0,0.013997541747411616,0
SRM,0.014000000000000002,0,true,false,201,true,376.9679080423426,28909.622990380092,0,0.013997541747411616,0
SRM,0.014000000000000002,0,true,false,202,true,376.9679072591421,28909.62301342181,0,0.013997541747411616,0
SRM,0.014000000000000002,0,true,false,203,true,376.96790870485484,28909.622970889017,0,0.013997541747411616,0
SRM,0.014000000000000002,0,true,false,204,true,376.96790806522785,28909.622989706808,0,0.013997541747411616,0
SRM,0.014000000000000002,0,true,false,205,true,376.9679107175057,28909.622911676943,0,0.013997541747411616,0
SRM,0.014000000000000002,0,true,false,206,true,376.96790707316217,28909.623018893337,0,0.013997541747411616,0
SRM,0.014000000000000002,0,true,false,207,true,376.9679071390704,28909.623016954323,0,0.013997541747411616,0
SRM,0.014000000000000002,0,true,false,208,true,376.9679081937419,28909.622985925947,0,0.013997541747411616,0
SRM,0.014000000000000002,0,true,false,209,true,376.96790707190684,28909.623018930262,0,0.013997541747411616,0
SRM,0.014000000000000002,0,true,false,210,true,376.96790850665957,28909.622976719926,0,0.013997541747411616,0
SRM,0.014000000000000002,0,true,false,211,true,376.9679085806534,28909.622974543025,0,0.013997541747411616,0
SRM,0.014000000000000002,0,true,false,212,true,376.9679097886786,28909.622939002977,0,0.013997541747411616,0
SRM,0.014000000000000002,0,true,false,213,true,376.9679089620214,28909.622963323178,0,0.013997541747411616,0
SRM,0.014000000000000002,0,true,false,214,true,376.967907899621,28909.622994578967,0,0.013997541747411616,0
SRM,0.014000000000000002,0,true,false,215,true,376.96790779064514,28909.622997785023,0,0.013997541747411616,0
SRM,0.014000000000000002,0,true,false,216,true,376.967907804953,28909.622997364084,0,0.013997541747411616,0
SRM,0.014000000000000002,0,true,false,217,true,376.96790885165217,28909.622966570256,0,0.013997541747411616,0
SRM,0.014000000000000002,0,true,false,218,true,376.96790728450736,28909.623012675573,0,0.013997541747411616,0
SRM,0.014000000000000002,0,true,false,219,false,376.96790923678697,28909.622955239596,0,0.013997541747411616,0
SRM,0.014000000000000002,0,true,false,220,true,376.96790907287937,28909.62296006176,0,0.013997541747411616,0
SRM,0.014000000000000002,0,true,false,221,true,376.96791013346973,28909.62292885923,0,0.013997541747411616,0
SRM,0.014000000000000002,0,true,false,222,true,376.9679090405042,28909.622961014225,0,0.013997541747411616,0
SRM,0.014000000000000002,0,true,false,223,true,376.96790721959724,28909.623014585217,0,0.013997541747411616,0
SRM,0.014000000000000002,0,true,false,224,true,376.9679081964211,28909.6229858471,0,0.013997541747411616,0
SRM,0.014000000000000002,0,true,false,225,true,376.9679083140667,28909.622982385983,0,0.013997541747411616,0
SRM,0.014000000000000002,0,true,false,226,true,376.9679074363392,28909.623008208695,0,0.013997541747411616,0
SRM,0.014000000000000002,0,true,false,227,true,376.9679076767824,28909.62300113486,0,0.013997541747411616,0
SRM,0.014000000000000002,0,true,false,228,true,376.9679091809139,28909.622956883388,0,0.013997541747411616,0
SRM,0.014000000000000002,0,true,false,229,true,376.96790942173317,28909.622949798482,0,0.013997541747411616,0
SRM,0.014000000000000002,0,true,false,230,true,376.9679094994418,28909.62294751232,0,0.013997541747411616,0
SRM,0.014000000000000002,0,true,false,231,true,376.9679071190668,28909.623017542817,0,0.013997541747411616,0
SRM,0.014000000000000002,0,true,false,232,true,376.96790750421883,28909.62300621168,0,0.013997541747411616,0
SRM,0.014000000000000002,0,true,false,233,true,376.96790897937274,28909.622962812715,0,0.013997541747411616,0
SRM,0.014000000000000002,0,true,false,234,true,376.9679082460644,28909.622984386617,0,0.013997541747411616,0
SRM,0.014000000000000002,0,true,false,235,true,376.9679071744559,28909.62301591327,0,0.013997541747411616,0
SRM,0.014000000000000002,0,true,false,236,true,376.96790907928244,28909.622959873377,0,0.013997541747411616,0
SRM,0.014000000000000002,0,true,false,237,true,376.967909493,28909.622947701835,0,0.013997541747411616,0
SRM,0.014000000000000002,0,true,false,238,true,376.96790729233896,28909.62301244516,0,0.013997541747411616,0
SRM,0.014000000000000002,0,true,false,239,true,376.96790772228746,28909.622999796098,0,0.013997541747411616,0
SRM,0.014000000000000002,0,true,false,240,true,376.9679070459711,28909.62301969331,0,0.013997541747411616,0
SRM,0.014000000000000002,0,true,false,241,true,376.9679075269396,28909.62300554322,0,0.013997541747411616,0
SRM,0.014000000000000002,0,true,false,242,true,376.9679092534995,28909.62295474792,0,0.013997541747411616,0
SRM,0.014000000000000002,0,true,false,243,true,376.9679091307179,28909.622958360145,0,0.013997541747411616,0
SRM,0.014000000000000002,0,true,false,244,true,376.9679087928541,28909.62296830009,0,0.013997541747411616,0
SRM,0.014000000000000002,0,true,false,245,true,376.9679078892483,28909.622994884117,0,0.013997541747411616,0
SRM,0.014000000000000002,0,true,false,246,true,376.9679081863194,28909.62298614431,0,0.013997541747411616,0
SRM,0.014000000000000002,0,true,false,247,true,376.96790745616727,28909.623007625352,0,0.013997541747411616,0
SRM,0.014000000000000002,0,true,false,248,true,376.96790932334227,28909.62295269315,0,0.013997541747411616,0
SRM,0.014000000000000002,0,true,false,249,true,376.96791051927215,28909.622917508947,0,0.013997541747411616,0
SRM,0.014000000000000002,0,true,false,250,true,376.9679084389945,28909.622978710606,0,0.013997541747411616,0
SRM,0.014000000000000002,0,true,false,251,true,376.96790805851407,28909.622989904325,0,0.013997541747411616,0
SRM,0.014000000000000002,0,true,false,252,true,376.96790914712864,28909.622957877342,0,0.013997541747411616,0
SRM,0.014000000000000002,0,true,false,253,true,376.96790874118506,28909.622969820193,0,0.013997541747411616,0
SRM,0.014000000000000002,0,true,false,254,true,376.96790886342416,28909.622966223902,0,0.013997541747411616,0
SRM,0.014000000000000002,0,true,false,255,true,376.96790804227277,28909.622990382137,0,0.013997541747411616,0
SRM,0.14,0,false,false,0,true,1195.136281307227,4839.150357345776,0,0.03993860375671722,0
SRM,0.14,0,false,false,1,false,1195.1362813725987,4839.150355422541,0,0.039938603766027404,0
SRM,0.14,0,false,false,2,false,1195.1362815448872,4839.150350353823,0,0.03993860379056459,0
SRM,0.14,0,false,false,3,true,1195.1362812811228,4839.150358113756,0,0.039938603752999555,0
SRM,0.14,0,false,false,4,true,1195.1362819736034,4839.150337741014,0,0.039938603851622914,0
SRM,0.14,0,false,false,5,true,1195.1362816662954,4839.150346781996,0,0.03993860380785532,0
SRM,0.14,0,false,false,6,true,1195.1362818045613,4839.1503427142225,0,0.03993860382754795,0
SRM,0.14,0,false,false,7,false,1195.1362812223283,4839.1503598434865,0,0.03993860374462607,0
SRM,0.14,0,false,false,8,true,1195.1362813770481,4839.150355291638,0,0.03993860376666109,0
SRM,0.14,0,false,false,9,true,1195.13628198112,4839.1503375198745,0,0.039938603852692454,0
SRM,0.14,0,false,false,10,true,1195.136282075581,4839.150334740838,0,0.03993860386614665,0
SRM,0.14,0,false,false,11,false,1195.1362819986405,4839.150337004423,0,0.039938603855188354,0
SRM,0.14,0,false,false,12,true,1195.1362816529847,4839.150347173595,0,0.039938603805960086,0
SRM,0.14,0,false,false,13,true,1195.1362815275706,4839.150350863274,0,0.03993860378809858,0
SRM,0.14,0,false,false,14,true,1195.1362818418888,4839.150341616046,0,0.039938603832863524,0
SRM,0.14,0,false,false,15,true,1195.136282054488,4839.150335361396,0,0.03993860386314215,0
SRM,0.14,0,false,false,16,true,1195.1362812548928,4839.150358885442,0,0.03993860374926379,0
SRM,0.14,0,false,false,17,false,1195.136281790934,4839.150343115138,0,0.03993860382560695,0
SRM,0.14,0,false,false,18,true,1195.1362812396585,4839.150359333635,0,0.03993860374709413,0
SRM,0.14,0,false,false,19,false,1195.1362819194326,4839.150339334715,0,0.039938603843907745,0
SRM,0.14,0,false,false,20,true,1195.1362814007537,4839.150354594224,0,0.03993860377003721,0
SRM,0.14,0,false,false,21,true,1195.13628131808,4839.150357026479,0,0.03993860375826291,0
SRM,0.14,0,false,false,22,true,1195.1362812489074,4839.150359061535,0,0.03993860374841144,0
SRM,0.14,0,false,false,23,false,1195.1362812979316,4839.150357619241,0,0.03993860375539352,0
SRM,0.14,0,false,false,24,true,1195.1362818749376,4839.150340643754,0,0.03993860383757033,0
SRM,0.14,0,false,false,25,false,1195.1362820616623,4839.150335150324,0,0.039938603864164535,0
SRM,0.14,0,false,false,26,true,1195.1362813020612,4839.150357497752,0,0.039938603755981614,0
SRM,0.14,0,false,false,27,true,1195.1362813811845,4839.150355169951,0,0.039938603767250294,0
SRM,0.14,0,false,false,28,true,1195.1362812357359,4839.150359449042,0,0.03993860374653552,0
SRM,0.14,0,false,false,29,false,1195.136281657088,4839.150347052886,0,0.03993860380654417,0
SRM,0.14,0,false,false,30,true,1195.136282078723,4839.150334648399,0,0.0399386038665936,0
SRM,0.14,0,false,false,31,true,1195.136281222102,4839.150359850142,0,0.03993860374459373,0
SRM,0.14,0,false,false,32,false,1195.136281909219,4839.150339635199,0,0.03993860384245243,0
SRM,0.14,0,false,false,33,true,1195.1362821460857,4839.15033266659,0,0.03993860387618783,0
SRM,0.14,0,false,false,34,true,1195.1362817855204,4839.150343274401,0,0.03993860382483547,0
SRM,0.14,0,false,false,35,true,1195.1362820670008,4839.150334993264,0,0.03993860386492451,0
SRM,0.14,0,false,false,36,true,1195.1362817025495,4839.150345715404,0,0.03993860381301891,0
SRM,0.14,0,false,false,37,true,1195.1362818379841,4839.150341730923,0,0.03993860383230734,0
SRM,0.14,0,false,false,38,true,1195.1362820738618,4839.150334791413,0,0.039938603865900764,0
SRM,0.14,0,false,false,39,true,1195.136281370618,4839.150355480812,0,0.03993860376574541,0
SRM,0.14,0,false,false,40,true,1195.1362812140783,4839.150360086203,0,0.039938603743450984,0
SRM,0.14,0,false,false,41,true,1195.1362813047829,4839.150357417676,0,0.0399386037563691,0
SRM,0.14,0,false,false,42,true,1195.1362814070878,4839.150354407876,0,0.039938603770939406,0
SRM,0.14,0,false,false,43,true,1195.1362819754834,4839.150337685703,0,0.039938603851890374,0
SRM,0.14,0,false,false,44,false,1195.1362819766327,4839.150337651891,0,0.03993860385205452,0
SRM,0.14,0,false,false,45,false,1195.1362821340902,4839.150333019501,0,0.03993860387447841,0
SRM,0.14,0,false,false,46,false,1195.1362812885484,4839.150357895302,0,0.03993860375405703,0
SRM,0.14,0,false,false,47,true,1195.1362815887337,4839.150349063859,0,0.03993860379680952,0
SRM,0.14,0,false,false,48,true,1195.136281611951,4839.150348380805,0,0.03993860380011595,0
SRM,0.14,0,false,false,49,true,1195.1362819651074,4839.150337990964,0,0.03993860385041195,0
SRM,0.14,0,false,false,50,true,1195.1362813644314,4839.150355662824,0,0.03993860376486439,0
SRM,0.14,0,false,false,51,true,1195.1362812175576,4839.150359983844,0,0.03993860374394647,0
SRM,0.14,0,false,false,52,true,1195.1362820673019,4839.15033498441,0,0.039938603864967566,0
SRM,0.14,0,false,false,53,true,1195.136281539504,4839.150350512202,0,0.039938603789798265,0
SRM,0.14,0,false,false,54,true,1195.1362815819914,4839.150349262217,0,0.03993860379584914,0
SRM,0.14,0,false,false,55,true,1195.136282018,4839.150336434869,0,0.03993860385794498,0
SRM,0.14,0,false,false,56,true,1195.1362819320227,4839.150338964313,0,0.03993860384570032,0
SRM,0.14,0,false,false,57,true,1195.1362812516256,4839.150358981563,0,0.03993860374879859,0
SRM,0.14,0,false,false,58,false,1195.1362816879155,4839.15034614594,0,0.03993860381093466,0
SRM,0.14,0,false,false,59,true,1195.1362812183997,4839.150359959066,0,0.039938603744066464,0
SRM,0.14,0,false,false,60,true,1195.1362813366718,4839.150356479505,0,0.03993860376091071,0
SRM,0.14,0,false,false,61,true,1195.1362812567859,4839.150358829747,0,0.0399386037495334,0
SRM,0.14,0,false,false,62,true,1195.1362814520483,4839.15035308514,0,0.0399386037773426,0
SRM,0.14,0,false,false,63,true,1195.1362812135633,4839.150360101355,0,0.03993860374337772,0
SRM,0.14,0,false,false,64,true,1195.1362819192163,4839.150339341074,0,0.03993860384387654,0
SRM,0.14,0,false,false,65,false,1195.1362815030707,4839.15035158406,0,0.03993860378460914,0
SRM,0.14,0,false,false,66,true,1195.136281236641,4839.1503594224105,0,0.03993860374666449,0
SRM,0.14,0,false,false,67,true,1195.1362813315804,4839.150356629293,0,0.03993860376018554,0
SRM,0.14,0,false,false,68,true,1195.1362812202067,4839.150359905907,0,0.03993860374432381,0
SRM,0.14,0,false,false,69,false,1195.1362817787983,4839.150343472169,0,0.0399386038238782,0
SRM,0.14,0,false,false,70,true,1195.1362813230803,4839.15035687937,0,0.03993860375897506,0
SRM,0.14,0,false,false,71,true,1195.1362812253606,4839.150359754277,0,0.03993860374505789,0
SRM,0.14,0,false,false,72,true,1195.1362819470257,4839.150338522927,0,0.03993860384783791,0
SRM,0.14,0,false,false,73,false,1195.1362812362493,4839.150359433933,0,0.03993860374660857,0
SRM,0.14,0,false,false,74,true,1195.1362814178963,4839.150354089887,0,0.03993860377247895,0
SRM,0.14,0,false,false,75,false,1195.1362815018608,4839.150351619659,0,0.03993860378443698,0
SRM,0.14,0,false,false,76,true,1195.1362820735606,4839.150334800281,0,0.039938603865858915,0
SRM,0.14,0,false,false,77,false,1195.136281215225,4839.150360052468,0,0.0399386037436144,0
SRM,0.14,0,false,false,78,true,1195.1362813936448,4839.150354803365,0,0.039938603769024875,0
SRM,0.14,0,false,false,79,true,1195.136281535861,4839.150350619375,0,0.039938603789279145,0
SRM,0.14,0,false,false,80,false,1195.1362817199176,4839.150345204434,0,0.03993860381549293,0
SRM,0.14,0,false,false,81,true,1195.1362815323312,4839.150350723217,0,0.03993860378877663,0
SRM,0.14,0,false,false,82,false,1195.13628168942,4839.150346101676,0,0.03993860381114921,0
SRM,0.14,0,false,false,83,false,1195.1362819149333,4839.150339467082,0,0.039938603843266855,0
SRM,0.14,0,false,false,84,true,1195.136281518523,4839.150351129456,0,0.03993860378681012,0
SRM,0.14,0,false,false,85,true,1195.1362814839877,4839.150352145482,0,0.03993860378189159,0
SRM,0.14,0,false,false,86,true,1195.1362812531995,4839.150358935259,0,0.039938603749022604,0
SRM,0.14,0,false,false,87,true,1195.1362813750343,4839.150355350887,0,0.0399386037663743,0
SRM,0.14,0,false,false,88,true,1195.1362819432745,4839.150338633282,0,0.03993860384730326,0
SRM,0.14,0,false,false,89,true,1195.1362815703521,4839.150349604642,0,0.03993860379419172,0
SRM,0.14,0,false,false,90,true,1195.136281334817,4839.150356534074,0,0.03993860376064661,0
SRM,0.14,0,false,false,91,true,1195.1362819049923,4839.15033975955,0,0.039938603841851085,0
SRM,0.14,0,false,false,92,true,1195.136281334675,4839.1503565382545,0,0.03993860376062624,0
SRM,0.14,0,false,false,93,true,1195.1362814609724,4839.1503528225885,0,0.039938603778613774,0
SRM,0.14,0,false,false,94,true,1195.1362817357951,4839.15034473732,0,0.03993860381775367,0
SRM,0.14,0,false,false,95,false,1195.1362812841182,4839.150358025633,0,0.039938603753426186,0
SRM,0.14,0,false,false,96,true,1195.136281255634,4839.150358863635,0,0.03993860374936936,0
SRM,0.14,0,false,false,97,true,1195.1362819027975,4839.150339824123,0,0.03993860384153837,0
SRM,0.14,0,false,false,98,true,1195.1362814051524,4839.150354464807,0,0.03993860377066376,0
SRM,0.14,0,false,false,99,true,1195.1362814879167,4839.150352029892,0,0.03993860378245126,0
SRM,0.14,0,false,false,100,true,1195.136281931456,4839.150338980984,0,0.03993860384562035,0
SRM,0.14,0,false,false,101,true,1195.1362814853512,4839.150352105368,0,0.03993860378208555,0
SRM,0.14,0,false,false,102,true,1195.1362813292571,4839.150356697647,0,0.03993860375985483,0
SRM,0.14,0,false,false,103,true,1195.1362816663063,4839.150346781674,0,0.03993860380785709,0
SRM,0.14,0,false,false,104,true,1195.1362816670228,4839.150346760601,0,0.03993860380795937,0
SRM,0.14,0,false,false,105,true,1195.1362816030935,4839.150348641397,0,0.03993860379885434,0
SRM,0.14,0,false,false,106,true,1195.1362820951376,4839.150334165482,0,0.03993860386893107,0
SRM,0.14,0,false,false,107,true,1195.1362819581968,4839.150338194273,0,0.03993860384942773,0
SRM,0.14,0,false,false,108,true,1195.136281242543,4839.15035924877,0,0.03993860374750489,0
SRM,0.14,0,false,false,109,true,1195.1362815964253,4839.150348837571,0,0.03993860379790488,0
SRM,0.14,0,false,false,110,true,1195.136281408408,4839.150354369032,0,0.03993860377112751,0
SRM,0.14,0,false,false,111,true,1195.1362817006448,4839.150345771441,0,0.03993860381274814,0
SRM,0.14,0,false,false,112,true,1195.1362813899398,4839.150354912369,0,0.03993860376849715,0
SRM,0.14,0,false,false,113,true,1195.136281248541,4839.15035907231,0,0.039938603748359155,0
SRM,0.14,0,false,false,114,true,1195.1362814653842,4839.150352692796,0,0.039938603779241924,0
SRM,0.14,0,false,false,115,true,1195.1362813806866,4839.150355184596,0,0.03993860376717932,0
SRM,0.14,0,false,false,116,true,1195.136281247602,4839.150359099937,0,0.0399386037482255,0
SRM,0.14,0,false,false,117,true,1195.136281253415,4839.150358928918,0,0.03993860374905334,0
SRM,0.14,0,false,false,118,true,1195.1362817751851,4839.150343578471,0,0.03993860382336338,0
SRM,0.14,0,false,false,119,true,1195.136281479064,4839.150352290335,0,0.03993860378119045,0
SRM,0.14,0,false,false,120,true,1195.1362814365982,4839.150353539676,0,0.03993860377514242,0
SRM,0.14,0,false,false,121,false,1195.136281231219,4839.150359581924,0,0.039938603745892295,0
SRM,0.14,0,false,false,122,true,1195.136281899254,4839.150339928366,0,0.03993860384103354,0
SRM,0.14,0,false,false,123,true,1195.1362812843527,4839.150358018734,0,0.03993860375345944,0
SRM,0.14,0,false,false,124,true,1195.1362814023453,4839.1503545474,0,0.03993860377026414,0
SRM,0.14,0,false,false,125,true,1195.136282082962,4839.150334523689,0,0.039938603867196866,0
SRM,0.14,0,false,false,126,true,1195.136282028318,4839.150336131311,0,0.03993860385941507,0
SRM,0.14,0,false,false,127,true,1195.1362818832545,4839.150340399075,0,0.03993860383875539,0
SRM,0.14,0,false,false,128,true,1195.136281266664,4839.150358539137,0,0.03993860375094043,0
SRM,0.14,0,false,false,129,true,1195.1362813170176,4839.150357057732,0,0.03993860375811153,0
SRM,0.14,0,false,false,130,true,1195.1362814447546,4839.150353299718,0,0.03993860377630388,0
SRM,0.14,0,false,false,131,true,1195.1362821176963,4839.150333501806,0,0.03993860387214482,0
SRM,0.14,0,false,false,132,false,1195.1362819293404,4839.150339043226,0,0.03993860384531902,0
SRM,0.14,0,false,false,133,false,1195.1362815333262,4839.150350693947,0,0.03993860378891847,0
SRM,0.14,0,false,false,134,false,1195.1362819399533,4839.150338730994,0,0.039938603846830595,0
SRM,0.14,0,false,false,135,true,1195.1362819276646,4839.150339092531,0,0.03993860384507935,0
SRM,0.14,0,false,false,136,true,1195.1362814315396,4839.150353688504,0,0.03993860377442171,0
SRM,0.14,0,false,false,137,false,1195.136281236593,4839.150359423819,0,0.039938603746657655,0
SRM,0.14,0,false,false,138,true,1195.136281804198,4839.150342724909,0,0.039938603827495825,0
SRM,0.14,0,false,false,139,false,1195.1362814299819,4839.150353734326,0,0.03993860377420016,0
SRM,0.14,0,false,false,140,true,1195.136281221916,4839.150359855617,0,0.03993860374456725,0
SRM,0.14,0,false,false,141,true,1195.1362812169493,4839.150360001739,0,0.0399386037438599,0
SRM,0.14,0,false,false,142,true,1195.136281335396,4839.150356517043,0,0.03993860376072907,0
SRM,0.14,0,false,false,143,true,1195.1362812146401,4839.150360069676,0,0.039938603743531156,0
SRM,0.14,0,false,false,144,false,1195.1362812287734,4839.150359653874,0,0.039938603745543935,0
SRM,0.14,0,false,false,145,true,1195.1362812646396,4839.150358598695,0,0.039938603750652,0
SRM,0.14,0,false,false,146,true,1195.1362815397658,4839.15035050449,0,0.03993860378983509,0
SRM,0.14,0,false,false,147,false,1195.136281330366,4839.150356665023,0,0.039938603760012535,0
SRM,0.14,0,false,false,148,true,1195.1362814775591,4839.150352334611,0,0.03993860378097602,0
SRM,0.14,0,false,false,149,true,1195.1362814582299,4839.150352903276,0,0.039938603778222996,0
SRM,0.14,0,false,false,150,true,1195.136281960266,4839.150338133399,0,0.03993860384972241,0
SRM,0.14,0,false,false,151,true,1195.1362819565109,4839.150338243873,0,0.03993860384918798,0
SRM,0.14,0,false,false,152,true,1195.1362815242956,4839.150350959626,0,0.039938603787632226,0
SRM,0.14,0,false,false,153,true,1195.1362815762027,4839.15034943252,0,0.039938603795024646,0
SRM,0.14,0,false,false,154,true,1195.136281470694,4839.1503525365815,0,0.03993860377999815,0
SRM,0.14,0,false,false,155,false,1195.1362818144873,4839.150342422199,0,0.03993860382896117,0
SRM,0.14,0,false,false,156,true,1195.136281218103,4839.150359967798,0,0.03993860374402419,0
SRM,0.14,0,false,false,157,true,1195.1362812817586,4839.150358095052,0,0.03993860375309004,0
SRM,0.14,0,false,false,158,true,1195.1362812948748,4839.150357709176,0,0.03993860375495794,0
SRM,0.14,0,false,false,159,true,1195.136281466854,4839.150352649556,0,0.03993860377945136,0
SRM,0.14,0,false,false,160,true,1195.1362815862292,4839.150349137542,0,0.039938603796452816,0
SRM,0.14,0,false,false,161,true,1195.1362812934376,4839.150357751459,0,0.039938603754753554,0
SRM,0.14,0,false,false,162,true,1195.1362813957246,4839.150354742174,0,0.03993860376932105,0
SRM,0.14,0,false,false,163,true,1195.1362820775228,4839.150334683713,0,0.039938603866422805,0
SRM,0.14,0,false,false,164,true,1195.136282130388,4839.150333128415,0,0.039938603873952344,0
SRM,0.14,0,false,false,165,false,1195.1362812881166,4839.150357908003,0,0.039938603753995564,0
SRM,0.14,0,false,false,166,true,1195.1362820078814,4839.150336732559,0,0.039938603856503774,0
SRM,0.14,0,false,false,167,true,1195.136281275373,4839.150358282917,0,0.03993860375218063,0
SRM,0.14,0,false,false,168,true,1195.136282028782,4839.15033611766,0,0.039938603859481316,0
SRM,0.14,0,false,false,169,true,1195.1362815343116,4839.150350664954,0,0.03993860378905839,0
SRM,0.14,0,false,false,170,true,1195.136281301085,4839.150357526469,0,0.039938603755842524,0
SRM,0.14,0,false,false,171,true,1195.1362818028163,4839.15034276556,0,0.039938603827299156,0
SRM,0.14,0,false,false,172,true,1195.136281256369,4839.150358842012,0,0.03993860374947402,0
SRM,0.14,0,false,false,173,true,1195.1362817338168,4839.150344795523,0,0.039938603817471725,0
SRM,0.14,0,false,false,174,true,1195.136281874496,4839.150340656746,0,0.039938603837507636,0
SRM,0.14,0,false,false,175,true,1195.1362812333164,4839.150359520219,0,0.03993860374619091,0
SRM,0.14,0,false,false,176,true,1195.1362812167717,4839.150360006962,0,0.03993860374383461,0
SRM,0.14,0,false,false,177,true,1195.1362818566806,4839.1503411808735,0,0.03993860383497065,0
SRM,0.14,0,false,false,178,true,1195.13628150256,4839.150351599087,0,0.03993860378453674,0
SRM,0.14,0,false,false,179,false,1195.1362815295797,4839.150350804169,0,0.039938603788384895,0
SRM,0.14,0,false,false,180,true,1195.1362819134126,4839.150339511824,0,0.03993860384305011,0
SRM,0.14,0,false,false,181,true,1195.136281214409,4839.150360076468,0,0.03993860374349819,0
SRM,0.14,0,false,false,182,true,1195.1362814629524,4839.150352764339,0,0.039938603778895514,0
SRM,0.14,0,false,false,183,true,1195.136281422971,4839.150353940589,0,0.039938603773201554,0
SRM,0.14,0,false,false,184,true,1195.1362812155053,4839.15036004422,0,0.03993860374365428,0
SRM,0.14,0,false,false,185,true,1195.1362816486908,4839.150347299925,0,0.03993860380534833,0
SRM,0.14,0,false,false,186,false,1195.1362818178152,4839.150342324294,0,0.03993860382943551,0
SRM,0.14,0,false,false,187,true,1195.1362816571257,4839.15034705177,0,0.03993860380654965,0
SRM,0.14,0,false,false,188,true,1195.1362812624775,4839.1503586623,0,0.039938603750344005,0
SRM,0.14,0,false,false,189,false,1195.1362814838985,4839.1503521481045,0,0.039938603781878766,0
SRM,0.14,0,false,false,190,true,1195.1362817596123,4839.150344036621,0,0.03993860382114578,0
SRM,0.14,0,false,false,191,true,1195.1362820244613,4839.150336244779,0,0.03993860385886578,0
SRM,0.14,0,false,false,192,false,1195.1362821098398,4839.150333732944,0,0.03993860387102505,0
SRM,0.14,0,false,false,193,true,1195.136281638916,4839.150347587498,0,0.03993860380395657,0
SRM,0.14,0,false,false,194,true,1195.1362815073066,4839.15035145944,0,0.039938603785212336,0
SRM,0.14,0,false,false,195,true,1195.1362818687182,4839.150340826726,0,0.039938603836684725,0
SRM,0.14,0,false,false,196,true,1195.1362812169232,4839.150360002508,0,0.03993860374385632,0
SRM,0.14,0,false,false,197,true,1195.136281980139,4839.150337548729,0,0.039938603852553343,0
SRM,0.14,0,false,false,198,true,1195.1362819733051,4839.1503377497875,0,0.039938603851579615,0
SRM,0.14,0,false,false,199,true,1195.136281675163,4839.150346521117,0,0.03993860380911876,0
SRM,0.14,0,false,false,200,true,1195.1362815456143,4839.15035033243,0,0.03993860379066854,0
SRM,0.14,0,false,false,201,false,1195.1362816075166,4839.150348511268,0,0.03993860379948414,0
SRM,0.14,0,false,false,202,true,1195.1362812904547,4839.150357839211,0,0.039938603754328596,0
SRM,0.14,0,false,false,203,false,1195.1362819121,4839.150339550438,0,0.03993860384286272,0
SRM,0.14,0,false,false,204,true,1195.136281697453,4839.150345865347,0,0.03993860381229353,0
SRM,0.14,0,false,false,205,false,1195.1362820978486,4839.150334085724,0,0.03993860386931691,0
SRM,0.14,0,false,false,206,false,1195.1362812198347,4839.15035991685,0,0.03993860374427088,0
SRM,0.14,0,false,false,207,true,1195.1362812228817,4839.1503598272075,0,0.039938603744704766,0
SRM,0.14,0,false,false,208,true,1195.13628140275,4839.15035453549,0,0.03993860377032172,0
SRM,0.14,0,false,false,209,true,1195.1362812183802,4839.150359959641,0,0.03993860374406366,0
SRM,0.14,0,false,false,210,true,1195.1362818980485,4839.150339963836,0,0.0399386038408618,0
SRM,0.14,0,false,false,211,true,1195.1362815547493,4839.15035006368,0,0.03993860379196954,0
SRM,0.14,0,false,false,212,true,1195.1362821379903,4839.150332904756,0,0.039938603875034916,0
SRM,0.14,0,false,false,213,true,1195.1362815372215,4839.150350579348,0,0.03993860378947281,0
SRM,0.14,0,false,false,214,true,1195.1362815712016,4839.150349579655,0,0.03993860379431237,0
SRM,0.14,0,false,false,215,false,1195.1362815719701,4839.150349557045,0,0.03993860379442221,0
SRM,0.14,0,false,false,216,true,1195.1362815787593,4839.150349357304,0,0.039938603795388675,0
SRM,0.14,0,false,false,217,true,1195.1362818986493,4839.15033994616,0,0.03993860384094726,0
SRM,0.14,0,false,false,218,true,1195.1362812135355,4839.150360102171,0,0.03993860374337368,0
SRM,0.14,0,false,false,219,true,1195.1362821145583,4839.15033359413,0,0.03993860387169661,0
SRM,0.14,0,false,false,220,true,1195.1362820412558,4839.150335750683,0,0.039938603861257915,0
SRM,0.14,0,false,false,221,true,1195.1362820050977,4839.150336814452,0,0.03993860385610832,0
SRM,0.14,0,false,false,222,false,1195.1362820459956,4839.15033561124,0,0.03993860386193192,0
SRM,0.14,0,false,false,223,true,1195.136281285711,4839.15035797877,0,0.039938603753652976,0
SRM,0.14,0,false,false,224,false,1195.1362815602017,4839.150349903268,0,0.039938603792745705,0
SRM,0.14,0,false,false,225,true,1195.136281819345,4839.150342279289,0,0.03993860382965329,0
SRM,0.14,0,false,false,226,true,1195.136281389886,4839.150354913947,0,0.03993860376848956,0
SRM,0.14,0,false,false,227,true,1195.1362813414949,4839.150356337614,0,0.03993860376159771,0
SRM,0.14,0,false,false,228,true,1195.1362818044702,4839.150342716903,0,0.03993860382753495,0
SRM,0.14,0,false,false,229,true,1195.1362821475745,4839.15033262279,0,0.03993860387639965,0
SRM,0.14,0,false,false,230,true,1195.1362817733116,4839.150343633589,0,0.039938603823097114,0
SRM,0.14,0,false,false,231,true,1195.1362812361,4839.150359438321,0,0.039938603746587295,0
SRM,0.14,0,false,false,232,true,1195.1362814293525,4839.150353752843,0,0.03993860377411022,0
SRM,0.14,0,false,false,233,true,1195.1362819159274,4839.150339437839,0,0.03993860384340786,0
SRM,0.14,0,false,false,234,true,1195.1362817836,4839.1503433309035,0,0.039938603824562074,0
SRM,0.14,0,false,false,235,true,1195.1362812685222,4839.150358484466,0,0.03993860375120494,0
SRM,0.14,0,false,false,236,true,1195.1362815850066,4839.150349173508,0,0.03993860379627855,0
SRM,0.14,0,false,false,237,true,1195.1362821170549,4839.150333520677,0,0.039938603872052135,0
SRM,0.14,0,false,false,238,false,1195.1362812545287,4839.150358896155,0,0.03993860374921203,0
SRM,0.14,0,false,false,239,true,1195.1362812798982,4839.150358149786,0,0.03993860375282504,0
SRM,0.14,0,false,false,240,true,1195.1362812175223,4839.150359984881,0,0.039938603743941446,0
SRM,0.14,0,false,false,241,true,1195.1362814291138,4839.150353759868,0,0.03993860377407641,0
SRM,0.14,0,false,false,242,false,1195.1362821356736,4839.150332972914,0,0.03993860387470512,0
SRM,0.14,0,false,false,243,true,1195.1362818758105,4839.150340618075,0,0.03993860383769439,0
SRM,0.14,0,false,false,244,true,1195.1362819275682,4839.150339095365,0,0.03993860384506577,0
SRM,0.14,0,false,false,245,true,1195.136281284507,4839.1503580141925,0,0.03993860375348156,0
SRM,0.14,0,false,false,246,true,1195.1362814700096,4839.150352556719,0,0.03993860377990077,0
SRM,0.14,0,false,false,247,true,1195.136281402081,4839.150354555173,0,0.03993860377022625,0
SRM,0.14,0,false,false,248,false,1195.1362819152207,4839.150339458626,0,0.03993860384330809,0
SRM,0.14,0,false,false,249,true,1195.1362820282395,4839.150336133623,0,0.03993860385940415,0
SRM,0.14,0,false,false,250,true,1195.13628140875,4839.150354358973,0,0.03993860377117636,0
SRM,0.14,0,false,false,251,true,1195.1362816979236,4839.150345851501,0,0.039938603812359995,0
SRM,0.14,0,false,false,252,true,1195.136282013719,4839.150336560813,0,0.039938603857336386,0
SRM,0.14,0,false,false,253,false,1195.1362820058564,4839.15033679213,0,0.039938603856216365,0
SRM,0.14,0,false,false,254,false,1195.1362820738277,4839.150334792415,0,0.03993860386589693,0
SRM,0.14,0,false,false,255,true,1195.1362815242117,4839.150350962094,0,0.03993860378762025,0
SRM,0.14,0,true,false,0,true,1202.8889255488855,4611.067951388393,0,0.039452948716553915,0
SRM,0.14,0,true,false,1,true,1202.8889426614046,4611.067447938937,0,0.039452951536345475,0
SRM,0.14,0,true,false,2,true,1202.8889192466418,4611.068136800088,0,0.039452947675845125,0
SRM,0.14,0,true,false,3,true,1202.8889392190438,4611.067549213021,0,0.03945295096979315,0
SRM,0.14,0,true,false,4,true,1202.8889124738141,4611.068336056335,0,0.03945294655603946,0
SRM,0.14,0,true,false,5,false,1202.8889495592275,4611.067245005329,0,0.03945295267071593,0
SRM,0.14,0,true,false,6,true,1202.8889148114806,4611.068267282305,0,0.03945294694274611,0
SRM,0.14,0,true,false,7,false,1202.8889306062417,4611.067802601226,0,0.03945294955077685,0
SRM,0.14,0,true,false,8,true,1202.8889427995243,4611.067443875461,0,0.039452951559079324,0
SRM,0.14,0,true,false,9,true,1202.8889123772863,4611.06833889618,0,0.03945294654000765,0
SRM,0.14,0,true,false,10,true,1202.8889561164694,4611.0670520916,0,0.039452953748020846,0
SRM,0.14,0,true,false,11,true,1202.888955020313,4611.067084340469,0,0.039452953567999695,0
SRM,0.14,0,true,false,12,true,1202.88891723409,4611.068196009256,0,0.03945294734326936,0
SRM,0.14,0,true,false,13,true,1202.8889195992706,4611.068126425765,0,0.039452947734134027,0
SRM,0.14,0,true,false,14,true,1202.8889526181322,4611.0671550125035,0,0.03945295317340124,0
SRM,0.14,0,true,false,15,true,1202.8889114543274,4611.068366049584,0,0.03945294638731021,0
SRM,0.14,0,true,false,16,true,1202.8889378258232,4611.0675902015,0,0.039452950740366706,0
SRM,0.14,0,true,false,17,true,1202.888951777625,4611.067179740187,0,0.03945295303531954,0
SRM,0.14,0,true,false,18,true,1202.8889368022303,4611.067620315549,0,0.0394529505718423,0
SRM,0.14,0,true,false,19,true,1202.8889131897472,4611.068314993623,0,0.03945294667448018,0
SRM,0.14,0,true,false,20,false,1202.8889435062054,4611.067423084942,0,0.0394529516753392,0
SRM,0.14,0,true,false,21,true,1202.8889407854115,4611.067503130557,0,0.039452951227625585,0
SRM,0.14,0,true,false,22,true,1202.8889283502347,4611.067868972837,0,0.03945294917872925,0
SRM,0.14,0,true,false,23,true,1202.8889259171654,4611.0679405536175,0,0.03945294877734791,0
SRM,0.14,0,true,false,24,true,1202.8889531461973,4611.067139476856,0,0.03945295326015357,0
SRM,0.14,0,true,false,25,false,1202.8889113661187,4611.068368644683,0,0.03945294637274378,0
SRM,0.14,0,true,false,26,true,1202.8889401465326,4611.067521926346,0,0.03945295112250106,0
SRM,0.14,0,true,false,27,true,1202.888942926089,4611.067440151934,0,0.03945295157992366,0
SRM,0.14,0,true,false,28,true,1202.8889292831143,4611.067841527569,0,0.03945294933261157,0
SRM,0.14,0,true,false,29,true,1202.8889493844283,4611.067250147913,0,0.03945295264199715,0
SRM,0.14,0,true,false,30,true,1202.888911159132,4611.06837473422,0,0.03945294633845521,0
SRM,0.14,0,true,false,31,true,1202.8889351164494,4611.06766991114,0,0.039452950294102396,0
SRM,0.14,0,true,false,32,true,1202.8889133284958,4611.068310911645,0,0.03945294669738412,0
SRM,0.14,0,true,false,33,true,1202.8889570813992,4611.067023703414,0,0.0394529539064582,0
SRM,0.14,0,true,false,34,true,1202.8889150966095,4611.068258893824,0,0.0394529469898431,0
SRM,0.14,0,true,false,35,false,1202.8889559965492,4611.067055619648,0,0.039452953728325975,0
SRM,0.14,0,true,false,36,true,1202.88895023151,4611.06722522681,0,0.039452952781225986,0
SRM,0.14,0,true,false,37,true,1202.88891432406,4611.068281622199,0,0.03945294686207576,0
SRM,0.14,0,true,false,38,false,1202.888956092417,4611.067052799224,0,0.0394529537440412,0
SRM,0.14,0,true,false,39,true,1202.8889425992372,4611.067449767897,0,0.03945295152614114,0
SRM,0.14,0,true,false,40,true,1202.8889334371572,4611.067719315834,0,0.039452950017447655,0
SRM,0.14,0,true,false,41,true,1202.8889256441403,4611.067948585997,0,0.03945294873224983,0
SRM,0.14,0,true,false,42,false,1202.888922402528,4611.068043954072,0,0.03945294819714802,0
SRM,0.14,0,true,false,43,true,1202.888954680649,4611.067094333366,0,0.039452953512212105,0
SRM,0.14,0,true,false,44,true,1202.8889124345305,4611.068337212058,0,0.03945294654954653,0
SRM,0.14,0,true,false,45,true,1202.888910501416,4611.068394084195,0,0.03945294622955166,0
SRM,0.14,0,true,false,46,true,1202.888926310684,4611.067928976319,0,0.03945294884228712,0
SRM,0.14,0,true,false,47,true,1202.888948028615,4611.067290035873,0,0.039452952419136725,0
SRM,0.14,0,true,false,48,true,1202.8889179636012,4611.068174547071,0,0.03945294746383937,0
SRM,0.14,0,true,false,49,false,1202.888954526869,4611.067098857569,0,0.03945295348693143,0
SRM,0.14,0,true,false,50,false,1202.8889424029317,4611.067455543199,0,0.039452951493843126,0
SRM,0.14,0,true,false,51,true,1202.888934407878,4611.067690757273,0,0.0394529501773593,0
SRM,0.14,0,true,false,52,true,1202.88891129739,4611.068370666673,0,0.03945294636136475,0
SRM,0.14,0,true,false,53,true,1202.888946977265,4611.067320966537,0,0.03945295224628185,0
SRM,0.14,0,true,false,54,true,1202.888947888696,4611.067294152283,0,0.03945295239612638,0
SRM,0.14,0,true,false,55,true,1202.8889553006532,4611.067076092873,0,0.03945295361401948,0
SRM,0.14,0,true,false,56,true,1202.8889130211921,4611.068319952505,0,0.03945294664655914,0
SRM,0.14,0,true,false,57,true,1202.8889281812335,4611.067873944845,0,0.039452949150850264,0
SRM,0.14,0,true,false,58,true,1202.8889166411532,4611.068213453434,0,0.03945294724522435,0
SRM,0.14,0,true,false,59,true,1202.8889345614555,4611.0676862390355,0,0.039452950202673316,0
SRM,0.14,0,true,false,60,true,1202.8889414692294,4611.067483012674,0,0.0394529513401957,0
SRM,0.14,0,true,false,61,true,1202.8889379388108,4611.067586877408,0,0.039452950758996144,0
SRM,0.14,0,true,false,62,true,1202.8889449002584,4611.067382071972,0,0.03945295190467621,0
SRM,0.14,0,true,false,63,true,1202.8889330197323,4611.06773159645,0,0.03945294994865852,0
SRM,0.14,0,true,false,64,true,1202.8889538345734,4611.067119224867,0,0.03945295337323585,0
SRM,0.14,0,true,false,65,true,1202.888946149392,4611.067345322521,0,0.0394529521101121,0
SRM,0.14,0,true,false,66,false,1202.8889292108984,4611.0678436521575,0,0.03945294932072649,0
SRM,0.14,0,true,false,67,true,1202.888941287397,4611.067488362166,0,0.039452951310235476,0
SRM,0.14,0,true,false,68,true,1202.88893485117,4611.067677715648,0,0.039452950250445144,0
SRM,0.14,0,true,false,69,true,1202.888915198204,4611.0682559049255,0,0.03945294700665107,0
SRM,0.14,0,true,false,70,true,1202.8889409749152,4611.067497555376,0,0.03945295125880294,0
SRM,0.14,0,true,false,71,true,1202.8889302471316,4611.067813166227,0,0.039452949491557227,0
SRM,0.14,0,true,false,72,true,1202.8889128214062,4611.068325830197,0,0.039452946613558894,0
SRM,0.14,0,true,false,73,true,1202.8889292422173,4611.067842730757,0,0.039452949325839176,0
SRM,0.14,0,true,false,74,true,1202.8889221189227,4611.068052297727,0,0.0394529481503571,0
SRM,0.14,0,true,false,75,true,1202.8889201424706,4611.068110444848,0,0.03945294782387949,0
SRM,0.14,0,true,false,76,true,1202.8889560882922,4611.067052920576,0,0.03945295374339687,0
SRM,0.14,0,true,false,77,true,1202.888933866917,4611.067706672324,0,0.03945295008825139,0
SRM,0.14,0,true,false,78,true,1202.8889432990018,4611.067429180863,0,0.03945295164126528,0
SRM,0.14,0,true,false,79,true,1202.8889194292015,4611.06813142919,0,0.039452947706027856,0
SRM,0.14,0,true,false,80,true,1202.888950545171,4611.067215998927,0,0.03945295283280498,0
SRM,0.14,0,true,false,81,true,1202.888919501258,4611.068129309292,0,0.03945294771794383,0
SRM,0.14,0,true,false,82,true,1202.8889499908728,4611.067232306348,0,0.039452952741684394,0
SRM,0.14,0,true,false,83,true,1202.8889537688885,4611.067121157311,0,0.03945295336245544,0
SRM,0.14,0,true,false,84,true,1202.8889465062205,4611.067334824647,0,0.03945295216882555,0
SRM,0.14,0,true,false,85,true,1202.8889205349963,4611.068098896762,0,0.039452947888738,0
SRM,0.14,0,true,false,86,false,1202.8889280861208,4611.0678767430545,0,0.03945294913515477,0
SRM,0.14,0,true,false,87,true,1202.8889232943338,4611.068017717188,0,0.03945294834438918,0
SRM,0.14,0,true,false,88,true,1202.8889128712328,4611.0683243643025,0,0.039452946621781296,0
SRM,0.14,0,true,false,89,true,1202.8889187443767,4611.068151576701,0,0.03945294759289536,0
SRM,0.14,0,true,false,90,true,1202.888941403527,4611.067484945629,0,0.03945295132935314,0
SRM,0.14,0,true,false,91,true,1202.8889133855057,4611.068309234413,0,0.03945294670686191,0
SRM,0.14,0,true,false,92,true,1202.8889413985373,4611.06748509243,0,0.03945295132852486,0
SRM,0.14,0,true,false,93,true,1202.8889451272762,4611.067375393114,0,0.03945295194204961,0
SRM,0.14,0,true,false,94,true,1202.8889508274892,4611.0672076931305,0,0.039452952879173754,0
SRM,0.14,0,true,false,95,true,1202.8889265052348,4611.06792325264,0,0.03945294887437953,0
SRM,0.14,0,true,false,96,true,1202.888937870386,4611.067588890467,0,0.03945295074771468,0
SRM,0.14,0,true,false,97,true,1202.888953581765,4611.067126662479,0,0.039452953331712844,0
SRM,0.14,0,true,false,98,true,1202.8889436324546,4611.067419370694,0,0.03945295169612827,0
SRM,0.14,0,true,false,99,false,1202.8889457901928,4611.067355890142,0,0.03945295205107462,0
SRM,0.14,0,true,false,100,true,1202.8889540212629,4611.067113732476,0,0.03945295340392312,0
SRM,0.14,0,true,false,101,false,1202.8889205049556,4611.068099780555,0,0.0394529478837287,0
SRM,0.14,0,true,false,102,false,1202.8889412030428,4611.067490843865,0,0.039452951296393944,0
SRM,0.14,0,true,false,103,true,1202.88894955943,4611.0672449993735,0,0.0394529526707598,0
SRM,0.14,0,true,false,104,true,1202.888949572925,4611.067244602352,0,0.03945295267299902,0
SRM,0.14,0,true,false,105,true,1202.888918126409,4611.068169757278,0,0.039452947490721556,0
SRM,0.14,0,true,false,106,true,1202.8889109619276,4611.06838053596,0,0.03945294630579436,0
SRM,0.14,0,true,false,107,true,1202.888912675185,4611.068330132011,0,0.03945294658929493,0
SRM,0.14,0,true,false,108,true,1202.8889287739282,4611.067856507798,0,0.039452949248604735,0
SRM,0.14,0,true,false,109,true,1202.8889481867577,4611.067285383322,0,0.03945295244512887,0
SRM,0.14,0,true,false,110,true,1202.8889223672702,4611.068044991359,0,0.03945294819135299,0
SRM,0.14,0,true,false,111,true,1202.888950196783,4611.067226248478,0,0.0394529527755454,0
SRM,0.14,0,true,false,112,true,1202.888922869224,4611.0680302239,0,0.03945294827421209,0
SRM,0.14,0,true,false,113,true,1202.8889374266214,4611.067601945994,0,0.03945295067462724,0
SRM,0.14,0,true,false,114,true,1202.8889452382357,4611.067372128692,0,0.03945295196027228,0
SRM,0.14,0,true,false,115,false,1202.888923130753,4611.068022529729,0,0.039452948317389554,0
SRM,0.14,0,true,false,116,true,1202.8889284335805,4611.06786652081,0,0.03945294919250427,0
SRM,0.14,0,true,false,117,true,1202.888937735607,4611.067592855656,0,0.039452950725540815,0
SRM,0.14,0,true,false,118,true,1202.8889515107996,4611.067187590175,0,0.039452952991445356,0
SRM,0.14,0,true,false,119,true,1202.888945575988,4611.067362192038,0,0.03945295201585081,0
SRM,0.14,0,true,false,120,true,1202.8889444970014,4611.067393935772,0,0.03945295183837781,0
SRM,0.14,0,true,false,121,true,1202.8889296662287,4611.06783025636,0,0.03945294939578718,0
SRM,0.14,0,true,false,122,true,1202.8889535268095,4611.06712827927,0,0.0394529533226778,0
SRM,0.14,0,true,false,123,true,1202.8889264950876,4611.06792355117,0,0.039452948872667794,0
SRM,0.14,0,true,false,124,false,1202.8889225290513,4611.068040231762,0,0.03945294821808314,0
SRM,0.14,0,true,false,125,true,1202.8889111082713,4611.068376230542,0,0.03945294633000703,0
SRM,0.14,0,true,false,126,true,1202.8889554488178,4611.0670717338735,0,0.03945295363837288,0
SRM,0.14,0,true,false,127,true,1202.8889136842758,4611.0683004446155,0,0.03945294675629054,0
SRM,0.14,0,true,false,128,true,1202.8889384926688,4611.0675705829335,0,0.03945295085021318,0
SRM,0.14,0,true,false,129,true,1202.888925180889,4611.067962214832,0,0.03945294865579446,0
SRM,0.14,0,true,false,130,true,1202.8889447115873,4611.067387622662,0,0.03945295187365183,0
SRM,0.14,0,true,false,131,false,1202.8889106932936,4611.068388439161,0,0.039452946261379795,0
SRM,0.14,0,true,false,132,true,1202.8889130565442,4611.068318912446,0,0.039452946652455835,0
SRM,0.14,0,true,false,133,false,1202.8889194805809,4611.06812991761,0,0.03945294771455419,0
SRM,0.14,0,true,false,134,false,1202.8889129150812,4611.068323074286,0,0.03945294662905372,0
SRM,0.14,0,true,false,135,true,1202.8889539635557,4611.067115430216,0,0.039452953394405445,0
SRM,0.14,0,true,false,136,true,1202.8889443621638,4611.067397902682,0,0.039452951816168855,0
SRM,0.14,0,true,false,137,true,1202.8889365629916,4611.06762735394,0,0.03945295053243097,0
SRM,0.14,0,true,false,138,true,1202.8889148171395,4611.068267115825,0,0.03945294694365525,0
SRM,0.14,0,true,false,139,true,1202.8889218113404,4611.068061346783,0,0.03945294809956177,0
SRM,0.14,0,true,false,140,false,1202.8889350916584,4611.067670640491,0,0.03945295029001897,0
SRM,0.14,0,true,false,141,true,1202.8889314555074,4611.06777761587,0,0.03945294969078166,0
SRM,0.14,0,true,false,142,true,1202.8889245345893,4611.0679812289345,0,0.03945294854916548,0
SRM,0.14,0,true,false,143,true,1202.8889336768245,4611.067712264829,0,0.0394529500569356,0
SRM,0.14,0,true,false,144,true,1202.88892989492,4611.067823528273,0,0.03945294943347538,0
SRM,0.14,0,true,false,145,true,1202.8889274455664,4611.067895588131,0,0.03945294902952107,0
SRM,0.14,0,true,false,146,false,1202.8889193500195,4611.0681337587175,0,0.03945294769292175,0
SRM,0.14,0,true,false,147,true,1202.888941243508,4611.067489653379,0,0.03945295130300836,0
SRM,0.14,0,true,false,148,true,1202.88894553925,4611.0673632728685,0,0.03945295200980919,0
SRM,0.14,0,true,false,149,true,1202.8889211256571,4611.068081519547,0,0.039452947986279824,0
SRM,0.14,0,true,false,150,true,1202.888912648131,4611.068330927944,0,0.03945294658481628,0
SRM,0.14,0,true,false,151,true,1202.8889543987393,4611.0671026271375,0,0.039452953465901774,0
SRM,0.14,0,true,false,152,true,1202.888919666996,4611.068124433292,0,0.039452947745339424,0
SRM,0.14,0,true,false,153,true,1202.888947767653,4611.067297713361,0,0.03945295237621811,0
SRM,0.14,0,true,false,154,false,1202.8889208362139,4611.068090034955,0,0.03945294793845887,0
SRM,0.14,0,true,false,155,true,1202.8889521703375,4611.067168186603,0,0.039452953099831545,0
SRM,0.14,0,true,false,156,true,1202.888931235544,4611.067784087181,0,0.03945294965454031,0
SRM,0.14,0,true,false,157,false,1202.8889392490246,4611.067548330982,0,0.039452950974720805,0
SRM,0.14,0,true,false,158,true,1202.8889398418662,4611.067530889613,0,0.03945295107230913,0
SRM,0.14,0,true,false,159,false,1202.8889209242845,4611.068087443921,0,0.039452947953044055,0
SRM,0.14,0,true,false,160,false,1202.8889479767624,4611.067291561373,0,0.03945295241061771,0
SRM,0.14,0,true,false,161,true,1202.8889261025954,4611.067935098269,0,0.03945294880795042,0
SRM,0.14,0,true,false,162,true,1202.8889433600373,4611.067427385194,0,0.039452951651313135,0
SRM,0.14,0,true,false,163,true,1202.888911173619,4611.0683743080135,0,0.03945294634085373,0
SRM,0.14,0,true,false,164,true,1202.888910544045,4611.068392830043,0,0.039452946236672976,0
SRM,0.14,0,true,false,165,true,1202.88893954285,4611.067539686657,0,0.03945295102308699,0
SRM,0.14,0,true,false,166,false,1202.8889120355486,4611.068348950089,0,0.039452946483453794,0
SRM,0.14,0,true,false,167,false,1202.8889269083127,4611.067911394111,0,0.03945294894090623,0
SRM,0.14,0,true,false,168,true,1202.8889554554726,4611.067071538096,0,0.039452953639470316,0
SRM,0.14,0,true,false,169,true,1202.8889194609665,4611.068130494665,0,0.03945294771125766,0
SRM,0.14,0,true,false,170,false,1202.888940105902,4611.067523121691,0,0.039452951115790384,0
SRM,0.14,0,true,false,171,true,1202.888951976643,4611.067173885085,0,0.03945295306801801,0
SRM,0.14,0,true,false,172,true,1202.8889279000628,4611.067882216873,0,0.039452949104473195,0
SRM,0.14,0,true,false,173,true,1202.8889507925583,4611.0672087207995,0,0.039452952873417074,0
SRM,0.14,0,true,false,174,true,1202.8889138063503,4611.068296853192,0,0.03945294677646217,0
SRM,0.14,0,true,false,175,true,1202.8889362892057,4611.067635408706,0,0.03945295048732436,0
SRM,0.14,0,true,false,176,false,1202.888931492058,4611.067776540555,0,0.03945294969682524,0
SRM,0.14,0,true,false,177,true,1202.8889528560812,4611.067148012059,0,0.039452953212513756,0
SRM,0.14,0,true,false,178,true,1202.8889461373428,4611.067345677005,0,0.039452952108162576,0
SRM,0.14,0,true,false,179,true,1202.8889467563542,4611.06732746572,0,0.03945295220996422,0
SRM,0.14,0,true,false,180,true,1202.8889537455275,4611.067121844593,0,0.039452953358614644,0
SRM,0.14,0,true,false,181,true,1202.8889335874567,4611.067714894031,0,0.03945295004221306,0
SRM,0.14,0,true,false,182,true,1202.8889451772636,4611.0673739224885,0,0.03945295195022831,0
SRM,0.14,0,true,false,183,true,1202.8889441301467,4611.067404728616,0,0.03945295177800675,0
SRM,0.14,0,true,false,184,false,1202.888933946574,4611.067704328814,0,0.03945295010138294,0
SRM,0.14,0,true,false,185,true,1202.8889173088405,4611.0681938101025,0,0.039452947355607795,0
SRM,0.14,0,true,false,186,false,1202.8889522252277,4611.067166571736,0,0.03945295310886767,0
SRM,0.14,0,true,false,187,false,1202.8889171626267,4611.068198111707,0,0.03945294733144234,0
SRM,0.14,0,true,false,188,true,1202.8889275608199,4611.067892197385,0,0.03945294904850009,0
SRM,0.14,0,true,false,189,true,1202.888920537281,4611.068098829552,0,0.03945294788907694,0
SRM,0.14,0,true,false,190,true,1202.8889154919293,4611.068247263537,0,0.03945294705522737,0
SRM,0.14,0,true,false,191,false,1202.8889553935535,4611.067073359753,0,0.03945295362929534,0
SRM,0.14,0,true,false,192,true,1202.8889107867403,4611.068385689961,0,0.039452946276802084,0
SRM,0.14,0,true,false,193,true,1202.8889490342904,4611.0672604489555,0,0.03945295258446703,0
SRM,0.14,0,true,false,194,true,1202.8889200257079,4611.06811388,0,0.03945294780455475,0
SRM,0.14,0,true,false,195,true,1202.8889530477868,4611.06714237209,0,0.03945295324399197,0
SRM,0.14,0,true,false,196,true,1202.8889314604971,4611.06777746907,0,0.039452949691636645,0
SRM,0.14,0,true,false,197,false,1202.888912389574,4611.068338534678,0,0.03945294654207692,0
SRM,0.14,0,true,false,198,true,1202.8889546484415,4611.067095280905,0,0.03945295350690094,0
SRM,0.14,0,true,false,199,true,1202.888916854628,4611.0682071730125,0,0.03945294728055151,0
SRM,0.14,0,true,false,200,true,1202.8889471117418,4611.067317010238,0,0.03945295226839718,0
SRM,0.14,0,true,false,201,true,1202.8889484121714,4611.067278751661,0,0.039452952482168006,0
SRM,0.14,0,true,false,202,true,1202.8889262286275,4611.067931390413,0,0.03945294882876041,0
SRM,0.14,0,true,false,203,true,1202.8889132893999,4611.068312061847,0,0.03945294669091371,0
SRM,0.14,0,true,false,204,false,1202.8889164827967,4611.068218112269,0,0.03945294721909215,0
SRM,0.14,0,true,false,205,true,1202.8889564250023,4611.067043014582,0,0.03945295379865232,0
SRM,0.14,0,true,false,206,true,1202.8889309521785,4611.0677924237825,0,0.03945294960784057,0
SRM,0.14,0,true,false,207,true,1202.8889305366522,4611.0678046485455,0,0.03945294953931974,0
SRM,0.14,0,true,false,208,true,1202.8889435636272,4611.067421395591,0,0.03945295168481411,0
SRM,0.14,0,true,false,209,false,1202.8889311867256,4611.067785523417,0,0.03945294964648499,0
SRM,0.14,0,true,false,210,true,1202.8889134807036,4611.068306433695,0,0.03945294672258227,0
SRM,0.14,0,true,false,211,false,1202.8889190494529,4611.068142601373,0,0.03945294764331407,0
SRM,0.14,0,true,false,212,true,1202.8889104552495,4611.068395442408,0,0.03945294622196765,0
SRM,0.14,0,true,false,213,false,1202.888946926861,4611.067322449417,0,0.03945295223795895,0
SRM,0.14,0,true,false,214,true,1202.8889476622396,4611.06730081462,0,0.03945295235888535,0
SRM,0.14,0,true,false,215,true,1202.8889187130392,4611.0681524986485,0,0.039452947587727626,0
SRM,0.14,0,true,false,216,true,1202.8889185831738,4611.068156319282,0,0.03945294756622096,0
SRM,0.14,0,true,false,217,true,1202.8889535174067,4611.067128555896,0,0.03945295332112827,0
SRM,0.14,0,true,false,218,true,1202.888932949421,4611.0677336650115,0,0.03945294993707456,0
SRM,0.14,0,true,false,219,true,1202.8889566541955,4611.067036271727,0,0.039452953836282514,0
SRM,0.14,0,true,false,220,true,1202.8889116171601,4611.068361259055,0,0.039452946414284464,0
SRM,0.14,0,true,false,221,true,1202.8889120702277,4611.06834792983,0,0.039452946489250844,0
SRM,0.14,0,true,false,222,true,1202.8889557005525,4611.067064327856,0,0.03945295367968828,0
SRM,0.14,0,true,false,223,true,1202.888939433101,4611.067542915463,0,0.03945295100504445,0
SRM,0.14,0,true,false,224,true,1202.8889474280613,4611.067307704134,0,0.03945295232037379,0
SRM,0.14,0,true,false,225,true,1202.888952250418,4611.067165830638,0,0.039452953113004084,0
SRM,0.14,0,true,false,226,true,1202.8889431878106,4611.067432452098,0,0.039452951622993296,0
SRM,0.14,0,true,false,227,false,1202.8889416384031,4611.067478035587,0,0.039452951368038745,0
SRM,0.14,0,true,false,228,true,1202.8889520042123,4611.067173073999,0,0.03945295307255819,0
SRM,0.14,0,true,false,229,true,1202.8889571013829,4611.0670231154945,0,0.039452953909732365,0
SRM,0.14,0,true,false,230,true,1202.8889514788275,4611.067188530794,0,0.03945295298622077,0
SRM,0.14,0,true,false,231,true,1202.888936523217,4611.067628524107,0,0.03945295052584353,0
SRM,0.14,0,true,false,232,true,1202.8889443034102,4611.067399631214,0,0.03945295180648512,0
SRM,0.14,0,true,false,233,true,1202.888913237545,4611.068313587413,0,0.039452946682341124,0
SRM,0.14,0,true,false,234,true,1202.888915125456,4611.0682580451685,0,0.03945294699462734,0
SRM,0.14,0,true,false,235,true,1202.8889385911334,4611.067567686112,0,0.03945295086639582,0
SRM,0.14,0,true,false,236,true,1202.8889479514507,4611.067292306045,0,0.03945295240644098,0
SRM,0.14,0,true,false,237,false,1202.8889566882729,4611.067035269172,0,0.03945295384187864,0
SRM,0.14,0,true,false,238,true,1202.888937803777,4611.067590850096,0,0.039452950736766905,0
SRM,0.14,0,true,false,239,true,1202.8889266967426,4611.06791761849,0,0.03945294890594654,0
SRM,0.14,0,true,false,240,true,1202.8889344007741,4611.067690966271,0,0.03945295017620638,0
SRM,0.14,0,true,false,241,true,1202.8889218334327,4611.068060696826,0,0.03945294810317985,0
SRM,0.14,0,true,false,242,true,1202.8889569411156,4611.067027830553,0,0.039452953883429454,0
SRM,0.14,0,true,false,243,true,1202.888913788309,4611.068297383963,0,0.03945294677344963,0
SRM,0.14,0,true,false,244,true,1202.8889539620998,4611.067115473044,0,0.039452953394174144,0
SRM,0.14,0,true,false,245,true,1202.8889393774955,4611.067544551375,0,0.03945295099590435,0
SRM,0.14,0,true,false,246,true,1202.8889208517892,4611.068089576731,0,0.039452947941049865,0
SRM,0.14,0,true,false,247,false,1202.8889435445146,4611.067421957882,0,0.03945295168165663,0
SRM,0.14,0,true,false,248,true,1202.8889132465047,4611.068313323822,0,0.03945294668388179,0
SRM,0.14,0,true,false,249,true,1202.8889117790368,4611.06835649665,0,0.0394529464410674,0
SRM,0.14,0,true,false,250,true,1202.8889223580763,4611.068045261838,0,0.03945294818985002,0
SRM,0.14,0,true,false,251,false,1202.888916475492,4611.068218327179,0,0.03945294721783926,0
SRM,0.14,0,true,false,252,true,1202.888911961047,4611.068351141921,0,0.039452946471199485,0
SRM,0.14,0,true,false,253,false,1202.8889120605681,4611.068348214015,0,0.03945294648765558,0
SRM,0.14,0,true,false,254,true,1202.8889112181482,4611.068372997965,0,0.039452946348245,0
SRM,0.14,0,true,false,255,false,1202.888919668868,4611.068124378209,0,0.03945294774563386,0
SRM,0.14,0,false,true,0,true,1195.1362850126036,4839.150248333778,0,0.03993860410138868,0
SRM,0.14,0,false,true,1,false,1195.1362876234002,4839.150171524275,0,0.03993860437477093,0
SRM,0.14,0,false,true,2,true,1195.1362816514481,4839.1503472188015,0,0.039938603792382434,0
SRM,0.14,0,false,true,3,true,1195.136292528782,4839.150027208188,0,0.039938604842447344,0
SRM,0.14,0,false,true,4,true,1195.1362828937836,4839.15031066936,0,0.039938603934442,0
SRM,0.14,0,false,true,5,true,1195.1363117962196,4839.149460361133,0,0.03993860673831884,0
SRM,0.14,0,false,true,6,true,1195.136309380817,4839.149531422158,0,0.03993860651548209,0
SRM,0.14,0,false,true,7,true,1195.1362939990465,4839.149983953079,0,0.03993860496379868,0
SRM,0.14,0,false,true,8,true,1195.136285999639,4839.150219295244,0,0.03993860419452623,0
SRM,0.14,0,false,true,9,true,1195.13628605034,4839.150217803626,0,0.03993860425116504,0
SRM,0.14,0,false,true,10,true,1195.136342970867,4839.148543204569,0,0.039938609786287216,0
SRM,0.14,0,false,true,11,true,1195.1362851641122,4839.1502438764,0,0.0399386041635325,0
SRM,0.14,0,false,true,12,true,1195.1362943476583,4839.149973696938,0,0.039938605047199136,0
SRM,0.14,0,false,true,13,true,1195.1362828091071,4839.150313160536,0,0.03993860389571191,0
SRM,0.14,0,false,true,14,true,1195.1362820286229,4839.150336122345,0,0.03993860383514383,0
SRM,0.14,0,false,true,15,true,1195.13628321513,4839.150301215356,0,0.039938603969274324,0
SRM,0.14,0,false,true,16,true,1195.1362971404146,4839.149891534185,0,0.03993860528237543,0
SRM,0.14,0,false,true,17,true,1195.1362825018723,4839.150322199368,0,0.03993860387338665,0
SRM,0.14,0,false,true,18,true,1195.1362834123968,4839.150295411783,0,0.03993860395170503,0
SRM,0.14,0,false,true,19,true,1195.1362822683252,4839.150329070313,0,0.03993860385735788,0
SRM,0.14,0,false,true,20,true,1195.1362949933803,4839.1499546998275,0,0.03993860509149332,0
SRM,0.14,0,false,true,21,true,1195.136285720343,4839.150227512118,0,0.03993860416893757,0
SRM,0.14,0,false,true,22,true,1195.1362837878944,4839.1502843646595,0,0.039938603987125336,0
SRM,0.14,0,false,true,23,true,1195.136287035386,4839.15018882362,0,0.039938604294306485,0
SRM,0.14,0,false,true,24,true,1195.1362853501732,4839.150238402497,0,0.03993860417768561,0
SRM,0.14,0,false,true,25,true,1195.1363505298089,4839.148320820877,0,0.039938610516289386,0
SRM,0.14,0,false,true,26,true,1195.136306955495,4839.149602775011,0,0.03993860623377469,0
SRM,0.14,0,false,true,27,false,1195.1362856879457,4839.150228465242,0,0.03993860416466392,0
SRM,0.14,0,false,true,28,true,1195.1362822779856,4839.1503287861005,0,0.03993860384384403,0
SRM,0.14,0,false,true,29,true,1195.1362972447237,4839.149888465419,0,0.039938605327729935,0
SRM,0.14,0,false,true,30,true,1195.136336113269,4839.148744954759,0,0.03993860912253229,0
SRM,0.14,0,false,true,31,true,1195.1362812599068,4839.150358737928,0,0.03993860374777851,0
SRM,0.14,0,false,true,32,true,1195.1363489477087,4839.148367366182,0,0.039938610348918546,0
SRM,0.14,0,false,true,33,true,1195.1363269492203,4839.149014560611,0,0.03993860824245696,0
SRM,0.14,0,false,true,34,true,1195.1363111209191,4839.149480228441,0,0.03993860668321864,0
SRM,0.14,0,false,true,35,false,1195.1363336300037,4839.148818012298,0,0.039938608882039636,0
SRM,0.14,0,false,true,36,false,1195.1362828602878,4839.150311654804,0,0.03993860390356879,0
SRM,0.14,0,false,true,37,true,1195.1362825481824,4839.150320836926,0,0.039938603895456795,0
SRM,0.14,0,false,true,38,true,1195.136282351646,4839.150326619015,0,0.03993860387815145,0
SRM,0.14,0,false,true,39,true,1195.1362933215091,4839.150003886195,0,0.03993860492780333,0
SRM,0.14,0,false,true,40,false,1195.136286723598,4839.15019799641,0,0.03993860427271156,0
SRM,0.14,0,false,true,41,true,1195.136282598072,4839.150319369175,0,0.0399386038831562,0
SRM,0.14,0,false,true,42,false,1195.1362945851417,4839.149966710183,0,0.039938605053148196,0
SRM,0.14,0,false,true,43,true,1195.1363521784458,4839.148272318061,0,0.039938610667014804,0
SRM,0.14,0,false,true,44,true,1195.1363258704016,4839.1490462994,0,0.03993860812393804,0
SRM,0.14,0,false,true,45,true,1195.136283475301,4839.150293561141,0,0.03993860399796946,0
SRM,0.14,0,false,true,46,true,1195.13631135322,4839.149473394164,0,0.03993860665429933,0
SRM,0.14,0,false,true,47,true,1195.136333636704,4839.148817815173,0,0.03993860884138906,0
SRM,0.14,0,false,true,48,true,1195.1362818552118,4839.150341224086,0,0.039938603811583546,0
SRM,0.14,0,false,true,49,true,1195.1362869125746,4839.150192436726,0,0.0399386043353473,0
SRM,0.14,0,false,true,50,true,1195.1362851163437,4839.150245281747,0,0.03993860413223589,0
SRM,0.14,0,false,true,51,true,1195.1362983230783,4839.149856740276,0,0.03993860537848847,0
SRM,0.14,0,false,true,52,true,1195.1362824521832,4839.150323661221,0,0.03993860388945675,0
SRM,0.14,0,false,true,53,true,1195.1362850095468,4839.15024842371,0,0.03993860410071694,0
SRM,0.14,0,false,true,54,true,1195.1363102069404,4839.149507117649,0,0.03993860657753826,0
SRM,0.14,0,false,true,55,true,1195.136304804592,4839.149666054468,0,0.039938606084611764,0
SRM,0.14,0,false,true,56,true,1195.1363396025565,4839.148642300095,0,0.03993860944852212,0
SRM,0.14,0,false,true,57,true,1195.136289223394,4839.150124452535,0,0.03993860450485337,0
SRM,0.14,0,false,true,58,true,1195.1362820821755,4839.150334546829,0,0.039938603843914254,0
SRM,0.14,0,false,true,59,true,1195.1362812671093,4839.150358526033,0,0.03993860374889427,0
SRM,0.14,0,false,true,60,true,1195.1363051677097,4839.149655371566,0,0.03993860606790712,0
SRM,0.14,0,false,true,61,true,1195.1363004476004,4839.149794236943,0,0.03993860560038027,0
SRM,0.14,0,false,true,62,true,1195.1362815689681,4839.150349645363,0,0.039938603781794556,0
SRM,0.14,0,false,true,63,true,1195.136290646423,4839.15008258709,0,0.039938604647436475,0
SRM,0.14,0,false,true,64,true,1195.1363131124663,4839.149421637225,0,0.039938606883818124,0
SRM,0.14,0,false,true,65,true,1195.1362833806727,4839.150296345104,0,0.039938603968558646,0
SRM,0.14,0,false,true,66,true,1195.136281781045,4839.150343406072,0,0.0399386038000591,0
SRM,0.14,0,false,true,67,true,1195.136302008373,4839.149748319093,0,0.0399386057625556,0
SRM,0.14,0,false,true,68,true,1195.136295781517,4839.149931512887,0,0.039938605133890664,0
SRM,0.14,0,false,true,69,true,1195.136324429662,4839.149088685895,0,0.03993860796881889,0
SRM,0.14,0,false,true,70,true,1195.1363019660816,4839.149749563306,0,0.039938605756486695,0
SRM,0.14,0,false,true,71,true,1195.1362936760286,4839.14999345625,0,0.039938604933194156,0
SRM,0.14,0,false,true,72,true,1195.1362867638925,4839.150196810943,0,0.039938604319552366,0
SRM,0.14,0,false,true,73,true,1195.136290243248,4839.15009444849,0,0.039938604603066516,0
SRM,0.14,0,false,true,74,true,1195.1362846766094,4839.150258218711,0,0.039938604091892344,0
SRM,0.14,0,false,true,75,true,1195.1362832418044,4839.150300430603,0,0.03993860395440935,0
SRM,0.14,0,false,true,76,true,1195.1362923064373,4839.150033749555,0,0.03993860487051048,0
SRM,0.14,0,false,true,77,true,1195.1362934962344,4839.149998745784,0,0.039938604922585115,0
SRM,0.14,0,false,true,78,true,1195.136281605228,4839.150348578595,0,0.03993860378308347,0
SRM,0.14,0,false,true,79,true,1195.1362987757343,4839.149843423163,0,0.039938605467615115,0
SRM,0.14,0,false,true,80,false,1195.1362818786415,4839.150340534788,0,0.0399386038179012,0
SRM,0.14,0,false,true,81,true,1195.1362829527532,4839.150308934476,0,0.039938603927181834,0
SRM,0.14,0,false,true,82,true,1195.136334917516,4839.148780133753,0,0.03993860897400839,0
SRM,0.14,0,false,true,83,false,1195.136315347271,4839.149355889383,0,0.039938607100789204,0
SRM,0.14,0,false,true,84,true,1195.136285302022,4839.150239819099,0,0.03993860412820945,0
SRM,0.14,0,false,true,85,true,1195.1363262350665,4839.149035570985,0,0.03993860811657932,0
SRM,0.14,0,false,true,86,true,1195.1362817836014,4839.1503433308635,0,0.03993860379698117,0
SRM,0.14,0,false,true,87,true,1195.1363062715618,4839.1496228962915,0,0.03993860617842942,0
SRM,0.14,0,false,true,88,true,1195.1362822586714,4839.1503293543265,0,0.03993860386668344,0
SRM,0.14,0,false,true,89,true,1195.1362822517817,4839.150329557022,0,0.039938603858529306,0
SRM,0.14,0,false,true,90,true,1195.136307062831,4839.149599617186,0,0.03993860624869965,0
SRM,0.14,0,false,true,91,true,1195.136322285242,4839.149151774622,0,0.03993860777121534,0
SRM,0.14,0,false,true,92,false,1195.1363113821656,4839.149472542582,0,0.039938606666715254,0
SRM,0.14,0,false,true,93,true,1195.136325201893,4839.149065966896,0,0.039938608012869234,0
SRM,0.14,0,false,true,94,true,1195.1362826623038,4839.150317479483,0,0.039938603904924805,0
SRM,0.14,0,false,true,95,true,1195.1363032731604,4839.149711109109,0,0.039938605876592814,0
SRM,0.14,0,false,true,96,true,1195.1362923313984,4839.150033015201,0,0.0399386048205508,0
SRM,0.14,0,false,true,97,true,1195.1363321652093,4839.148861106477,0,0.03993860872579815,0
SRM,0.14,0,false,true,98,true,1195.1362815678474,4839.150349678334,0,0.03993860378438392,0
SRM,0.14,0,false,true,99,true,1195.136312247257,4839.149447091638,0,0.03993860676565151,0
SRM,0.14,0,false,true,100,true,1195.1363320514636,4839.148864452872,0,0.039938608716575244,0
SRM,0.14,0,false,true,101,true,1195.1363204329277,4839.149206269618,0,0.03993860755584238,0
SRM,0.14,0,false,true,102,false,1195.136311852417,4839.149458707809,0,0.03993860670926255,0
SRM,0.14,0,false,true,103,true,1195.1362824865864,4839.150322649078,0,0.039938603884996815,0
SRM,0.14,0,false,true,104,true,1195.136304660135,4839.149670304389,0,0.039938606048095335,0
SRM,0.14,0,false,true,105,true,1195.1362862556596,4839.150211763135,0,0.039938604255998586,0
SRM,0.14,0,false,true,106,true,1195.1363354959653,4839.148763115799,0,0.0399386090663085,0
SRM,0.14,0,false,true,107,true,1195.136316224805,4839.149330072378,0,0.03993860718877292,0
SRM,0.14,0,false,true,108,true,1195.1362897437239,4839.15010914446,0,0.03993860456866685,0
SRM,0.14,0,false,true,109,true,1195.1362822685253,4839.150329064426,0,0.03993860386075961,0
SRM,0.14,0,false,true,110,true,1195.1363089347574,4839.149544545213,0,0.03993860643800528,0
SRM,0.14,0,false,true,111,true,1195.1362822990675,4839.150328165876,0,0.03993860386681066,0
SRM,0.14,0,false,true,112,true,1195.1362814437969,4839.150353327895,0,0.03993860376920347,0
SRM,0.14,0,false,true,113,true,1195.1363041270752,4839.149685986982,0,0.039938605953052896,0
SRM,0.14,0,false,true,114,true,1195.1362850217472,4839.150248064772,0,0.03993860412766436,0
SRM,0.14,0,false,true,115,true,1195.136282927809,4839.150309668334,0,0.039938603918704234,0
SRM,0.14,0,false,true,116,true,1195.136306793243,4839.149607548456,0,0.03993860620860142,0
SRM,0.14,0,false,true,117,true,1195.136286635414,4839.150200590777,0,0.03993860427015006,0
SRM,0.14,0,false,true,118,true,1195.1362820393754,4839.150335806004,0,0.0399386038406396,0
SRM,0.14,0,false,true,119,true,1195.1362898289615,4839.150106636772,0,0.039938604597311904,0
SRM,0.14,0,false,true,120,true,1195.136282290409,4839.150328420603,0,0.039938603858214926,0
SRM,0.14,0,false,true,121,true,1195.1363004617338,4839.149793821143,0,0.039938605596555335,0
SRM,0.14,0,false,true,122,true,1195.136332804504,4839.148842298456,0,0.03993860878956311,0
SRM,0.14,0,false,true,123,false,1195.1362875453588,4839.15017382025,0,0.0399386043429428,0
SRM,0.14,0,false,true,124,true,1195.1363002643852,4839.1497996271255,0,0.039938605600259885,0
SRM,0.14,0,false,true,125,true,1195.1362822925912,4839.150328356406,0,0.03993860387045259,0
SRM,0.14,0,false,true,126,false,1195.1362843236607,4839.150268602449,0,0.0399386040805805,0
SRM,0.14,0,false,true,127,true,1195.136304379741,4839.149678553565,0,0.039938606035292784,0
SRM,0.14,0,false,true,128,true,1195.1362926098734,4839.150024822482,0,0.03993860482572854,0
SRM,0.14,0,false,true,129,true,1195.1362851904205,4839.1502431024155,0,0.039938604136050306,0
SRM,0.14,0,false,true,130,true,1195.1363225817129,4839.149143052464,0,0.03993860775762381,0
SRM,0.14,0,false,true,131,true,1195.1362949304914,4839.149956550015,0,0.039938605128522583,0
SRM,0.14,0,false,true,132,true,1195.1363326597668,4839.148846556617,0,0.03993860877695748,0
SRM,0.14,0,false,true,133,true,1195.1362882005074,4839.150154545809,0,0.03993860444176146,0
SRM,0.14,0,false,true,134,true,1195.1363372626965,4839.148711138656,0,0.039938609221756086,0
SRM,0.14,0,false,true,135,true,1195.1362945212566,4839.149968589684,0,0.03993860507973828,0
SRM,0.14,0,false,true,136,true,1195.136281492316,4839.150351900467,0,0.03993860377494896,0
SRM,0.14,0,false,true,137,true,1195.1362867140024,4839.150198278707,0,0.039938604266775604,0
SRM,0.14,0,false,true,138,true,1195.1362928418764,4839.150017996966,0,0.039938604908173726,0
SRM,0.14,0,false,true,139,true,1195.1362842302244,4839.150271351338,0,0.03993860402732872,0
SRM,0.14,0,false,true,140,true,1195.1362857579957,4839.150226404382,0,0.03993860417600754,0
SRM,0.14,0,false,true,141,true,1195.1362876066166,4839.150172018044,0,0.03993860435443781,0
SRM,0.14,0,false,true,142,true,1195.1362825683661,4839.150320243123,0,0.03993860387123889,0
SRM,0.14,0,false,true,143,true,1195.1362891651631,4839.150126165684,0,0.03993860450686914,0
SRM,0.14,0,false,true,144,true,1195.136294672719,4839.149964133665,0,0.03993860504062623,0
SRM,0.14,0,false,true,145,false,1195.1362934357182,4839.150000526167,0,0.03993860492752152,0
SRM,0.14,0,false,true,146,false,1195.136314643935,4839.149376581489,0,0.03993860700092905,0
SRM,0.14,0,false,true,147,true,1195.1362893738185,4839.150120027055,0,0.039938604515329656,0
SRM,0.14,0,false,true,148,true,1195.1362827910132,4839.150313692858,0,0.03993860389321714,0
SRM,0.14,0,false,true,149,true,1195.1362815134391,4839.150351279019,0,0.03993860377824282,0
SRM,0.14,0,false,true,150,true,1195.1362822317824,4839.150330145399,0,0.039938603863754224,0
SRM,0.14,0,false,true,151,true,1195.1363338335077,4839.148812025219,0,0.039938608892693295,0
SRM,0.14,0,false,true,152,true,1195.136298944214,4839.1498384664965,0,0.039938605482715675,0
SRM,0.14,0,false,true,153,true,1195.1362816587966,4839.150347002613,0,0.0399386037955158,0
SRM,0.14,0,false,true,154,true,1195.1362963736983,4839.14991409094,0,0.03993860523007862,0
SRM,0.14,0,false,true,155,true,1195.1362874734746,4839.15017593508,0,0.03993860438403829,0
SRM,0.14,0,false,true,156,true,1195.1362827474438,4839.150314974663,0,0.039938603889182245,0
SRM,0.14,0,false,true,157,true,1195.1362813232906,4839.150356873184,0,0.03993860375501344,0
SRM,0.14,0,false,true,158,false,1195.1362827020175,4839.150316311105,0,0.0399386038833195,0
SRM,0.14,0,false,true,159,true,1195.1362822006595,4839.150331061034,0,0.039938603838840826,0
SRM,0.14,0,false,true,160,true,1195.1362836269504,4839.150289099628,0,0.039938603972762395,0
SRM,0.14,0,false,true,161,false,1195.1362825958452,4839.150319434692,0,0.03993860387347634,0
SRM,0.14,0,false,true,162,true,1195.1362839048493,4839.150280923856,0,0.03993860399622217,0
SRM,0.14,0,false,true,163,true,1195.1362865123292,4839.150204211928,0,0.039938604299826215,0
SRM,0.14,0,false,true,164,true,1195.136284920236,4839.15025105123,0,0.03993860414345125,0
SRM,0.14,0,false,true,165,true,1195.1362915564328,4839.150055814653,0,0.039938604724406336,0
SRM,0.14,0,false,true,166,true,1195.1362880786055,4839.150158132157,0,0.039938604452265825,0
SRM,0.14,0,false,true,167,true,1195.1362875013215,4839.150175115822,0,0.03993860435563118,0
SRM,0.14,0,false,true,168,false,1195.1363394237806,4839.148647559672,0,0.03993860943875685,0
SRM,0.14,0,false,true,169,true,1195.1362862924611,4839.150210680432,0,0.039938604255225316,0
SRM,0.14,0,false,true,170,true,1195.13628479354,4839.1502547786195,0,0.03993860408098464,0
SRM,0.14,0,false,true,171,false,1195.1362830544263,4839.150305943262,0,0.03993860394593179,0
SRM,0.14,0,false,true,172,true,1195.1362845004558,4839.150263401143,0,0.0399386040544694,0
SRM,0.14,0,false,true,173,true,1195.136328128377,4839.148979869881,0,0.039938608321242804,0
SRM,0.14,0,false,true,174,true,1195.136283774618,4839.150284755252,0,0.039938604020572886,0
SRM,0.14,0,false,true,175,true,1195.1362966554093,4839.149905803021,0,0.03993860523140531,0
SRM,0.14,0,false,true,176,true,1195.1363009041029,4839.149780806664,0,0.03993860563472678,0
SRM,0.14,0,false,true,177,true,1195.1363449614835,4839.148484640729,0,0.039938609960420465,0
SRM,0.14,0,false,true,178,true,1195.1362850365408,4839.150247629549,0,0.03993860410295466,0
SRM,0.14,0,false,true,179,true,1195.136281702517,4839.150345716363,0,0.039938603795780195,0
SRM,0.14,0,false,true,180,true,1195.1362916429068,4839.150053270588,0,0.03993860479706499,0
SRM,0.14,0,false,true,181,true,1195.1362994980784,4839.149822171836,0,0.039938605494307965,0
SRM,0.14,0,false,true,182,true,1195.1363262986217,4839.149033701192,0,0.03993860811876954,0
SRM,0.14,0,false,true,183,true,1195.1362825151095,4839.150321809928,0,0.03993860387997751,0
SRM,0.14,0,false,true,184,true,1195.1362812214486,4839.150359869372,0,0.039938603744107626,0
SRM,0.14,0,false,true,185,true,1195.136282932484,4839.1503095307935,0,0.039938603929542085,0
SRM,0.14,0,false,true,186,true,1195.1363028787403,4839.149722712934,0,0.039938605885611066,0
SRM,0.14,0,false,true,187,true,1195.1363132548138,4839.1494174493655,0,0.03993860687889229,0
SRM,0.14,0,false,true,188,true,1195.1362874727104,4839.15017595756,0,0.039938604336960934,0
SRM,0.14,0,false,true,189,false,1195.1362819603178,4839.150338131874,0,0.03993860382655301,0
SRM,0.14,0,false,true,190,true,1195.1362871736987,4839.150184754464,0,0.039938604352807,0
SRM,0.14,0,false,true,191,true,1195.1362822440683,4839.150329783949,0,0.03993860386508036,0
SRM,0.14,0,false,true,192,true,1195.1363389468722,4839.14866159029,0,0.03993860939874048,0
SRM,0.14,0,false,true,193,true,1195.136310053355,4839.149511636127,0,0.0399386065688414,0
SRM,0.14,0,false,true,194,true,1195.1362903374736,4839.150091676369,0,0.03993860464775795,0
SRM,0.14,0,false,true,195,true,1195.136282120138,4839.15033342997,0,0.03993860384330226,0
SRM,0.14,0,false,true,196,true,1195.1362924501307,4839.150029522105,0,0.03993860482218777,0
SRM,0.14,0,false,true,197,true,1195.1362823810987,4839.150325752519,0,0.03993860386895972,0
SRM,0.14,0,false,true,198,false,1195.1363049107824,4839.149662930353,0,0.03993860609221202,0
SRM,0.14,0,false,true,199,false,1195.1363266776673,4839.1490225496855,0,0.03993860818043063,0
SRM,0.14,0,false,true,200,false,1195.1362870501296,4839.150188389863,0,0.039938604329482236,0
SRM,0.14,0,false,true,201,true,1195.1363071962892,4839.149595690857,0,0.03993860628818023,0
SRM,0.14,0,false,true,202,true,1195.1362819863675,4839.150337365494,0,0.03993860382273783,0
SRM,0.14,0,false,true,203,true,1195.1362841668215,4839.1502732166455,0,0.03993860406143642,0
SRM,0.14,0,false,true,204,true,1195.1362818976709,4839.150339974941,0,0.039938603818318284,0
SRM,0.14,0,false,true,205,true,1195.1362954823383,4839.149940314709,0,0.03993860518208472,0
SRM,0.14,0,false,true,206,true,1195.1362813104622,4839.15035725059,0,0.03993860375316217,0
SRM,0.14,0,false,true,207,true,1195.1362841868026,4839.150272628799,0,0.03993860403124419,0
SRM,0.14,0,false,true,208,true,1195.1363076099813,4839.149583520057,0,0.03993860630987065,0
SRM,0.14,0,false,true,209,true,1195.1362864315938,4839.150206587156,0,0.03993860424146331,0
SRM,0.14,0,false,true,210,true,1195.1362845205304,4839.150262810551,0,0.03993860409575149,0
SRM,0.14,0,false,true,211,false,1195.136325836584,4839.149047294314,0,0.039938608085180134,0
SRM,0.14,0,false,true,212,true,1195.1362873648775,4839.150179129996,0,0.0399386043866844,0
SRM,0.14,0,false,true,213,true,1195.1362836931512,4839.150287152005,0,0.039938603977791025,0
SRM,0.14,0,false,true,214,true,1195.1362817445151,4839.150344480778,0,0.039938603806007084,0
SRM,0.14,0,false,true,215,true,1195.136331933472,4839.148867924172,0,0.03993860867283194,0
SRM,0.14,0,false,true,216,true,1195.1363145687665,4839.149378792945,0,0.039938606998904946,0
SRM,0.14,0,false,true,217,true,1195.136316397396,4839.149324994755,0,0.03993860720012767,0
SRM,0.14,0,false,true,218,true,1195.1362813411292,4839.15035634837,0,0.039938603755736324,0
SRM,0.14,0,false,true,219,true,1195.1362954449437,4839.1499414148575,0,0.03993860517870741,0
SRM,0.14,0,false,true,220,true,1195.1362831976126,4839.150301730724,0,0.039938603967251185,0
SRM,0.14,0,false,true,221,true,1195.136350265032,4839.148328610598,0,0.039938610487493184,0
SRM,0.14,0,false,true,222,true,1195.136298729924,4839.1498447709,0,0.039938605495294016,0
SRM,0.14,0,false,true,223,false,1195.1362837230215,4839.150286273222,0,0.03993860397992429,0
SRM,0.14,0,false,true,224,true,1195.1362910230878,4839.150071505638,0,0.039938604718279286,0
SRM,0.14,0,false,true,225,true,1195.1363023299532,4839.14973885822,0,0.03993860583134052,0
SRM,0.14,0,false,true,226,false,1195.1363002043445,4839.1498013935225,0,0.03993860559499643,0
SRM,0.14,0,false,true,227,true,1195.1362879484273,4839.150161961993,0,0.03993860437900921,0
SRM,0.14,0,false,true,228,true,1195.1362849762256,4839.150249404015,0,0.03993860413798758,0
SRM,0.14,0,false,true,229,true,1195.136301266148,4839.149770155314,0,0.03993860574780173,0
SRM,0.14,0,false,true,230,true,1195.1362924761554,4839.150028756458,0,0.03993860487091722,0
SRM,0.14,0,false,true,231,true,1195.1362919990254,4839.150042793598,0,0.039938604784144224,0
SRM,0.14,0,false,true,232,true,1195.136283960898,4839.150279274903,0,0.039938604022325165,0
SRM,0.14,0,false,true,233,true,1195.1362822349265,4839.150330052902,0,0.03993860386389011,0
SRM,0.14,0,false,true,234,true,1195.136326543088,4839.149026509005,0,0.039938608174489236,0
SRM,0.14,0,false,true,235,true,1195.1362834171491,4839.150295271968,0,0.039938603951208906,0
SRM,0.14,0,false,true,236,true,1195.1362829874802,4839.150307912808,0,0.03993860391347496,0
SRM,0.14,0,false,true,237,false,1195.1362827254172,4839.150315622692,0,0.0399386039198662,0
SRM,0.14,0,false,true,238,true,1195.1362844030036,4839.15026626818,0,0.039938604045415736,0
SRM,0.14,0,false,true,239,false,1195.1362906187742,4839.15008340052,0,0.03993860465770797,0
SRM,0.14,0,false,true,240,true,1195.1362821776133,4839.15033173905,0,0.03993860383673761,0
SRM,0.14,0,false,true,241,false,1195.1362815116008,4839.150351333106,0,0.03993860377858152,0
SRM,0.14,0,false,true,242,true,1195.1362823442903,4839.150326835419,0,0.039938603875734446,0
SRM,0.14,0,false,true,243,true,1195.1363417979273,4839.148577712392,0,0.0399386096558932,0
SRM,0.14,0,false,true,244,true,1195.1363187071536,4839.1492570418,0,0.03993860742711496,0
SRM,0.14,0,false,true,245,true,1195.1362842127644,4839.150271865007,0,0.03993860402603641,0
SRM,0.14,0,false,true,246,true,1195.1362999572757,4839.1498086622705,0,0.039938605575772605,0
SRM,0.14,0,false,true,247,true,1195.1362921770283,4839.150037556764,0,0.039938604818375585,0
SRM,0.14,0,false,true,248,true,1195.1363348839225,4839.1487811220695,0,0.03993860899287191,0
SRM,0.14,0,false,true,249,true,1195.1362826182146,4839.150318776581,0,0.03993860390697684,0
SRM,0.14,0,false,true,250,true,1195.136281577155,4839.150349404506,0,0.03993860378085816,0
SRM,0.14,0,false,true,251,true,1195.1362820727986,4839.150334822694,0,0.03993860383296235,0
SRM,0.14,0,false,true,252,true,1195.1362823201782,4839.150327544799,0,0.0399386038742117,0
SRM,0.14,0,false,true,253,true,1195.1363177447874,4839.149285354565,0,0.03993860734051806,0
SRM,0.14,0,false,true,254,true,1195.1362850408182,4839.150247503706,0,0.03993860415399636,0
SRM,0.14,0,false,true,255,true,1195.1362883972033,4839.150148759025,0,0.03993860446012102,0
SRM,0.15400000000000003,0,false,false,0,true,1253.7041359700665,3116.087001557763,0,0.03962804422484611,0
SRM,0.15400000000000003,0,false,false,1,true,1253.7041361208521,3116.086997121661,0,0.03962804425604108,0
SRM,0.15400000000000003,0,false,false,2,true,1253.7041365181972,3116.0869854317866,0,0.039628044338244586,0
SRM,0.15400000000000003,0,false,false,3,true,1253.704135909864,3116.0870033289234,0,0.039628044212391265,0
SRM,0.15400000000000003,0,false,false,4,true,1253.7041375065558,3116.086956354327,0,0.03962804454271713,0
SRM,0.15400000000000003,0,false,false,5,false,1253.7041367982526,3116.0869771925686,0,0.0396280443961834,0
SRM,0.15400000000000003,0,false,false,6,false,1253.7041371167413,3116.0869678226477,0,0.039628044462071625,0
SRM,0.15400000000000003,0,false,false,7,true,1253.7041357742798,3116.0870073177985,0,0.03962804418434144,0
SRM,0.15400000000000003,0,false,false,8,true,1253.7041361311042,3116.0869968200436,0,0.039628044258161826,0
SRM,0.15400000000000003,0,false,false,9,true,1253.7041375243223,3116.086955831638,0,0.03962804454639425,0
SRM,0.15400000000000003,0,false,false,10,true,1253.7041377417088,3116.086949436137,0,0.039628044591366166,0
SRM,0.15400000000000003,0,false,false,11,true,1253.7041375644224,3116.086954651895,0,0.0396280445546892,0
SRM,0.15400000000000003,0,false,false,12,true,1253.7041367673728,3116.0869781010533,0,0.03962804438979429,0
SRM,0.15400000000000003,0,false,false,13,true,1253.704136478178,3116.086986609148,0,0.03962804432996512,0
SRM,0.15400000000000003,0,false,false,14,false,1253.7041372030583,3116.086965283207,0,0.03962804447992985,0
SRM,0.15400000000000003,0,false,false,15,true,1253.7041376932489,3116.086950861825,0,0.03962804458134127,0
SRM,0.15400000000000003,0,false,false,16,false,1253.7041358493852,3116.0870051082006,0,0.039628044199879434,0
SRM,0.15400000000000003,0,false,false,17,true,1253.704137085414,3116.086968744297,0,0.03962804445559092,0
SRM,0.15400000000000003,0,false,false,18,true,1253.704135814237,3116.087006142264,0,0.03962804419260774,0
SRM,0.15400000000000003,0,false,false,19,true,1253.7041373817176,3116.08696002706,0,0.039628044516890774,0
SRM,0.15400000000000003,0,false,false,20,false,1253.704136185794,3116.0869952110734,0,0.039628044269476435,0
SRM,0.15400000000000003,0,false,false,21,true,1253.7041359951054,3116.087000821121,0,0.03962804423002618,0
SRM,0.15400000000000003,0,false,false,22,true,1253.7041358355777,3116.0870055144164,0,0.03962804419702273,0
SRM,0.15400000000000003,0,false,false,23,true,1253.7041359486093,3116.0870021890332,0,0.039628044220406944,0
SRM,0.15400000000000003,0,false,false,24,false,1253.7041372792867,3116.0869630405723,0,0.03962804449570036,0
SRM,0.15400000000000003,0,false,false,25,true,1253.7041377095404,3116.0869503825284,0,0.03962804458471094,0
SRM,0.15400000000000003,0,false,false,26,true,1253.7041359581199,3116.0870019092345,0,0.03962804422237445,0
SRM,0.15400000000000003,0,false,false,27,false,1253.704136140588,3116.086996541031,0,0.03962804426012388,0
SRM,0.15400000000000003,0,false,false,28,false,1253.704135805193,3116.0870064083397,0,0.039628044190736775,0
SRM,0.15400000000000003,0,false,false,29,true,1253.7041367769252,3116.086977820022,0,0.039628044391770804,0
SRM,0.15400000000000003,0,false,false,30,false,1253.7041377491269,3116.086949217898,0,0.039628044592901285,0
SRM,0.15400000000000003,0,false,false,31,false,1253.7041357737623,3116.0870073330225,0,0.03962804418423432,0
SRM,0.15400000000000003,0,false,false,32,true,1253.7041373584964,3116.0869607102272,0,0.03962804451208772,0
SRM,0.15400000000000003,0,false,false,33,true,1253.704137904295,3116.0869446528577,0,0.03962804462500224,0
SRM,0.15400000000000003,0,false,false,34,true,1253.704137073156,3116.0869691049247,0,0.03962804445305576,0
SRM,0.15400000000000003,0,false,false,35,true,1253.7041377219657,3116.0869500169765,0,0.039628044587281794,0
SRM,0.15400000000000003,0,false,false,36,true,1253.7041368817565,3116.086974735889,0,0.03962804441345844,0
SRM,0.15400000000000003,0,false,false,37,true,1253.7041371941432,3116.08696554549,0,0.03962804447808578,0
SRM,0.15400000000000003,0,false,false,38,true,1253.7041377381925,3116.0869495395864,0,0.03962804459064009,0
SRM,0.15400000000000003,0,false,false,39,true,1253.704136116227,3116.086997257734,0,0.03962804425508404,0
SRM,0.15400000000000003,0,false,false,40,true,1253.7041357552505,3116.0870078776406,0,0.03962804418040459,0
SRM,0.15400000000000003,0,false,false,41,true,1253.7041359644495,3116.087001723018,0,0.03962804422368413,0
SRM,0.15400000000000003,0,false,false,42,true,1253.704136200369,3116.086994782275,0,0.03962804427249148,0
SRM,0.15400000000000003,0,false,false,43,true,1253.704137511047,3116.0869562221924,0,0.03962804454364691,0
SRM,0.15400000000000003,0,false,false,44,true,1253.7041375134893,3116.0869561503428,0,0.03962804454415153,0
SRM,0.15400000000000003,0,false,false,45,false,1253.7041378771273,3116.0869454521307,0,0.03962804461938329,0
SRM,0.15400000000000003,0,false,false,46,true,1253.7041359269683,3116.087002825712,0,0.03962804421592987,0
SRM,0.15400000000000003,0,false,false,47,false,1253.704136619182,3116.086982460819,0,0.039628044359136146,0
SRM,0.15400000000000003,0,false,false,48,true,1253.704136672785,3116.086980883823,0,0.039628044370225816,0
SRM,0.15400000000000003,0,false,false,49,true,1253.7041374874148,3116.0869569174542,0,0.03962804453875881,0
SRM,0.15400000000000003,0,false,false,50,true,1253.7041361019571,3116.086997677548,0,0.039628044252131844,0
SRM,0.15400000000000003,0,false,false,51,true,1253.704135763278,3116.0870076414753,0,0.03962804418206522,0
SRM,0.15400000000000003,0,false,false,52,true,1253.7041377225753,3116.0869499990436,0,0.03962804458740775,0
SRM,0.15400000000000003,0,false,false,53,true,1253.7041365056277,3116.0869858015794,0,0.0396280443356437,0
SRM,0.15400000000000003,0,false,false,54,true,1253.7041366036688,3116.08698291722,0,0.03962804435592689,0
SRM,0.15400000000000003,0,false,false,55,true,1253.7041376093525,3116.08695333005,0,0.03962804456398538,0
SRM,0.15400000000000003,0,false,false,56,true,1253.7041374109917,3116.0869591658156,0,0.03962804452294783,0
SRM,0.15400000000000003,0,false,false,57,true,1253.7041358418473,3116.0870053299655,0,0.03962804419831974,0
SRM,0.15400000000000003,0,false,false,58,true,1253.70413684806,3116.086975727239,0,0.03962804440648742,0
SRM,0.15400000000000003,0,false,false,59,false,1253.70413576522,3116.0870075843413,0,0.039628044182467,0
SRM,0.15400000000000003,0,false,false,60,true,1253.704136037932,3116.086999561168,0,0.03962804423888623,0
SRM,0.15400000000000003,0,false,false,61,true,1253.7041358537397,3116.0870049800924,0,0.03962804420078019,0
SRM,0.15400000000000003,0,false,false,62,true,1253.704136304063,3116.086991731602,0,0.03962804429394398,0
SRM,0.15400000000000003,0,false,false,63,true,1253.704135754065,3116.0870079125198,0,0.03962804418015943,0
SRM,0.15400000000000003,0,false,false,64,true,1253.7041373813754,3116.0869600371284,0,0.03962804451682026,0
SRM,0.15400000000000003,0,false,false,65,true,1253.7041364217675,3116.086988268742,0,0.03962804431829501,0
SRM,0.15400000000000003,0,false,false,66,true,1253.7041358072784,3116.0870063469843,0,0.03962804419116813,0
SRM,0.15400000000000003,0,false,false,67,true,1253.704136026252,3116.086999904791,0,0.03962804423646997,0
SRM,0.15400000000000003,0,false,false,68,true,1253.7041357693836,3116.087007461845,0,0.03962804418332841,0
SRM,0.15400000000000003,0,false,false,69,false,1253.7041370576121,3116.086969562226,0,0.03962804444983986,0
SRM,0.15400000000000003,0,false,false,70,true,1253.7041360066578,3116.087000481252,0,0.039628044232416254,0
SRM,0.15400000000000003,0,false,false,71,true,1253.7041357812725,3116.0870071120735,0,0.03962804418578809,0
SRM,0.15400000000000003,0,false,false,72,true,1253.7041374452156,3116.0869581589545,0,0.03962804453002693,0
SRM,0.15400000000000003,0,false,false,73,false,1253.704135806391,3116.0870063730927,0,0.039628044190984445,0
SRM,0.15400000000000003,0,false,false,74,false,1253.704136225206,3116.086994051575,0,0.03962804427762954,0
SRM,0.15400000000000003,0,false,false,75,true,1253.7041364188792,3116.0869883537157,0,0.03962804431769738,0
SRM,0.15400000000000003,0,false,false,76,false,1253.7041377370067,3116.086949574472,0,0.03962804459039316,0
SRM,0.15400000000000003,0,false,false,77,true,1253.7041357578987,3116.0870077997292,0,0.03962804418095242,0
SRM,0.15400000000000003,0,false,false,78,true,1253.7041361693568,3116.086995694653,0,0.03962804426607568,0
SRM,0.15400000000000003,0,false,false,79,true,1253.7041364973143,3116.0869860461607,0,0.039628044333924216,0
SRM,0.15400000000000003,0,false,false,80,true,1253.7041369215704,3116.0869735645706,0,0.03962804442169435,0
SRM,0.15400000000000003,0,false,false,81,true,1253.7041364891415,3116.0869862866025,0,0.03962804433223336,0
SRM,0.15400000000000003,0,false,false,82,true,1253.70413685142,3116.086975628392,0,0.039628044407182074,0
SRM,0.15400000000000003,0,false,false,83,true,1253.7041373713869,3116.086960330989,0,0.03962804451475367,0
SRM,0.15400000000000003,0,false,false,84,true,1253.7041364572478,3116.0869872249114,0,0.03962804432563482,0
SRM,0.15400000000000003,0,false,false,85,true,1253.7041363776236,3116.086989567454,0,0.03962804430916213,0
SRM,0.15400000000000003,0,false,false,86,true,1253.7041358454794,3116.0870052231107,0,0.03962804419907128,0
SRM,0.15400000000000003,0,false,false,87,true,1253.704136126463,3116.0869969565856,0,0.03962804425720181,0
SRM,0.15400000000000003,0,false,false,88,false,1253.7041374367152,3116.086958409033,0,0.039628044528268756,0
SRM,0.15400000000000003,0,false,false,89,true,1253.704136576766,3116.0869837086975,0,0.039628044350360846,0
SRM,0.15400000000000003,0,false,false,90,true,1253.704136033708,3116.0869996854344,0,0.039628044238012534,0
SRM,0.15400000000000003,0,false,false,91,true,1253.7041373484444,3116.086961005956,0,0.03962804451000732,0
SRM,0.15400000000000003,0,false,false,92,true,1253.704136033397,3116.0869996945858,0,0.03962804423794809,0
SRM,0.15400000000000003,0,false,false,93,true,1253.7041363245205,3116.0869911297464,0,0.039628044298176006,0
SRM,0.15400000000000003,0,false,false,94,true,1253.7041369584026,3116.086972480965,0,0.03962804442931502,0
SRM,0.15400000000000003,0,false,false,95,true,1253.7041359167654,3116.08700312588,0,0.039628044213819026,0
SRM,0.15400000000000003,0,false,false,96,true,1253.7041358510921,3116.087005057984,0,0.039628044200232485,0
SRM,0.15400000000000003,0,false,false,97,true,1253.7041373434574,3116.086961152671,0,0.039628044508975724,0
SRM,0.15400000000000003,0,false,false,98,false,1253.7041361958918,3116.0869949139937,0,0.03962804427156531,0
SRM,0.15400000000000003,0,false,false,99,true,1253.7041363866701,3116.0869893013046,0,0.03962804431103345,0
SRM,0.15400000000000003,0,false,false,100,true,1253.7041374093383,3116.0869592144627,0,0.039628044522604745,0
SRM,0.15400000000000003,0,false,false,101,false,1253.7041363809044,3116.0869894709354,0,0.039628044309841355,0
SRM,0.15400000000000003,0,false,false,102,true,1253.7041360208339,3116.0870000641917,0,0.039628044235348894,0
SRM,0.15400000000000003,0,false,false,103,true,1253.704136798203,3116.0869771940293,0,0.039628044396172825,0
SRM,0.15400000000000003,0,false,false,104,true,1253.7041367997037,3116.0869771498787,0,0.03962804439648281,0
SRM,0.15400000000000003,0,false,false,105,true,1253.7041366524588,3116.0869814818157,0,0.03962804436602091,0
SRM,0.15400000000000003,0,false,false,106,true,1253.704137787154,3116.0869480991437,0,0.03962804460076909,0
SRM,0.15400000000000003,0,false,false,107,true,1253.7041374714809,3116.086957386229,0,0.039628044535462224,0
SRM,0.15400000000000003,0,false,false,108,true,1253.704135820904,3116.0870059461186,0,0.03962804419398702,0
SRM,0.15400000000000003,0,false,false,109,true,1253.7041366369556,3116.086981937921,0,0.03962804436281339,0
SRM,0.15400000000000003,0,false,false,110,true,1253.7041362033556,3116.086994694412,0,0.03962804427310939,0
SRM,0.15400000000000003,0,false,false,111,false,1253.7041368771593,3116.086974871141,0,0.03962804441250664,0
SRM,0.15400000000000003,0,false,false,112,false,1253.7041361608124,3116.086995946033,0,0.03962804426430798,0
SRM,0.15400000000000003,0,false,false,113,true,1253.7041358347376,3116.087005539134,0,0.03962804419684903,0
SRM,0.15400000000000003,0,false,false,114,true,1253.7041363347994,3116.086990827341,0,0.03962804430030278,0
SRM,0.15400000000000003,0,false,false,115,true,1253.7041361394859,3116.0869965734555,0,0.03962804425989603,0
SRM,0.15400000000000003,0,false,false,116,true,1253.7041358325544,3116.0870056033655,0,0.039628044196397344,0
SRM,0.15400000000000003,0,false,false,117,true,1253.7041358459603,3116.0870052089613,0,0.03962804419917079,0
SRM,0.15400000000000003,0,false,false,118,true,1253.7041370493753,3116.086969804554,0,0.039628044448136134,0
SRM,0.15400000000000003,0,false,false,119,true,1253.7041363662354,3116.086989902495,0,0.039628044306806075,0
SRM,0.15400000000000003,0,false,false,120,true,1253.704136268324,3116.0869927830445,0,0.03962804428654994,0
SRM,0.15400000000000003,0,false,false,121,true,1253.704135794784,3116.0870067145675,0,0.039628044188583275,0
SRM,0.15400000000000003,0,false,false,122,true,1253.704137335369,3116.0869613906307,0,0.0396280445073026,0
SRM,0.15400000000000003,0,false,false,123,true,1253.7041359173352,3116.0870031091163,0,0.039628044213936994,0
SRM,0.15400000000000003,0,false,false,124,false,1253.7041361893407,3116.086995106729,0,0.0396280442702097,0
SRM,0.15400000000000003,0,false,false,125,false,1253.7041377591468,3116.086948923112,0,0.039628044594975036,0
SRM,0.15400000000000003,0,false,false,126,false,1253.7041376328518,3116.086952638702,0,0.039628044568846096,0
SRM,0.15400000000000003,0,false,false,127,true,1253.7041372982894,3116.08696248151,0,0.03962804449963088,0
SRM,0.15400000000000003,0,false,false,128,true,1253.7041358765073,3116.087004310272,0,0.039628044205490424,0
SRM,0.15400000000000003,0,false,false,129,false,1253.7041359926718,3116.087000892717,0,0.039628044229522846,0
SRM,0.15400000000000003,0,false,false,130,true,1253.7041362872153,3116.086992227263,0,0.03962804429045843,0
SRM,0.15400000000000003,0,false,false,131,true,1253.7041378387562,3116.0869465810056,0,0.039628044611443335,0
SRM,0.15400000000000003,0,false,false,132,true,1253.704137404479,3116.086959357419,0,0.03962804452159939,0
SRM,0.15400000000000003,0,false,false,133,true,1253.7041364913528,3116.086986221548,0,0.039628044332690564,0
SRM,0.15400000000000003,0,false,false,134,false,1253.7041374289342,3116.0869586379486,0,0.03962804452665868,0
SRM,0.15400000000000003,0,false,false,135,true,1253.7041374010607,3116.0869594579876,0,0.0396280445208937,0
SRM,0.15400000000000003,0,false,false,136,true,1253.7041362567504,3116.0869931235375,0,0.0396280442841559,0
SRM,0.15400000000000003,0,false,false,137,false,1253.7041358071708,3116.0870063501466,0,0.039628044191145885,0
SRM,0.15400000000000003,0,false,false,138,true,1253.7041371160558,3116.086967842818,0,0.03962804446193031,0
SRM,0.15400000000000003,0,false,false,139,false,1253.7041362530674,3116.0869932318906,0,0.039628044283393685,0
SRM,0.15400000000000003,0,false,false,140,false,1253.704135773333,3116.0870073456513,0,0.03962804418414546,0
SRM,0.15400000000000003,0,false,false,141,true,1253.7041357618775,3116.087007682673,0,0.03962804418177542,0
SRM,0.15400000000000003,0,false,false,142,true,1253.7041360350017,3116.0869996473734,0,0.03962804423827987,0
SRM,0.15400000000000003,0,false,false,143,true,1253.7041357565477,3116.087007839477,0,0.03962804418067295,0
SRM,0.15400000000000003,0,false,false,144,true,1253.7041357891464,3116.087006880421,0,0.039628044187416916,0
SRM,0.15400000000000003,0,false,false,145,true,1253.7041358718466,3116.087004447389,0,0.0396280442045262,0
SRM,0.15400000000000003,0,false,false,146,true,1253.7041365064001,3116.0869857788553,0,0.039628044335804156,0
SRM,0.15400000000000003,0,false,false,147,true,1253.7041360234607,3116.0869999869087,0,0.039628044235892584,0
SRM,0.15400000000000003,0,false,false,148,true,1253.7041363627648,3116.0869900046014,0,0.03962804430608803,0
SRM,0.15400000000000003,0,false,false,149,false,1253.7041363182905,3116.0869913130323,0,0.03962804429688737,0
SRM,0.15400000000000003,0,false,false,150,true,1253.7041374762673,3116.0869572454126,0,0.03962804453645276,0
SRM,0.15400000000000003,0,false,false,151,true,1253.7041374673947,3116.0869575064435,0,0.0396280445346165,0
SRM,0.15400000000000003,0,false,false,152,true,1253.7041364705756,3116.0869868328114,0,0.03962804432839216,0
SRM,0.15400000000000003,0,false,false,153,true,1253.704136590367,3116.0869833085576,0,0.03962804435317512,0
SRM,0.15400000000000003,0,false,false,154,false,1253.7041363470662,3116.0869904664514,0,0.03962804430284066,0
SRM,0.15400000000000003,0,false,false,155,true,1253.7041371398545,3116.0869671426594,0,0.0396280444668541,0
SRM,0.15400000000000003,0,false,false,156,true,1253.7041357645305,3116.0870076046244,0,0.03962804418232444,0
SRM,0.15400000000000003,0,false,false,157,true,1253.7041359113293,3116.087003285809,0,0.039628044212694384,0
SRM,0.15400000000000003,0,false,false,158,false,1253.704135941595,3116.0870023953926,0,0.03962804421895589,0
SRM,0.15400000000000003,0,false,false,159,true,1253.7041363381095,3116.0869907299575,0,0.03962804430098745,0
SRM,0.15400000000000003,0,false,false,160,true,1253.7041366133715,3116.0869826317635,0,0.03962804435793404,0
SRM,0.15400000000000003,0,false,false,161,true,1253.7041359382472,3116.0870024938868,0,0.03962804421826313,0
SRM,0.15400000000000003,0,false,false,162,true,1253.7041361741415,3116.086995553889,0,0.03962804426706545,0
SRM,0.15400000000000003,0,false,false,163,true,1253.7041377463538,3116.086949299482,0,0.039628044592327716,0
SRM,0.15400000000000003,0,false,false,164,true,1253.7041378680387,3116.0869457195145,0,0.03962804461750138,0
SRM,0.15400000000000003,0,false,false,165,true,1253.7041359260043,3116.0870028540735,0,0.03962804421573045,0
SRM,0.15400000000000003,0,false,false,166,true,1253.70413758609,3116.0869540144354,0,0.039628044559172966,0
SRM,0.15400000000000003,0,false,false,167,true,1253.704135896586,3116.0870037195577,0,0.039628044209644206,0
SRM,0.15400000000000003,0,false,false,168,false,1253.7041376338595,3116.0869526090546,0,0.03962804456905435,0
SRM,0.15400000000000003,0,false,false,169,true,1253.7041364938066,3116.086986149357,0,0.039628044333198734,0
SRM,0.15400000000000003,0,false,false,170,false,1253.7041359558934,3116.087001974736,0,0.03962804422191393,0
SRM,0.15400000000000003,0,false,false,171,true,1253.7041371128282,3116.0869679377715,0,0.03962804446126246,0
SRM,0.15400000000000003,0,false,false,172,false,1253.7041358527904,3116.0870050080216,0,0.039628044200583815,0
SRM,0.15400000000000003,0,false,false,173,false,1253.704136953977,3116.086972611167,0,0.03962804442839989,0
SRM,0.15400000000000003,0,false,false,174,true,1253.7041372782307,3116.0869630716375,0,0.039628044495481705,0
SRM,0.15400000000000003,0,false,false,175,true,1253.7041357996197,3116.0870065723,0,0.03962804418958384,0
SRM,0.15400000000000003,0,false,false,176,false,1253.7041357614676,3116.0870076947353,0,0.039628044181690775,0
SRM,0.15400000000000003,0,false,false,177,true,1253.7041372369604,3116.0869642858092,0,0.03962804448694297,0
SRM,0.15400000000000003,0,false,false,178,true,1253.7041364204495,3116.086988307521,0,0.039628044318022,0
SRM,0.15400000000000003,0,false,false,179,true,1253.7041364827135,3116.086986475717,0,0.03962804433090312,0
SRM,0.15400000000000003,0,false,false,180,true,1253.7041373679226,3116.0869604329077,0,0.03962804451403696,0
SRM,0.15400000000000003,0,false,false,181,true,1253.7041357560147,3116.0870078551584,0,0.03962804418056251,0
SRM,0.15400000000000003,0,false,false,182,false,1253.7041363292442,3116.086990990777,0,0.03962804429915367,0
SRM,0.15400000000000003,0,false,false,183,true,1253.704136236977,3116.0869937052685,0,0.039628044280065104,0
SRM,0.15400000000000003,0,false,false,184,true,1253.7041357585495,3116.087007780585,0,0.039628044181086876,0
SRM,0.15400000000000003,0,false,false,185,true,1253.704136757552,3116.086978389979,0,0.039628044387762774,0
SRM,0.15400000000000003,0,false,false,186,true,1253.7041371473551,3116.0869669219915,0,0.03962804446840535,0
SRM,0.15400000000000003,0,false,false,187,true,1253.7041367769862,3116.0869778182305,0,0.03962804439178332,0
SRM,0.15400000000000003,0,false,false,188,true,1253.7041358668785,3116.087004593553,0,0.03962804420349842,0
SRM,0.15400000000000003,0,false,false,189,true,1253.704136377531,3116.0869895701753,0,0.039628044309143316,0
SRM,0.15400000000000003,0,false,false,190,true,1253.7041370133343,3116.086970864879,0,0.03962804444067944,0
SRM,0.15400000000000003,0,false,false,191,true,1253.704137623987,3116.086952899506,0,0.03962804456701211,0
SRM,0.15400000000000003,0,false,false,192,false,1253.7041378210179,3116.0869471028686,0,0.0396280446077746,0
SRM,0.15400000000000003,0,false,false,193,false,1253.7041367348588,3116.086979057612,0,0.03962804438306746,0
SRM,0.15400000000000003,0,false,false,194,true,1253.704136431543,3116.086987981148,0,0.039628044320317565,0
SRM,0.15400000000000003,0,false,false,195,true,1253.7041372648866,3116.0869634642195,0,0.03962804449272098,0
SRM,0.15400000000000003,0,false,false,196,true,1253.7041357618155,3116.0870076845017,0,0.039628044181762676,0
SRM,0.15400000000000003,0,false,false,197,true,1253.7041375217964,3116.086955905948,0,0.03962804454587073,0
SRM,0.15400000000000003,0,false,false,198,true,1253.7041375063015,3116.0869563618057,0,0.03962804454266608,0
SRM,0.15400000000000003,0,false,false,199,true,1253.7041368184766,3116.086976597582,0,0.03962804440036654,0
SRM,0.15400000000000003,0,false,false,200,false,1253.704136519705,3116.08698538743,0,0.03962804433855599,0
SRM,0.15400000000000003,0,false,false,201,false,1253.7041366626445,3116.0869811821553,0,0.039628044368128265,0
SRM,0.15400000000000003,0,false,false,202,true,1253.7041359313566,3116.0870026966068,0,0.03962804421683759,0
SRM,0.15400000000000003,0,false,false,203,true,1253.7041373651628,3116.0869605141033,0,0.039628044513467,0
SRM,0.15400000000000003,0,false,false,204,true,1253.7041368698237,3116.086975086953,0,0.03962804441098919,0
SRM,0.15400000000000003,0,false,false,205,true,1253.7041377935286,3116.0869479116,0,0.03962804460208815,0
SRM,0.15400000000000003,0,false,false,206,true,1253.7041357685227,3116.0870074871714,0,0.039628044183150454,0
SRM,0.15400000000000003,0,false,false,207,true,1253.70413577555,3116.0870072804323,0,0.039628044184604104,0
SRM,0.15400000000000003,0,false,false,208,true,1253.7041361903266,3116.0869950777214,0,0.03962804427041389,0
SRM,0.15400000000000003,0,false,false,209,true,1253.7041357651744,3116.087007585675,0,0.03962804418245758,0
SRM,0.15400000000000003,0,false,false,210,true,1253.7041373326158,3116.086961471631,0,0.039628044506733164,0
SRM,0.15400000000000003,0,false,false,211,true,1253.7041365407667,3116.0869847677895,0,0.03962804434291328,0
SRM,0.15400000000000003,0,false,false,212,true,1253.7041378856252,3116.0869452021234,0,0.03962804462113976,0
SRM,0.15400000000000003,0,false,false,213,true,1253.70413650054,3116.0869859512604,0,0.03962804433459178,0
SRM,0.15400000000000003,0,false,false,214,true,1253.704136578836,3116.0869836477978,0,0.03962804435078956,0
SRM,0.15400000000000003,0,false,false,215,true,1253.704136580455,3116.086983600166,0,0.03962804435112411,0
SRM,0.15400000000000003,0,false,false,216,true,1253.7041365962814,3116.086983134552,0,0.03962804435439887,0
SRM,0.15400000000000003,0,false,false,217,false,1253.7041373340296,3116.0869614300373,0,0.039628044507025784,0
SRM,0.15400000000000003,0,false,false,218,true,1253.7041357540006,3116.087007914412,0,0.03962804418014622,0
SRM,0.15400000000000003,0,false,false,219,true,1253.7041378321155,3116.0869467763746,0,0.039628044610071286,0
SRM,0.15400000000000003,0,false,false,220,true,1253.7041376625327,3116.086951765492,0,0.039628044574985845,0
SRM,0.15400000000000003,0,false,false,221,true,1253.7041375792287,3116.0869542162927,0,0.03962804455775211,0
SRM,0.15400000000000003,0,false,false,222,true,1253.7041376739717,3116.086951428961,0,0.039628044577354096,0
SRM,0.15400000000000003,0,false,false,223,true,1253.7041359204293,3116.087003018089,0,0.03962804421457713,0
SRM,0.15400000000000003,0,false,false,224,true,1253.7041365535206,3116.0869843925734,0,0.03962804434555246,0
SRM,0.15400000000000003,0,false,false,225,true,1253.7041371509076,3116.0869668174782,0,0.0396280444691404,0
SRM,0.15400000000000003,0,false,false,226,false,1253.7041361606327,3116.0869959513166,0,0.039628044264270725,0
SRM,0.15400000000000003,0,false,false,227,true,1253.7041360490598,3116.086999233786,0,0.039628044241188314,0
SRM,0.15400000000000003,0,false,false,228,true,1253.7041371165428,3116.0869678284885,0,0.03962804446203075,0
SRM,0.15400000000000003,0,false,false,229,true,1253.7041379078396,3116.0869445485764,0,0.03962804462573587,0
SRM,0.15400000000000003,0,false,false,230,false,1253.7041370447928,3116.08696993937,0,0.0396280444471873,0
SRM,0.15400000000000003,0,false,false,231,false,1253.704135806043,3116.087006383324,0,0.0396280441909127,0
SRM,0.15400000000000003,0,false,false,232,false,1253.7041362517632,3116.0869932702617,0,0.039628044283124386,0
SRM,0.15400000000000003,0,false,false,233,false,1253.704137373948,3116.0869602556413,0,0.03962804451528436,0
SRM,0.15400000000000003,0,false,false,234,true,1253.704137068649,3116.086969237519,0,0.039628044452123166,0
SRM,0.15400000000000003,0,false,false,235,true,1253.7041358808128,3116.087004183602,0,0.03962804420638123,0
SRM,0.15400000000000003,0,false,false,236,true,1253.704136610641,3116.0869827120973,0,0.0396280443573694,0
SRM,0.15400000000000003,0,false,false,237,true,1253.7041378378622,3116.0869466073113,0,0.03962804461126014,0
SRM,0.15400000000000003,0,false,false,238,true,1253.7041358485342,3116.0870051332386,0,0.039628044199703255,0
SRM,0.15400000000000003,0,false,false,239,true,1253.7041359070531,3116.0870034116147,0,0.03962804421180986,0
SRM,0.15400000000000003,0,false,false,240,false,1253.704135763194,3116.087007643942,0,0.039628044182047815,0
SRM,0.15400000000000003,0,false,false,241,true,1253.704136251132,3116.0869932888313,0,0.0396280442829935,0
SRM,0.15400000000000003,0,false,false,242,false,1253.7041378802232,3116.0869453610485,0,0.039628044620022035,0
SRM,0.15400000000000003,0,false,false,243,false,1253.704137281439,3116.0869629772515,0,0.039628044496145896,0
SRM,0.15400000000000003,0,false,false,244,true,1253.7041374007445,3116.086959467292,0,0.039628044520827806,0
SRM,0.15400000000000003,0,false,false,245,true,1253.7041359176405,3116.087003100132,0,0.03962804421400006,0
SRM,0.15400000000000003,0,false,false,246,true,1253.7041363454352,3116.0869905144345,0,0.03962804430250308,0
SRM,0.15400000000000003,0,false,false,247,true,1253.7041361888246,3116.0869951219133,0,0.03962804427010325,0
SRM,0.15400000000000003,0,false,false,248,false,1253.7041373719246,3116.0869603151677,0,0.039628044514864603,0
SRM,0.15400000000000003,0,false,false,249,true,1253.7041376325656,3116.086952647126,0,0.039628044568786346,0
SRM,0.15400000000000003,0,false,false,250,true,1253.7041362041134,3116.0869946721164,0,0.03962804427326597,0
SRM,0.15400000000000003,0,false,false,251,false,1253.704136871127,3116.086975048607,0,0.039628044411259535,0
SRM,0.15400000000000003,0,false,false,252,true,1253.7041375989943,3116.08695363479,0,0.03962804456184082,0
SRM,0.15400000000000003,0,false,false,253,true,1253.7041375809556,3116.0869541654874,0,0.0396280445581093,0
SRM,0.15400000000000003,0,false,false,254,false,1253.7041377376627,3116.086949555174,0,0.039628044590529155,0
SRM,0.15400000000000003,0,false,false,255,false,1253.7041364704294,3116.0869868371146,0,0.03962804432836215,0
SRM,0.168,0,false,false,0,true,1309.6695889768923,1469.5861723696,0,0.039491122752467175,0
SRM,0.168,0,false,false,1,false,1309.6695892105038,1469.5861654967625,0,0.0394911228044297,0
SRM,0.168,0,false,false,2,true,1309.6695898261887,1469.5861473833422,0,0.03949112294137718,0
SRM,0.168,0,false,false,3,true,1309.6695888836073,1469.5861751140405,0,0.03949112273171773,0
SRM,0.168,0,false,false,4,true,1309.669591358129,1469.5861023137322,0,0.039491123282128456,0
SRM,0.168,0,false,false,5,false,1309.6695902600693,1469.5861346185968,0,0.03949112303788564,0
SRM,0.168,0,false,false,6,true,1309.6695907540575,1469.5861200854888,0,0.03949112314776414,0
SRM,0.168,0,false,false,7,false,1309.669588673503,1469.586181295295,0,0.039491122684984,0
SRM,0.168,0,false,false,8,false,1309.6695892264083,1469.5861650288502,0,0.03949112280796725,0
SRM,0.168,0,false,false,9,true,1309.669591385116,1469.5861015197775,0,0.03949112328813129,0
SRM,0.168,0,false,false,10,true,1309.6695917225445,1469.5860915926496,0,0.03949112336318581,0
SRM,0.168,0,false,false,11,false,1309.6695914476363,1469.5860996804354,0,0.03949112330203764,0
SRM,0.168,0,false,false,12,true,1309.669590212447,1469.5861360196423,0,0.03949112302729296,0
SRM,0.168,0,false,false,13,true,1309.6695897642853,1469.5861492045365,0,0.039491122927607834,0
SRM,0.168,0,false,false,14,false,1309.6695908875129,1469.586116159239,0,0.03949112317744894,0
SRM,0.168,0,false,false,15,true,1309.6695916472186,1469.5860938087346,0,0.03949112334643111,0
SRM,0.168,0,false,false,16,true,1309.6695887898734,1469.5861778716867,0,0.03949112271086826,0
SRM,0.168,0,false,false,17,false,1309.669590705391,1469.5861215172522,0,0.03949112313693929,0
SRM,0.168,0,false,false,18,true,1309.6695887354301,1469.586179473406,0,0.03949112269875848,0
SRM,0.168,0,false,false,19,true,1309.6695911645745,1469.5861080080983,0,0.039491123239075915,0
SRM,0.168,0,false,false,20,true,1309.6695893111191,1469.586162536663,0,0.03949112282680947,0
SRM,0.168,0,false,false,21,true,1309.669589015677,1469.5861712285543,0,0.03949112276109405,0
SRM,0.168,0,false,false,22,true,1309.6695887684828,1469.586178500999,0,0.03949112270611029,0
SRM,0.168,0,false,false,23,true,1309.6695889436637,1469.5861733471831,0,0.03949112274507606,0
SRM,0.168,0,false,false,24,false,1309.6695910056224,1469.5861126844632,0,0.039491123203720155,0
SRM,0.168,0,false,false,25,true,1309.6695916727867,1469.5860930565202,0,0.03949112335211817,0
SRM,0.168,0,false,false,26,true,1309.6695889584232,1469.5861729129595,0,0.03949112274835889,0
SRM,0.168,0,false,false,27,true,1309.6695892411642,1469.5861645947334,0,0.03949112281124952,0
SRM,0.168,0,false,false,28,false,1309.6695887214103,1469.5861798858687,0,0.03949112269564001,0
SRM,0.168,0,false,false,29,true,1309.6695902271367,1469.5861355874717,0,0.03949112303056059,0
SRM,0.168,0,false,false,30,true,1309.6695917338197,1469.586091260932,0,0.039491123365693805,0
SRM,0.168,0,false,false,31,true,1309.669588672701,1469.586181318896,0,0.039491122684805494,0
SRM,0.168,0,false,false,32,true,1309.6695911281677,1469.5861090791864,0,0.03949112323097801,0
SRM,0.168,0,false,false,33,true,1309.6695919744925,1469.5860841803526,0,0.039491123419227024,0
SRM,0.168,0,false,false,34,false,1309.669590686112,1469.586122084439,0,0.039491123132651074,0
SRM,0.168,0,false,false,35,true,1309.6695916918939,1469.5860924943902,0,0.03949112335636818,0
SRM,0.168,0,false,false,36,true,1309.6695903895936,1469.5861308079973,0,0.039491123066696075,0
SRM,0.168,0,false,false,37,true,1309.6695908735853,1469.5861165689867,0,0.039491123174350856,0
SRM,0.168,0,false,false,38,true,1309.6695917165266,1469.5860917696957,0,0.03949112336184738,0
SRM,0.168,0,false,false,39,true,1309.6695892034095,1469.586165705475,0,0.03949112280285158,0
SRM,0.168,0,false,false,40,true,1309.6695886440202,1469.5861821626786,0,0.03949112267842592,0
SRM,0.168,0,false,false,41,false,1309.669588968158,1469.5861726265625,0,0.03949112275052423,0
SRM,0.168,0,false,false,42,true,1309.6695893337503,1469.5861618708561,0,0.03949112283184345,0
SRM,0.168,0,false,false,43,true,1309.669591364891,1469.5861021147987,0,0.03949112328363258,0
SRM,0.168,0,false,false,44,true,1309.6695913689384,1469.586101995723,0,0.0394911232845328,0
SRM,0.168,0,false,false,45,true,1309.6695919317683,1469.5860854372957,0,0.039491123409723806,0
SRM,0.168,0,false,false,46,true,1309.6695889101338,1469.5861743336307,0,0.03949112273761799,0
SRM,0.168,0,false,false,47,true,1309.6695899828424,1469.5861427746004,0,0.0394911229762219,0
SRM,0.168,0,false,false,48,true,1309.6695900658256,1469.5861403332387,0,0.039491122994679745,0
SRM,0.168,0,false,false,49,true,1309.669591327899,1469.586103203098,0,0.039491123275404535,0
SRM,0.168,0,false,false,50,true,1309.6695891813047,1469.5861663557982,0,0.03949112279793482,0
SRM,0.168,0,false,false,51,true,1309.6695886564553,1469.5861817968407,0,0.03949112268119188,0
SRM,0.168,0,false,false,52,false,1309.6695916929455,1469.5860924634517,0,0.03949112335660213,0
SRM,0.168,0,false,false,53,false,1309.6695898069052,1469.5861479506634,0,0.03949112293708781,0
SRM,0.168,0,false,false,54,true,1309.669589958755,1469.5861434832464,0,0.03949112297086403,0
SRM,0.168,0,false,false,55,true,1309.6695915169003,1469.5860976426932,0,0.03949112331744432,0
SRM,0.168,0,false,false,56,true,1309.6695912096343,1469.586106682443,0,0.03949112324909869,0
SRM,0.168,0,false,false,57,true,1309.669588778192,1469.586178215351,0,0.03949112270827014,0
SRM,0.168,0,false,false,58,true,1309.6695903373172,1469.586132345967,0,0.039491123055068175,0
SRM,0.168,0,false,false,59,false,1309.6695886594625,1469.5861817083678,0,0.039491122681861085,0
SRM,0.168,0,false,false,60,true,1309.6695890820956,1469.586169274524,0,0.039491122775867527,0
SRM,0.168,0,false,false,61,true,1309.669588796639,1469.5861776726472,0,0.03949112271237304,0
SRM,0.168,0,false,false,62,true,1309.6695894944182,1469.5861571440128,0,0.039491122867581045,0
SRM,0.168,0,false,false,63,false,1309.6695886421853,1469.5861822166626,0,0.039491122678017763,0
SRM,0.168,0,false,false,64,false,1309.6695911638474,1469.5861080294912,0,0.03949112323891419,0
SRM,0.168,0,false,false,65,true,1309.669589676764,1469.5861517794108,0,0.03949112290814046,0
SRM,0.168,0,false,false,66,true,1309.6695887246515,1469.5861797905116,0,0.03949112269636077,0
SRM,0.168,0,false,false,67,false,1309.66958906392,1469.5861698092478,0,0.03949112277182483,0
SRM,0.168,0,false,false,68,false,1309.6695886659165,1469.5861815184912,0,0.039491122683296555,0
SRM,0.168,0,false,false,69,true,1309.6695906620798,1469.5861227914663,0,0.03949112312730549,0
SRM,0.168,0,false,false,70,true,1309.669589033554,1469.5861707026136,0,0.03949112276507048,0
SRM,0.168,0,false,false,71,false,1309.6695886843404,1469.586180976463,0,0.039491122687394395,0
SRM,0.168,0,false,false,72,true,1309.669591263138,1469.586105108365,0,0.03949112326099952,0
SRM,0.168,0,false,false,73,true,1309.669588723254,1469.5861798316246,0,0.039491122696049964,0
SRM,0.168,0,false,false,74,true,1309.6695893723527,1469.5861607351762,0,0.03949112284042986,0
SRM,0.168,0,false,false,75,true,1309.6695896724061,1469.586151907618,0,0.03949112290717112,0
SRM,0.168,0,false,false,76,true,1309.6695917153127,1469.5860918054107,0,0.03949112336157723,0
SRM,0.168,0,false,false,77,false,1309.6695886481193,1469.5861820420848,0,0.039491122679337645,0
SRM,0.168,0,false,false,78,true,1309.6695892857015,1469.5861632844503,0,0.03949112282115587,0
SRM,0.168,0,false,false,79,true,1309.6695897939107,1469.5861483329575,0,0.039491122934197376,0
SRM,0.168,0,false,false,80,true,1309.6695904515916,1469.5861289840198,0,0.03949112308048628,0
SRM,0.168,0,false,false,81,false,1309.6695897812897,1469.586148704268,0,0.03949112293139023,0
SRM,0.168,0,false,false,82,true,1309.6695903426612,1469.5861321887471,0,0.03949112305625676,0
SRM,0.168,0,false,false,83,true,1309.6695911485072,1469.5861084808,0,0.03949112323550209,0
SRM,0.168,0,false,false,84,true,1309.6695897319332,1469.5861501563334,0,0.03949112292041177,0
SRM,0.168,0,false,false,85,true,1309.669589608526,1469.5861537869698,0,0.039491122892962145,0
SRM,0.168,0,false,false,86,true,1309.6695887838196,1469.5861780497899,0,0.03949112270952187,0
SRM,0.168,0,false,false,87,false,1309.6695892192083,1469.5861652406747,0,0.03949112280636577,0
SRM,0.168,0,false,false,88,true,1309.6695912497773,1469.586105501436,0,0.039491123258027665,0
SRM,0.168,0,false,false,89,true,1309.6695899171448,1469.5861447074194,0,0.03949112296160859,0
SRM,0.168,0,false,false,90,true,1309.6695890754863,1469.586169468969,0,0.03949112277439753,0
SRM,0.168,0,false,false,91,true,1309.669591112982,1469.5861095259463,0,0.039491123227600164,0
SRM,0.168,0,false,false,92,true,1309.6695890749875,1469.586169483646,0,0.03949112277428656,0
SRM,0.168,0,false,false,93,true,1309.669589526269,1469.5861562069665,0,0.039491122874665725,0
SRM,0.168,0,false,false,94,true,1309.6695905083914,1469.5861273129744,0,0.03949112309312038,0
SRM,0.168,0,false,false,95,false,1309.6695888943107,1469.5861747991476,0,0.03949112273409842,0
SRM,0.168,0,false,false,96,false,1309.6695887925223,1469.5861777937566,0,0.039491122711457494,0
SRM,0.168,0,false,false,97,true,1309.6695911051595,1469.5861097560853,0,0.03949112322586009,0
SRM,0.168,0,false,false,98,true,1309.6695893268277,1469.586162074518,0,0.039491122830303746,0
SRM,0.168,0,false,false,99,true,1309.6695896225617,1469.5861533740383,0,0.0394911228960842,0
SRM,0.168,0,false,false,100,true,1309.669591207511,1469.5861067449073,0,0.0394911232486264,0
SRM,0.168,0,false,false,101,true,1309.6695896134436,1469.5861536422924,0,0.03949112289405601,0
SRM,0.168,0,false,false,102,false,1309.6695890556105,1469.5861700537157,0,0.039491122769976524,0
SRM,0.168,0,false,false,103,true,1309.6695902600861,1469.5861346181014,0,0.039491123037889514,0
SRM,0.168,0,false,false,104,true,1309.6695902626013,1469.5861345441047,0,0.03949112303844888,0
SRM,0.168,0,false,false,105,true,1309.6695900342036,1469.586141263555,0,0.03949112298764602,0
SRM,0.168,0,false,false,106,false,1309.6695917925292,1469.5860895337023,0,0.03949112337875281,0
SRM,0.168,0,false,false,107,false,1309.6695913032072,1469.586103929532,0,0.039491123269912234,0
SRM,0.168,0,false,false,108,true,1309.6695887457392,1469.586179170112,0,0.039491122701051484,0
SRM,0.168,0,false,false,109,false,1309.6695900103368,1469.5861419657128,0,0.03949112298233756,0
SRM,0.168,0,false,false,110,true,1309.6695893384515,1469.5861617325463,0,0.03949112283288918,0
SRM,0.168,0,false,false,111,true,1309.6695903827301,1469.5861310099212,0,0.03949112306516932,0
SRM,0.168,0,false,false,112,true,1309.6695892724624,1469.5861636739417,0,0.039491122818211113,0
SRM,0.168,0,false,false,113,true,1309.6695887671756,1469.5861785394557,0,0.039491122705819656,0
SRM,0.168,0,false,false,114,true,1309.6695895420712,1469.586155742065,0,0.03949112287818051,0
SRM,0.168,0,false,false,115,false,1309.669589239408,1469.5861646464018,0,0.039491122810858835,0
SRM,0.168,0,false,false,116,true,1309.6695887638118,1469.5861786384169,0,0.039491122705071414,0
SRM,0.168,0,false,false,117,true,1309.669588784585,1469.5861780272749,0,0.039491122709691996,0
SRM,0.168,0,false,false,118,true,1309.669590649192,1469.5861231706253,0,0.03949112312443884,0
SRM,0.168,0,false,false,119,true,1309.669589590921,1469.5861543049045,0,0.03949112288904622,0
SRM,0.168,0,false,false,120,true,1309.6695894391758,1469.5861587692448,0,0.03949112285529344,0
SRM,0.168,0,false,false,121,true,1309.6695887052765,1469.586180360523,0,0.03949112269205135,0
SRM,0.168,0,false,false,122,true,1309.6695910925175,1469.5861101280111,0,0.03949112322304819,0
SRM,0.168,0,false,false,123,false,1309.6695888951579,1469.586174774223,0,0.03949112273428666,0
SRM,0.168,0,false,false,124,true,1309.6695893167723,1469.5861623703463,0,0.039491122828067014,0
SRM,0.168,0,false,false,125,false,1309.6695917490383,1469.5860908132033,0,0.03949112336907903,0
SRM,0.168,0,false,false,126,true,1309.6695915536854,1469.586096560475,0,0.03949112332562642,0
SRM,0.168,0,false,false,127,true,1309.669591035293,1469.5861118115545,0,0.03949112321031981,0
SRM,0.168,0,false,false,128,true,1309.6695888319334,1469.5861766342825,0,0.03949112272022371,0
SRM,0.168,0,false,false,129,true,1309.6695890118826,1469.5861713401862,0,0.03949112276025011,0
SRM,0.168,0,false,false,130,true,1309.6695894683523,1469.5861579108707,0,0.0394911228617832,0
SRM,0.168,0,false,false,131,true,1309.6695918730204,1469.5860871656555,0,0.03949112339665643,0
SRM,0.168,0,false,false,132,true,1309.6695911999561,1469.5861069671737,0,0.03949112324694594,0
SRM,0.168,0,false,false,133,true,1309.6695897848272,1469.586148600196,0,0.03949112293217707,0
SRM,0.168,0,false,false,134,true,1309.669591237876,1469.586105851576,0,0.03949112325538037,0
SRM,0.168,0,false,false,135,true,1309.6695911940951,1469.5861071396039,0,0.03949112324564226,0
SRM,0.168,0,false,false,136,true,1309.6695894211252,1469.586159300289,0,0.039491122851278364,0
SRM,0.168,0,false,false,137,false,1309.669588724478,1469.586179795616,0,0.03949112269632235,0
SRM,0.168,0,false,false,138,false,1309.6695907528017,1469.5861201224336,0,0.03949112314748481,0
SRM,0.168,0,false,false,139,false,1309.6695894155316,1469.5861594648527,0,0.03949112285003426,0
SRM,0.168,0,false,false,140,true,1309.669588672031,1469.5861813386023,0,0.03949112268465649,0
SRM,0.168,0,false,false,141,false,1309.669588654283,1469.586181860751,0,0.0394911226807087,0
SRM,0.168,0,false,false,142,true,1309.6695890775434,1469.5861694084501,0,0.03949112277485513,0
SRM,0.168,0,false,false,143,true,1309.6695886460273,1469.586182103633,0,0.039491122678872545,0
SRM,0.168,0,false,false,144,false,1309.6695886965333,1469.586180617747,0,0.039491122690106496,0
SRM,0.168,0,false,false,145,true,1309.6695888247016,1469.5861768470443,0,0.03949112271861522,0
SRM,0.168,0,false,false,146,false,1309.6695898078924,1469.5861479216192,0,0.03949112293730751,0
SRM,0.168,0,false,false,147,true,1309.6695890595884,1469.5861699366856,0,0.039491122770861274,0
SRM,0.168,0,false,false,148,true,1309.6695895855455,1469.5861544630536,0,0.039491122887850415,0
SRM,0.168,0,false,false,149,false,1309.6695895165,1469.586156494366,0,0.03949112287249276,0
SRM,0.168,0,false,false,150,true,1309.6695913106046,1469.586103711901,0,0.039491123271557564,0
SRM,0.168,0,false,false,151,true,1309.6695912971231,1469.5861041085245,0,0.03949112326855884,0
SRM,0.168,0,false,false,152,true,1309.6695897525674,1469.5861495492777,0,0.03949112292500154,0
SRM,0.168,0,false,false,153,true,1309.6695899380882,1469.5861440912656,0,0.039491122966267084,0
SRM,0.168,0,false,false,154,true,1309.669589561049,1469.5861551837406,0,0.03949112288240174,0
SRM,0.168,0,false,false,155,true,1309.669590789596,1469.5861190399485,0,0.03949112315566912,0
SRM,0.168,0,false,false,156,true,1309.6695886583977,1469.5861817396942,0,0.03949112268162392,0
SRM,0.168,0,false,false,157,true,1309.6695888858696,1469.5861750474817,0,0.0394911227322209,0
SRM,0.168,0,false,false,158,true,1309.6695889327566,1469.5861736680713,0,0.03949112274265004,0
SRM,0.168,0,false,false,159,false,1309.6695895472983,1469.586155588284,0,0.03949112287934323,0
SRM,0.168,0,false,false,160,false,1309.6695899738802,1469.5861430382665,0,0.03949112297422829,0
SRM,0.168,0,false,false,161,true,1309.6695889276104,1469.5861738194694,0,0.03949112274150529,0
SRM,0.168,0,false,false,162,true,1309.669589293136,1469.5861630657294,0,0.03949112282280941,0
SRM,0.168,0,false,false,163,true,1309.669591729533,1469.5860913870467,0,0.03949112336474032,0
SRM,0.168,0,false,false,164,true,1309.6695919183815,1469.5860858311362,0,0.039491123406746105,0
SRM,0.168,0,false,false,165,false,1309.669588908604,1469.5861743786375,0,0.03949112273727769,0
SRM,0.168,0,false,false,166,true,1309.6695914807663,1469.5860987057538,0,0.03949112330940689,0
SRM,0.168,0,false,false,167,true,1309.6695888630554,1469.5861757186758,0,0.03949112272714629,0
SRM,0.168,0,false,false,168,true,1309.669591555328,1469.586096512151,0,0.03949112332599158,0
SRM,0.168,0,false,false,169,true,1309.6695897883978,1469.5861484951463,0,0.03949112293297137,0
SRM,0.168,0,false,false,170,false,1309.669588954938,1469.586173015495,0,0.039491122747583776,0
SRM,0.168,0,false,false,171,true,1309.6695907478518,1469.5861202680617,0,0.03949112314638378,0
SRM,0.168,0,false,false,172,false,1309.6695887951562,1469.586177716267,0,0.03949112271204328,0
SRM,0.168,0,false,false,173,true,1309.6695905013644,1469.5861275197076,0,0.039491123091557244,0
SRM,0.168,0,false,false,174,true,1309.669591004035,1469.586112731161,0,0.039491123203366986,0
SRM,0.168,0,false,false,175,false,1309.6695887127769,1469.5861801398637,0,0.039491122693719544,0
SRM,0.168,0,false,false,176,true,1309.6695886536522,1469.5861818793073,0,0.03949112268056842,0
SRM,0.168,0,false,false,177,true,1309.6695909403159,1469.586114605777,0,0.039491123189193844,0
SRM,0.168,0,false,false,178,true,1309.6695896748956,1469.586151834376,0,0.03949112290772489,0
SRM,0.168,0,false,false,179,true,1309.669589771439,1469.5861489940771,0,0.03949112292919902,0
SRM,0.168,0,false,false,180,true,1309.6695911430882,1469.5861086402267,0,0.03949112323429658,0
SRM,0.168,0,false,false,181,true,1309.6695886451976,1469.5861821280412,0,0.039491122678687984,0
SRM,0.168,0,false,false,182,true,1309.6695895333921,1469.5861559974016,0,0.03949112287624998,0
SRM,0.168,0,false,false,183,false,1309.669589390504,1469.5861602011676,0,0.03949112284446735,0
SRM,0.168,0,false,false,184,true,1309.6695886491254,1469.5861820124853,0,0.03949112267956147,0
SRM,0.168,0,false,false,185,false,1309.6695901971293,1469.5861364702891,0,0.039491123023885966,0
SRM,0.168,0,false,false,186,false,1309.6695908014376,1469.586118691569,0,0.03949112315830297,0
SRM,0.168,0,false,false,187,true,1309.6695902272652,1469.5861355836917,0,0.039491123030589007,0
SRM,0.168,0,false,false,188,true,1309.6695888169759,1469.5861770743331,0,0.03949112271689677,0
SRM,0.168,0,false,false,189,true,1309.6695896082476,1469.5861537951582,0,0.039491122892900216,0
SRM,0.168,0,false,false,190,true,1309.6695905935028,1469.5861248090005,0,0.03949112311205173,0
SRM,0.168,0,false,false,191,true,1309.6695915399139,1469.586096965633,0,0.03949112332256306,0
SRM,0.168,0,false,false,192,false,1309.6695918450534,1469.586087988443,0,0.039491123390435756,0
SRM,0.168,0,false,false,193,true,1309.6695901621506,1469.5861374993603,0,0.03949112301610545,0
SRM,0.168,0,false,false,194,false,1309.6695896918948,1469.586151334263,0,0.039491122911505916,0
SRM,0.168,0,false,false,195,true,1309.669590983379,1469.5861133388607,0,0.03949112319877246,0
SRM,0.168,0,false,false,196,false,1309.669588654191,1469.5861818634528,0,0.03949112268068823,0
SRM,0.168,0,false,false,197,true,1309.6695913815306,1469.5861016252618,0,0.03949112328733372,0
SRM,0.168,0,false,false,198,true,1309.6695913571893,1469.5861023413813,0,0.03949112328191965,0
SRM,0.168,0,false,false,199,false,1309.6695902916902,1469.586133688313,0,0.03949112304491915,0
SRM,0.168,0,false,false,200,true,1309.6695898287433,1469.586147308187,0,0.03949112294194535,0
SRM,0.168,0,false,false,201,true,1309.6695900500038,1469.5861407987145,0,0.03949112299116058,0
SRM,0.168,0,false,false,202,true,1309.669588916945,1469.5861741332453,0,0.03949112273913297,0
SRM,0.168,0,false,false,203,false,1309.6695911384759,1469.5861087759197,0,0.03949112323327083,0
SRM,0.168,0,false,false,204,true,1309.669590371328,1469.5861313453718,0,0.03949112306263324,0
SRM,0.168,0,false,false,205,false,1309.6695918022517,1469.586089247667,0,0.03949112338091532,0
SRM,0.168,0,false,false,206,false,1309.6695886645887,1469.586181557557,0,0.03949112268300083,0
SRM,0.168,0,false,false,207,true,1309.669588675475,1469.586181237279,0,0.039491122685422375,0
SRM,0.168,0,false,false,208,true,1309.6695893182343,1469.5861623273345,0,0.039491122828392254,0
SRM,0.168,0,false,false,209,true,1309.6695886593948,1469.5861817103612,0,0.03949112268184572,0
SRM,0.168,0,false,false,210,false,1309.6695910882188,1469.5861102544811,0,0.03949112322209215,0
SRM,0.168,0,false,false,211,false,1309.6695898613875,1469.586146347795,0,0.039491122949206495,0
SRM,0.168,0,false,false,212,false,1309.6695919455635,1469.5860850314402,0,0.03949112341279228,0
SRM,0.168,0,false,false,213,true,1309.6695897988059,1469.5861481889442,0,0.039491122935286456,0
SRM,0.168,0,false,false,214,false,1309.6695899202102,1469.586144617234,0,0.03949112296229048,0
SRM,0.168,0,false,false,215,true,1309.6695899229135,1469.586144537705,0,0.039491122962891784,0
SRM,0.168,0,false,false,216,true,1309.669589947225,1469.5861438224624,0,0.03949112296829933,0
SRM,0.168,0,false,false,217,true,1309.6695910903707,1469.5861101911728,0,0.03949112322257067,0
SRM,0.168,0,false,false,218,true,1309.6695886420816,1469.5861822197141,0,0.03949112267799493,0
SRM,0.168,0,false,false,219,false,1309.6695918619778,1469.5860874905304,0,0.03949112339420035,0
SRM,0.168,0,false,false,220,false,1309.6695915998725,1469.586095201652,0,0.03949112333589985,0
SRM,0.168,0,false,false,221,true,1309.6695914706852,1469.5860990023375,0,0.03949112330716454,0
SRM,0.168,0,false,false,222,true,1309.66959161696,1469.5860946989428,0,0.03949112333970061,0
SRM,0.168,0,false,false,223,true,1309.669588899998,1469.5861746318292,0,0.03949112273536343,0
SRM,0.168,0,false,false,224,true,1309.6695898809278,1469.586145772922,0,0.039491122953552706,0
SRM,0.168,0,false,false,225,true,1309.6695908069114,1469.5861185305293,0,0.039491123159520546,0
SRM,0.168,0,false,false,226,true,1309.6695892722537,1469.5861636800823,0,0.039491122818164644,0
SRM,0.168,0,false,false,227,true,1309.6695890993426,1469.5861687671181,0,0.03949112277970392,0
SRM,0.168,0,false,false,228,true,1309.669590753737,1469.5861200949146,0,0.03949112314769291,0
SRM,0.168,0,false,false,229,true,1309.6695919798449,1469.586084022885,0,0.039491123420417475,0
SRM,0.168,0,false,false,230,true,1309.6695906424231,1469.5861233697665,0,0.03949112312293307,0
SRM,0.168,0,false,false,231,true,1309.6695887227181,1469.5861798473923,0,0.03949112269593095,0
SRM,0.168,0,false,false,232,false,1309.6695894133243,1469.5861595297933,0,0.039491122849543224,0
SRM,0.168,0,false,false,233,true,1309.669591152137,1469.5861083740115,0,0.03949112323630955,0
SRM,0.168,0,false,false,234,true,1309.6695906792265,1469.5861222870114,0,0.03949112313111937,0
SRM,0.168,0,false,false,235,true,1309.6695888385766,1469.586176438842,0,0.03949112272170143,0
SRM,0.168,0,false,false,236,true,1309.6695899695403,1469.586143165945,0,0.03949112297326299,0
SRM,0.168,0,false,false,237,true,1309.6695918708979,1469.5860872281003,0,0.03949112339618439,0
SRM,0.168,0,false,false,238,false,1309.6695887885742,1469.5861779099105,0,0.03949112271057937,0
SRM,0.168,0,false,false,239,false,1309.669588879234,1469.586175242703,0,0.039491122730744795,0
SRM,0.168,0,false,false,240,true,1309.6695886563223,1469.5861818007547,0,0.039491122681162456,0
SRM,0.168,0,false,false,241,false,1309.6695894124452,1469.5861595556535,0,0.03949112284934775,0
SRM,0.168,0,false,false,242,true,1309.6695919372694,1469.5860852754538,0,0.03949112341094743,0
SRM,0.168,0,false,false,243,false,1309.66959100878,1469.5861125915692,0,0.039491123204422385,0
SRM,0.168,0,false,false,244,false,1309.6695911937247,1469.5861071505008,0,0.03949112324555982,0
SRM,0.168,0,false,false,245,true,1309.6695888956917,1469.5861747585177,0,0.039491122734405505,0
SRM,0.168,0,false,false,246,true,1309.669589558585,1469.5861552562324,0,0.03949112288185374,0
SRM,0.168,0,false,false,247,true,1309.6695893158635,1469.5861623970834,0,0.039491122827864954,0
SRM,0.168,0,false,false,248,true,1309.6695911494985,1469.5861084516341,0,0.03949112323572251,0
SRM,0.168,0,false,false,249,true,1309.669591553373,1469.5860965696656,0,0.03949112332555689,0
SRM,0.168,0,false,false,250,false,1309.6695893396657,1469.5861616968255,0,0.039491122833159156,0
SRM,0.168,0,false,false,251,true,1309.669590373073,1469.5861312940306,0,0.039491123063021355,0
SRM,0.168,0,false,false,252,true,1309.6695915014652,1469.5860980967902,0,0.039491123314011035,0
SRM,0.168,0,false,false,253,true,1309.6695914733912,1469.5860989227285,0,0.03949112330776643,0
SRM,0.168,0,false,false,254,false,1309.669591716278,1469.5860917770074,0,0.03949112336179202,0
SRM,0.168,0,false,false,255,true,1309.6695897522839,1469.586149557619,0,0.03949112292493841,0
SRM,0.168,0,true,false,0,true,1319.089334469325,1192.4577309695055,0,0.039311517185115205,0
SRM,0.168,0,true,false,1,true,1319.0894084861861,1192.4555533971509,0,0.03931153181398471,0
SRM,0.168,0,true,false,2,true,1319.0893071065739,1192.4585359802754,0,0.03931151180086667,0
SRM,0.168,0,true,false,3,false,1319.0893936271225,1192.4559905500607,0,0.039311528870124304,0
SRM,0.168,0,true,false,4,true,1319.089277633547,1192.4594030752519,0,0.039311506017261286,0
SRM,0.168,0,true,false,5,false,1319.0894382159142,1192.4546787500362,0,0.03931153771420382,0
SRM,0.168,0,true,false,6,true,1319.089287815031,1192.459103536503,0,0.039311508013358684,0
SRM,0.168,0,true,false,7,true,1319.089356385054,1192.4570862098496,0,0.03931152150708884,0
SRM,0.168,0,true,false,8,true,1319.089409081685,1192.4555358776026,0,0.03931153193206199,0
SRM,0.168,0,true,false,9,true,1319.0892772113193,1192.4594154971699,0,0.03931150593440939,0
SRM,0.168,0,true,false,10,false,1319.0894664220998,1192.453848925468,0,0.039311543324113477,0
SRM,0.168,0,true,false,11,true,1319.0894617107895,1192.4539875319833,0,0.03931154238628982,0
SRM,0.168,0,true,false,12,true,1319.0892983563942,1192.4587934101219,0,0.03931151008206837,0
SRM,0.168,0,true,false,13,true,1319.0893086395565,1192.4584908800016,0,0.039311512102206694,0
SRM,0.168,0,true,false,14,true,1319.0894513801466,1192.4542914589802,0,0.039311540331025435,0
SRM,0.168,0,true,false,15,true,1319.0892731898196,1192.4595338094914,0,0.03931150514666627,0
SRM,0.168,0,true,false,16,false,1319.0893876102455,1192.4561675662826,0,0.03931152767894328,0
SRM,0.168,0,true,false,17,true,1319.0894477623203,1192.4543978952474,0,0.03931153961169253,0
SRM,0.168,0,true,false,18,false,1319.0893831859921,1192.4562977275946,0,0.0393115268036313,0
SRM,0.168,0,true,false,19,true,1319.089280752374,1192.4593113195185,0,0.03931150662847024,0
SRM,0.168,0,true,false,20,true,1319.0894121305,1192.4554461816192,0,0.039311532536519485,0
SRM,0.168,0,true,false,21,true,1319.0894003903436,1192.4557915764337,0,0.03931153020960909,0
SRM,0.168,0,true,false,22,true,1319.0893466132825,1192.457373694883,0,0.03931151957895974,0
SRM,0.168,0,true,false,23,false,1319.0893360664852,1192.4576839811316,0,0.03931151749985359,0
SRM,0.168,0,true,false,24,true,1319.0894536519804,1192.4542246217418,0,0.03931154078286137,0
SRM,0.168,0,true,false,25,false,1319.089272806229,1192.4595450947054,0,0.039311505071600396,0
SRM,0.168,0,true,false,26,true,1319.0893976309762,1192.455872756883,0,0.03931152966311283,0
SRM,0.168,0,true,false,27,false,1319.0894096266982,1192.455519843344,0,0.03931153204017637,0
SRM,0.168,0,true,false,28,true,1319.0893506547407,1192.4572547953862,0,0.03931152037625615,0
SRM,0.168,0,true,false,29,false,1319.0894374622505,1192.4547009227852,0,0.039311537564515026,0
SRM,0.168,0,true,false,30,true,1319.0892719030155,1192.4595716672022,0,0.03931150489465145,0
SRM,0.168,0,true,false,31,true,1319.0893759002413,1192.4565120740187,0,0.039311525362494965,0
SRM,0.168,0,true,false,32,true,1319.0892813554808,1192.459293576146,0,0.03931150674658944,0
SRM,0.168,0,true,false,33,true,1319.089470569257,1192.4537269163125,0,0.039311544149855104,0
SRM,0.168,0,true,false,34,false,1319.0892890549806,1192.4590670572481,0,0.039311508256473976,0
SRM,0.168,0,true,false,35,true,1319.089465906955,1192.453864081004,0,0.03931154322154697,0
SRM,0.168,0,true,false,36,true,1319.0894411092322,1192.4545936287664,0,0.039311538289170715,0
SRM,0.168,0,true,false,37,true,1319.0892856915461,1192.45916600932,0,0.039311507596764966,0
SRM,0.168,0,true,false,38,true,1319.0894663220206,1192.453851869793,0,0.03931154330406607,0
SRM,0.168,0,true,false,39,true,1319.0894082167836,1192.4555613229616,0,0.03931153176066065,0
SRM,0.168,0,true,false,40,true,1319.089368636556,1192.4567257712797,0,0.03931152392686132,0
SRM,0.168,0,true,false,41,false,1319.0893348823956,1192.4577188169878,0,0.03931151726644023,0
SRM,0.168,0,true,false,42,true,1319.089320816162,1192.458132644879,0,0.03931151449684415,0
SRM,0.168,0,true,false,43,true,1319.0894602505111,1192.4540304932984,0,0.039311542095676735,0
SRM,0.168,0,true,false,44,true,1319.0892774625665,1192.4594081054877,0,0.03931150598377201,0
SRM,0.168,0,true,false,45,true,1319.089269034204,1192.45965606749,0,0.03931150433285172,0
SRM,0.168,0,true,false,46,false,1319.0893377728507,1192.4576337799429,0,0.039311517836121856,0
SRM,0.168,0,true,false,47,true,1319.0894316216843,1192.454872751952,0,0.03931153640447651,0
SRM,0.168,0,true,false,48,true,1319.0893015289091,1192.458700074893,0,0.039311510705083444,0
SRM,0.168,0,true,false,49,true,1319.0894595915963,1192.4540498785386,0,0.03931154196446556,0
SRM,0.168,0,true,false,50,false,1319.0894073697,1192.4555862441177,0,0.039311531592755994,0
SRM,0.168,0,true,false,51,true,1319.0893728361593,1192.4566022191577,0,0.03931152475673377,0
SRM,0.168,0,true,false,52,true,1319.0892725065069,1192.4595539125162,0,0.039311505012891754,0
SRM,0.168,0,true,false,53,true,1319.0894270918702,1192.4550060188556,0,0.0393115355050904,0
SRM,0.168,0,true,false,54,false,1319.0894310194087,1192.4548904708697,0,0.039311536284852046,0
SRM,0.168,0,true,false,55,false,1319.0894629182728,1192.453952007882,0,0.039311542626526,0
SRM,0.168,0,true,false,56,true,1319.0892800171837,1192.4593329487793,0,0.0393115064842992,0
SRM,0.168,0,true,false,57,true,1319.0893458809776,1192.4573952392561,0,0.03931151943452488,0
SRM,0.168,0,true,false,58,false,1319.0892957765252,1192.4588693097398,0,0.03931150957550573,0
SRM,0.168,0,true,false,59,true,1319.0893735001264,1192.45658268528,0,0.03931152488801289,0
SRM,0.168,0,true,false,60,true,1319.0894033406287,1192.4557047791943,0,0.03931153079424669,0
SRM,0.168,0,true,false,61,true,1319.0893880976237,1192.456153227639,0,0.039311527775473865,0
SRM,0.168,0,true,false,62,false,1319.0894181413692,1192.45526934215,0,0.0393115337287527,0
SRM,0.168,0,true,false,63,false,1319.0893668306242,1192.4567789017015,0,0.03931152357003935,0
SRM,0.168,0,true,false,64,true,1319.0894566126663,1192.4541375185124,0,0.03931154137182466,0
SRM,0.168,0,true,false,65,false,1319.0894235263647,1192.455110915849,0,0.039311534797249754,0
SRM,0.168,0,true,false,66,true,1319.089350341748,1192.4572640036122,0,0.03931152031456736,0
SRM,0.168,0,true,false,67,true,1319.0894025574112,1192.4557278214145,0,0.03931153063893892,0
SRM,0.168,0,true,false,68,true,1319.0893747521038,1192.4565458521652,0,0.03931152513563045,0
SRM,0.168,0,true,false,69,false,1319.0892894973767,1192.459054041975,0,0.0393115083432779,0
SRM,0.168,0,true,false,70,true,1319.0894012088452,1192.4557674961586,0,0.039311530371729284,0
SRM,0.168,0,true,false,71,true,1319.089354830142,1192.4571319552895,0,0.03931152120015106,0
SRM,0.168,0,true,false,72,true,1319.0892791482095,1192.4593585139583,0,0.03931150631409777,0
SRM,0.168,0,true,false,73,true,1319.0893504777678,1192.4572600019183,0,0.039311520341267274,0
SRM,0.168,0,true,false,74,false,1319.08931958517,1192.458168860602,0,0.039311514254729014,0
SRM,0.168,0,true,false,75,false,1319.0893110000718,1192.4584214337606,0,0.03931151256622038,0
SRM,0.168,0,true,false,76,true,1319.0894663006616,1192.4538524981751,0,0.03931154329994942,0
SRM,0.168,0,true,false,77,false,1319.0893704958619,1192.4566710705917,0,0.0393115242942496,0
SRM,0.168,0,true,false,78,true,1319.0894112359622,1192.4554724988773,0,0.039311532359196606,0
SRM,0.168,0,true,false,79,false,1319.0893079003174,1192.4585126283798,0,0.03931151195690003,0
SRM,0.168,0,true,false,80,false,1319.0894424570588,1192.4545539757755,0,0.0393115385571417,0
SRM,0.168,0,true,false,81,false,1319.0893082136415,1192.4585034104005,0,0.03931151201850352,0
SRM,0.168,0,true,false,82,false,1319.08944007262,1192.4546241258488,0,0.03931153808320771,0
SRM,0.168,0,true,false,83,true,1319.0894563292632,1192.454145856216,0,0.03931154131547965,0
SRM,0.168,0,true,false,84,true,1319.0894250620593,1192.4550657357931,0,0.039311535102166936,0
SRM,0.168,0,true,false,85,true,1319.0893127056845,1192.4583712547192,0,0.03931151290159159,0
SRM,0.168,0,true,false,86,true,1319.089345468847,1192.4574073641213,0,0.039311519353229796,0
SRM,0.168,0,true,false,87,true,1319.089324687438,1192.458018752133,0,0.03931151525872005,0
SRM,0.168,0,true,false,88,true,1319.0892793647301,1192.4593521439308,0,0.03931150635648928,0
SRM,0.168,0,true,false,89,false,1319.089304924001,1192.4586001914602,0,0.03931151137209066,0
SRM,0.168,0,true,false,90,false,1319.0894030583747,1192.4557130830922,0,0.03931153073822186,0
SRM,0.168,0,true,false,91,true,1319.089281604996,1192.4592862354236,0,0.03931150679559432,0
SRM,0.168,0,true,false,92,false,1319.0894030371473,1192.4557137075997,0,0.03931153073399317,0
SRM,0.168,0,true,false,93,true,1319.0894191181885,1192.4552406041726,0,0.039311533922658806,0
SRM,0.168,0,true,false,94,true,1319.0894436744998,1192.4545181587239,0,0.039311538799011066,0
SRM,0.168,0,true,false,95,true,1319.089338616377,1192.4576089634409,0,0.0393115180023444,0
SRM,0.168,0,true,false,96,true,1319.089387802464,1192.4561619112233,0,0.039311527717014884,0
SRM,0.168,0,true,false,97,true,1319.0894555248717,1192.454169521374,0,0.039311541155439174,0
SRM,0.168,0,true,false,98,true,1319.0894126740482,1192.4554301904593,0,0.03931153264436585,0
SRM,0.168,0,true,false,99,true,1319.0894219760442,1192.4551565262034,0,0.03931153448970269,0
SRM,0.168,0,true,false,100,true,1319.0894574134472,1192.4541139595756,0,0.03931154153122633,0
SRM,0.168,0,true,false,101,true,1319.0893125745845,1192.4583751116766,0,0.039311512875708485,0
SRM,0.168,0,true,false,102,false,1319.089402191569,1192.4557385844737,0,0.0393115305665808,0
SRM,0.168,0,true,false,103,true,1319.0894382159559,1192.4546787488136,0,0.03931153771425105,0
SRM,0.168,0,true,false,104,true,1319.0894382724493,1192.454677086777,0,0.03931153772555246,0
SRM,0.168,0,true,false,105,true,1319.0893022364205,1192.4586792599434,0,0.03931151084399857,0
SRM,0.168,0,true,false,106,true,1319.0892710426538,1192.459596979002,0,0.03931150472613015,0
SRM,0.168,0,true,false,107,true,1319.0892785092578,1192.459377311883,0,0.03931150618873832,0
SRM,0.168,0,true,false,108,true,1319.0893484490873,1192.457319685597,0,0.039311519941045245,0
SRM,0.168,0,true,false,109,true,1319.0894323033576,1192.4548526971569,0,0.039311536539826185,0
SRM,0.168,0,true,false,110,true,1319.0893206633145,1192.4581371416427,0,0.03931151446683133,0
SRM,0.168,0,true,false,111,true,1319.0894409576,1192.454598089782,0,0.03931153825913672,0
SRM,0.168,0,true,false,112,false,1319.089322842258,1192.458073037233,0,0.039311514895567994,0
SRM,0.168,0,true,false,113,false,1319.0893858854633,1192.456218309285,0,0.039311527337613984,0
SRM,0.168,0,true,false,114,true,1319.0894195981223,1192.455226484546,0,0.0393115340177859,0
SRM,0.168,0,true,false,115,true,1319.0893239774741,1192.4580396392328,0,0.03931151511899245,0
SRM,0.168,0,true,false,116,false,1319.0893469742803,1192.4573630743464,0,0.03931151965023197,0
SRM,0.168,0,true,false,117,false,1319.0893872195295,1192.4561790611256,0,0.039311527601708356,0
SRM,0.168,0,true,false,118,true,1319.0894466167003,1192.4544315993296,0,0.03931153938381389,0
SRM,0.168,0,true,false,119,true,1319.0894210524377,1192.455183698658,0,0.03931153430644356,0
SRM,0.168,0,true,false,120,true,1319.089416400839,1192.4553205484624,0,0.039311533383591404,0
SRM,0.168,0,true,false,121,true,1319.0893523142047,1192.457205974037,0,0.03931152070368081,0
SRM,0.168,0,true,false,122,true,1319.0894552892175,1192.4541764543071,0,0.039311541108531335,0
SRM,0.168,0,true,false,123,true,1319.0893385723894,1192.4576102575568,0,0.03931151799358135,0
SRM,0.168,0,true,false,124,false,1319.0893213658408,1192.4581164733559,0,0.0393115146051085,0
SRM,0.168,0,true,false,125,true,1319.0892716804096,1192.4595782162557,0,0.03931150485099993,0
SRM,0.168,0,true,false,126,true,1319.0894635530306,1192.453933333341,0,0.03931154275295234,0
SRM,0.168,0,true,false,127,true,1319.0892829064117,1192.4592479478379,0,0.0393115070507346,0
SRM,0.168,0,true,false,128,true,1319.0893904895463,1192.456082857395,0,0.039311528248980966,0
SRM,0.168,0,true,false,129,true,1319.089332873135,1192.4577779293365,0,0.039311516870594025,0
SRM,0.168,0,true,false,130,true,1319.0894173273853,1192.4552932895149,0,0.039311533567307134,0
SRM,0.168,0,true,false,131,true,1319.0892698728705,1192.459631393966,0,0.03931150449717782,0
SRM,0.168,0,true,false,132,true,1319.0892801724444,1192.459328381016,0,0.03931150651482613,0
SRM,0.168,0,true,false,133,false,1319.0893081241766,1192.4585060424552,0,0.039311512000979404,0
SRM,0.168,0,true,false,134,false,1319.0892795562272,1192.4593465100959,0,0.03931150639405548,0
SRM,0.168,0,true,false,135,true,1319.0894571690885,1192.4541211485969,0,0.03931154148245707,0
SRM,0.168,0,true,false,136,false,1319.089415821009,1192.4553376070298,0,0.0393115332684838,0
SRM,0.168,0,true,false,137,false,1319.0893821522977,1192.4563281388314,0,0.03931152659910989,0
SRM,0.168,0,true,false,138,false,1319.0892878390532,1192.4591028297696,0,0.03931150801801582,0
SRM,0.168,0,true,false,139,false,1319.0893182495702,1192.4582081538806,0,0.039311513991964565,0
SRM,0.168,0,true,false,140,true,1319.0893757930237,1192.4565152283558,0,0.03931152534129844,0
SRM,0.168,0,true,false,141,true,1319.0893600619115,1192.4569780368897,0,0.039311522232980886,0
SRM,0.168,0,true,false,142,true,1319.0893300696096,1192.4578604089133,0,0.039311516318504484,0
SRM,0.168,0,true,false,143,true,1319.0893696734486,1192.4566952659497,0,0.039311524131743145,0
SRM,0.168,0,true,false,144,true,1319.0893533048647,1192.4571768288677,0,0.03931152089911309,0
SRM,0.168,0,true,false,145,true,1319.0893426926632,1192.457489039306,0,0.03931151880588953,0
SRM,0.168,0,true,false,146,false,1319.0893075558315,1192.4585227631374,0,0.039311511889146375,0
SRM,0.168,0,true,false,147,false,1319.089402368148,1192.4557333895261,0,0.0393115306014253,0
SRM,0.168,0,true,false,148,true,1319.0894208940435,1192.4551883586062,0,0.03931153427501575,0
SRM,0.168,0,true,false,149,true,1319.0893152712445,1192.458295776075,0,0.039311513406050366,0
SRM,0.168,0,true,false,150,true,1319.0892783913225,1192.4593807815338,0,0.03931150616562247,0
SRM,0.168,0,true,false,151,true,1319.0894590390658,1192.4540661339593,0,0.03931154185458199,0
SRM,0.168,0,true,false,152,false,1319.0893089341062,1192.4584822143665,0,0.039311512160136106,0
SRM,0.168,0,true,false,153,true,1319.0894304985127,1192.4549057956049,0,0.03931153618138861,0
SRM,0.168,0,true,false,154,true,1319.089314013818,1192.4583327694986,0,0.03931151315873741,0
SRM,0.168,0,true,false,155,true,1319.0894494533243,1192.4543481459955,0,0.0393115399478681,0
SRM,0.168,0,true,false,156,true,1319.0893591094502,1192.4570060582523,0,0.0393115220449721,0
SRM,0.168,0,true,false,157,false,1319.0893937568974,1192.4559867320902,0,0.03931152889579544,0
SRM,0.168,0,true,false,158,false,1319.0893963171268,1192.4559114102685,0,0.0393115294027689,0
SRM,0.168,0,true,false,159,true,1319.0893143968406,1192.4583215009934,0,0.039311513234145314,0
SRM,0.168,0,true,false,160,false,1319.0894313979109,1192.4548793353556,0,0.03931153636005935,0
SRM,0.168,0,true,false,161,true,1319.089336870573,1192.4576603249059,0,0.03931151765831087,0
SRM,0.168,0,true,false,162,true,1319.0894114989305,1192.4554647623622,0,0.03931153241135792,0
SRM,0.168,0,true,false,163,false,1319.089271966195,1192.459569808466,0,0.039311504907025965,0
SRM,0.168,0,true,false,164,true,1319.0892692220384,1192.4596505414142,0,0.0393115043697499,0
SRM,0.168,0,true,false,165,true,1319.0893950259303,1192.4559493972033,0,0.039311529147068786,0
SRM,0.168,0,true,false,166,false,1319.0892757219342,1192.4594593148058,0,0.03931150564258893,0
SRM,0.168,0,true,false,167,false,1319.0893403638213,1192.4575575537187,0,0.039311518346829985,0
SRM,0.168,0,true,false,168,true,1319.0894635811665,1192.453932505585,0,0.03931154275857083,0
SRM,0.168,0,true,false,169,true,1319.089308038099,1192.4585085748504,0,0.03931151198393765,0
SRM,0.168,0,true,false,170,true,1319.0893974564517,1192.4558778913863,0,0.039311529628474715,0
SRM,0.168,0,true,false,171,true,1319.0894486188893,1192.4543726950312,0,0.03931153978199333,0
SRM,0.168,0,true,false,172,true,1319.0893446625166,1192.457431086317,0,0.0393115191942436,0
SRM,0.168,0,true,false,173,true,1319.0894435254866,1192.454522542684,0,0.03931153876933229,0
SRM,0.168,0,true,false,174,false,1319.0892834375302,1192.4592323223565,0,0.039311507154821464,0
SRM,0.168,0,true,false,175,true,1319.0893809692948,1192.4563629427187,0,0.03931152636506279,0
SRM,0.168,0,true,false,176,false,1319.0893602198942,1192.4569733890476,0,0.03931152226422548,0
SRM,0.168,0,true,false,177,false,1319.0894524019802,1192.4542613966848,0,0.03931154053432453,0
SRM,0.168,0,true,false,178,false,1319.0894234724565,1192.455112501827,0,0.03931153478666094,0
SRM,0.168,0,true,false,179,true,1319.0894261394903,1192.4550340378244,0,0.03931153531605759,0
SRM,0.168,0,true,false,180,true,1319.0894562291285,1192.4541488021746,0,0.039311541295545135,0
SRM,0.168,0,true,false,181,true,1319.0893692867799,1192.4567066417246,0,0.03931152405534338,0
SRM,0.168,0,true,false,182,false,1319.089419336174,1192.4552341910526,0,0.03931153396576136,0
SRM,0.168,0,true,false,183,true,1319.0894148202515,1192.455367049266,0,0.039311533070007156,0
SRM,0.168,0,true,false,184,true,1319.0893708402987,1192.456660937278,0,0.039311524362338375,0
SRM,0.168,0,true,false,185,true,1319.0892986811955,1192.458783854486,0,0.03931151014580779,0
SRM,0.168,0,true,false,186,true,1319.089449687944,1192.4543412434984,0,0.03931153999458823,0
SRM,0.168,0,true,false,187,true,1319.089298045278,1192.4588025631488,0,0.039311510020950305,0
SRM,0.168,0,true,false,188,true,1319.089343192287,1192.4574743403969,0,0.03931151890431155,0
SRM,0.168,0,true,false,189,false,1319.0893127151273,1192.4583709769129,0,0.03931151290336145,0
SRM,0.168,0,true,false,190,true,1319.0892907759724,1192.4590164257552,0,0.03931150859414364,0
SRM,0.168,0,true,false,191,false,1319.0894633156468,1192.453940317161,0,0.039311542705695306,0
SRM,0.168,0,true,false,192,true,1319.0892702789777,1192.459619446314,0,0.03931150457660496,0
SRM,0.168,0,true,false,193,true,1319.0894359526988,1192.454745333724,0,0.039311537264712704,0
SRM,0.168,0,true,false,194,true,1319.089310492231,1192.4584363744084,0,0.03931151246630643,0
SRM,0.168,0,true,false,195,true,1319.0894532281545,1192.4542370906781,0,0.039311540698582524,0
SRM,0.168,0,true,false,196,true,1319.089360083096,1192.4569774136448,0,0.03931152223725159,0
SRM,0.168,0,true,false,197,true,1319.0892772658397,1192.4594138931827,0,0.0393115059451636,0
SRM,0.168,0,true,false,198,true,1319.0894601141856,1192.4540345039875,0,0.03931154206846362,0
SRM,0.168,0,true,false,199,true,1319.0892967059458,1192.4588419662332,0,0.03931150975804154,0
SRM,0.168,0,true,false,200,true,1319.0894276710735,1192.4549889787238,0,0.039311535620087545,0
SRM,0.168,0,true,false,201,true,1319.0894332755868,1192.4548240942238,0,0.039311536732848325,0
SRM,0.168,0,true,false,202,true,1319.0893374170619,1192.457644247233,0,0.039311517766037946,0
SRM,0.168,0,true,false,203,true,1319.089281185112,1192.4592985883876,0,0.039311506713188116,0
SRM,0.168,0,true,false,204,true,1319.0892950885254,1192.4588895506588,0,0.039311509440553574,0
SRM,0.168,0,true,false,205,false,1319.0894677516608,1192.45380980985,0,0.03931154358869095,0
SRM,0.168,0,true,false,206,true,1319.0893578825194,1192.4570421544965,0,0.03931152180277998,0
SRM,0.168,0,true,false,207,false,1319.0893560835639,1192.457095079678,0,0.039311521447620804,0
SRM,0.168,0,true,false,208,true,1319.0894123767205,1192.4554389378256,0,0.039311532585435766,0
SRM,0.168,0,true,false,209,false,1319.089358898207,1192.4570122730204,0,0.0393115220032445,0
SRM,0.168,0,true,false,210,true,1319.0892820189365,1192.459274057312,0,0.03931150687668335,0
SRM,0.168,0,true,false,211,false,1319.089306250264,1192.4585611728708,0,0.03931151163270541,0
SRM,0.168,0,true,false,212,true,1319.0892688346291,1192.4596619389752,0,0.03931150429389171,0
SRM,0.168,0,true,false,213,false,1319.0894268769612,1192.4550123414697,0,0.039311535462305175,0
SRM,0.168,0,true,false,214,true,1319.0894300444902,1192.4549191529234,0,0.039311536091230025,0
SRM,0.168,0,true,false,215,false,1319.0893047879479,1192.4586041941357,0,0.039311511345383056,0
SRM,0.168,0,true,false,216,false,1319.0893042226082,1192.4586208263997,0,0.03931151123420863,0
SRM,0.168,0,true,false,217,true,1319.0894552492593,1192.4541776298752,0,0.03931154110056302,0
SRM,0.168,0,true,false,218,true,1319.0893665263482,1192.456787853487,0,0.03931152350993381,0
SRM,0.168,0,true,false,219,true,1319.0894687370662,1192.4537808192717,0,0.039311543784880255,0
SRM,0.168,0,true,false,220,true,1319.0892739003268,1192.4595129064035,0,0.03931150528588256,0
SRM,0.168,0,true,false,221,true,1319.0892758746786,1192.4594548210716,0,0.03931150567262856,0
SRM,0.168,0,true,false,222,false,1319.0894646378777,1192.4539014171942,0,0.03931154296879126,0
SRM,0.168,0,true,false,223,true,1319.0893945510957,1192.4559633668157,0,0.03931152905311705,0
SRM,0.168,0,true,false,224,true,1319.08942903618,1192.4549488173582,0,0.039311535890994176,0
SRM,0.168,0,true,false,225,false,1319.0894497965496,1192.4543380483226,0,0.03931154001617504,0
SRM,0.168,0,true,false,226,false,1319.089410755249,1192.455486641436,0,0.03931153226395452,0
SRM,0.168,0,true,false,227,true,1319.0894040706005,1192.4556833034596,0,0.03931153093890742,0
SRM,0.168,0,true,false,228,true,1319.089448736594,1192.454369232164,0,0.039311539805436384,0
SRM,0.168,0,true,false,229,true,1319.0894706559184,1192.4537243667378,0,0.03931154416708458,0
SRM,0.168,0,true,false,230,true,1319.0894464766175,1192.4544357205614,0,0.03931153935607461,0
SRM,0.168,0,true,false,231,true,1319.089381981395,1192.45633316678,0,0.03931152656519511,0
SRM,0.168,0,true,false,232,true,1319.0894155686815,1192.4553450304925,0,0.039311533218372094,0
SRM,0.168,0,true,false,233,true,1319.0892809593813,1192.459305229373,0,0.03931150666895299,0
SRM,0.168,0,true,false,234,false,1319.0892891808635,1192.459063353778,0,0.03931150828119776,0
SRM,0.168,0,true,false,235,true,1319.0893909158503,1192.4560703155514,0,0.03931152833328176,0
SRM,0.168,0,true,false,236,true,1319.0894312899397,1192.4548825118611,0,0.0393115363385638,0
SRM,0.168,0,true,false,237,true,1319.0894688834412,1192.4537765129255,0,0.039311543814028876,0
SRM,0.168,0,true,false,238,true,1319.0893875140355,1192.456170396775,0,0.03931152765999412,0
SRM,0.168,0,true,false,239,true,1319.0893394466727,1192.4575845361835,0,0.03931151816591604,0
SRM,0.168,0,true,false,240,true,1319.0893728050664,1192.4566031339082,0,0.03931152475063756,0
SRM,0.168,0,true,false,241,false,1319.0893183451976,1192.4582053405259,0,0.039311514010706906,0
SRM,0.168,0,true,false,242,false,1319.0894699659623,1192.4537446652112,0,0.03931154402973411,0
SRM,0.168,0,true,false,243,true,1319.0892833582657,1192.4592346543147,0,0.03931150713922344,0
SRM,0.168,0,true,false,244,true,1319.0894571620393,1192.4541213559864,0,0.03931154148108599,0
SRM,0.168,0,true,false,245,true,1319.0893943104675,1192.4559704460853,0,0.039311529005511464,0
SRM,0.168,0,true,false,246,true,1319.0893140816877,1192.4583307727753,0,0.03931151317212533,0
SRM,0.168,0,true,false,247,false,1319.0894122949674,1192.4554413429973,0,0.039311532569181504,0
SRM,0.168,0,true,false,248,true,1319.0892809999134,1192.4593040369211,0,0.03931150667701501,0
SRM,0.168,0,true,false,249,true,1319.0892746057073,1192.4594921541466,0,0.03931150542404169,0
SRM,0.168,0,true,false,250,true,1319.089320623547,1192.4581383115978,0,0.039311514459041484,0
SRM,0.168,0,true,false,251,true,1319.0892950558255,1192.458890512691,0,0.03931150943403888,0
SRM,0.168,0,true,false,252,true,1319.0892753992982,1192.4594688067386,0,0.03931150557952802,0
SRM,0.168,0,true,false,253,true,1319.0892758326665,1192.4594560570642,0,0.03931150566440413,0
SRM,0.168,0,true,false,254,true,1319.0892721609334,1192.4595640792697,0,0.0393115049452043,0
SRM,0.168,0,true,false,255,true,1319.0893089420279,1192.45848198131,0,0.03931151216166002,0
SRM,0.14,5000,false,false,0,true,1036.3165383520345,9511.619254100384,0,0.039667690928796816,0
SRM,0.14,5000,false,false,1,true,1036.3165384231377,9511.619252008526,0,0.03966769093871597,0
SRM,0.14,5000,false,false,2,true,1036.3165386105347,9511.619246495318,0,0.039667690964858685,0
SRM,0.14,5000,false,false,3,true,1036.316538323642,9511.619254935687,0,0.039667690924835866,0
SRM,0.14,5000,false,false,4,true,1036.31653907685,9511.619232776351,0,0.03966769102991196,0
SRM,0.14,5000,false,false,5,true,1036.3165387425904,9511.619242610246,0,0.03966769098328101,0
SRM,0.14,5000,false,false,6,true,1036.316538892984,9511.619238185678,0,0.039667691004261825,0
SRM,0.14,5000,false,false,7,true,1036.3165382596903,9511.619256817143,0,0.039667690915914385,0
SRM,0.14,5000,false,false,8,false,1036.31653842798,9511.619251866072,0,0.03966769093939152,0
SRM,0.14,5000,false,false,9,false,1036.3165390850234,9511.619232535886,0,0.03966769103105188,0
SRM,0.14,5000,false,false,10,true,1036.3165391877715,9511.61922951304,0,0.03966769104538612,0
SRM,0.14,5000,false,false,11,true,1036.316539104083,9511.619231975157,0,0.039667691033711,0
SRM,0.14,5000,false,false,12,true,1036.3165387281124,9511.61924303619,0,0.03966769098126141,0
SRM,0.14,5000,false,false,13,true,1036.3165385917002,9511.619247049428,0,0.039667690962231265,0
SRM,0.14,5000,false,false,14,true,1036.316538933583,9511.61923699126,0,0.039667691009925406,0
SRM,0.14,5000,false,false,15,true,1036.3165391648265,9511.619230188082,0,0.039667691042185,0
SRM,0.14,5000,false,false,16,true,1036.3165382951104,9511.61925577509,0,0.039667690920855536,0
SRM,0.14,5000,false,false,17,true,1036.3165388781622,9511.619238621726,0,0.0396676910021941,0
SRM,0.14,5000,false,false,18,true,1036.3165382785398,9511.61925626259,0,0.03966769091854402,0
SRM,0.14,5000,false,false,19,true,1036.3165390179283,9511.619234509815,0,0.039667691021692146,0
SRM,0.14,5000,false,false,20,true,1036.3165384537608,9511.619251107599,0,0.03966769094298807,0
SRM,0.14,5000,false,false,21,true,1036.31653836384,9511.619253753066,0,0.03966769093044367,0
SRM,0.14,5000,false,false,22,true,1036.3165382885995,9511.619255966638,0,0.039667690919947325,0
SRM,0.14,5000,false,false,23,true,1036.3165383419237,9511.619254397847,0,0.03966769092738626,0
SRM,0.14,5000,false,false,24,true,1036.3165389695303,9511.619235933686,0,0.03966769101494023,0
SRM,0.14,5000,false,false,25,true,1036.3165391726338,9511.61922995839,0,0.03966769104327431,0
SRM,0.14,5000,false,false,26,true,1036.3165383464172,9511.61925426564,0,0.03966769092801317,0
SRM,0.14,5000,false,false,27,false,1036.3165384324768,9511.619251733775,0,0.039667690940018915,0
SRM,0.14,5000,false,false,28,true,1036.3165382742723,9511.619256388145,0,0.039667690917948646,0
SRM,0.14,5000,false,false,29,true,1036.3165387325762,9511.619242904864,0,0.039667690981883996,0
SRM,0.14,5000,false,false,30,false,1036.3165391911873,9511.619229412552,0,0.039667691045862395,0
SRM,0.14,5000,false,false,31,true,1036.3165382594457,9511.619256824344,0,0.03966769091588027,0
SRM,0.14,5000,false,false,32,true,1036.3165390068164,9511.619234836735,0,0.03966769102014168,0
SRM,0.14,5000,false,false,33,true,1036.3165392644594,9511.619227256884,0,0.03966769105608435,0
SRM,0.14,5000,false,false,34,true,1036.316538872272,9511.619238795016,0,0.03966769100137219,0
SRM,0.14,5000,false,false,35,true,1036.3165391784387,9511.619229787608,0,0.03966769104408407,0
SRM,0.14,5000,false,false,36,true,1036.3165387820247,9511.619241450086,0,0.03966769098878235,0
SRM,0.14,5000,false,false,37,true,1036.316538929334,9511.619237116269,0,0.03966769100933263,0
SRM,0.14,5000,false,false,38,true,1036.3165391858972,9511.619229568183,0,0.03966769104512428,0
SRM,0.14,5000,false,false,39,true,1036.3165384209838,9511.619252071898,0,0.03966769093841564,0
SRM,0.14,5000,false,false,40,false,1036.3165382507173,9511.619257081133,0,0.03966769091466257,0
SRM,0.14,5000,false,false,41,true,1036.3165383493736,9511.61925417867,0,0.03966769092842555,0
SRM,0.14,5000,false,false,42,true,1036.316538460652,9511.619250904867,0,0.03966769094394937,0
SRM,0.14,5000,false,false,43,false,1036.316539078894,9511.61923271621,0,0.039667691030197044,0
SRM,0.14,5000,false,false,44,true,1036.3165390801457,9511.619232679384,0,0.03966769103037183,0
SRM,0.14,5000,false,false,45,true,1036.316539251408,9511.619227640866,0,0.039667691054263314,0
SRM,0.14,5000,false,false,46,true,1036.3165383317173,9511.619254698113,0,0.03966769092596244,0
SRM,0.14,5000,false,false,47,true,1036.3165386582286,9511.619245092166,0,0.03966769097151234,0
SRM,0.14,5000,false,false,48,true,1036.3165386834812,9511.619244349238,0,0.039667690975035114,0
SRM,0.14,5000,false,false,49,true,1036.3165390676068,9511.619233048285,0,0.03966769102862215,0
SRM,0.14,5000,false,false,50,true,1036.316538414256,9511.619252269827,0,0.03966769093747707,0
SRM,0.14,5000,false,false,51,true,1036.3165382545008,9511.619256969821,0,0.03966769091519039,0
SRM,0.14,5000,false,false,52,true,1036.316539178766,9511.619229777978,0,0.039667691044129816,0
SRM,0.14,5000,false,false,53,true,1036.3165386046794,9511.619246667582,0,0.03966769096404201,0
SRM,0.14,5000,false,false,54,true,1036.3165386508945,9511.619245307933,0,0.03966769097048908,0
SRM,0.14,5000,false,false,55,false,1036.3165391251375,9511.619231355726,0,0.03966769103664804,0
SRM,0.14,5000,false,false,56,true,1036.3165390316203,9511.619234107,0,0.039667691023602056,0
SRM,0.14,5000,false,false,57,true,1036.3165382915558,9511.619255879661,0,0.039667690920359704,0
SRM,0.14,5000,false,false,58,true,1036.3165387661086,9511.619241918348,0,0.03966769098656194,0
SRM,0.14,5000,false,false,59,true,1036.3165382554182,9511.619256942826,0,0.03966769091531839,0
SRM,0.14,5000,false,false,60,true,1036.3165383840585,9511.619253158235,0,0.03966769093326432,0
SRM,0.14,5000,false,false,61,false,1036.3165382971695,9511.619255714506,0,0.03966769092114288,0
SRM,0.14,5000,false,false,62,true,1036.316538509555,9511.619249466137,0,0.03966769095077163,0
SRM,0.14,5000,false,false,63,true,1036.3165382501575,9511.619257097595,0,0.03966769091458454,0
SRM,0.14,5000,false,false,64,true,1036.316539017693,9511.619234516747,0,0.039667691021659145,0
SRM,0.14,5000,false,false,65,true,1036.3165385650545,9511.619247833345,0,0.039667690958513996,0
SRM,0.14,5000,false,false,66,true,1036.3165382752593,9511.619256359108,0,0.0396676909180864,0
SRM,0.14,5000,false,false,67,true,1036.3165383785222,9511.619253321118,0,0.03966769093249192,0
SRM,0.14,5000,false,false,68,false,1036.3165382573825,9511.61925688504,0,0.0396676909155924,0
SRM,0.14,5000,false,false,69,true,1036.3165388649618,9511.61923901009,0,0.03966769100035243,0
SRM,0.14,5000,false,false,70,true,1036.3165383692788,9511.619253593055,0,0.03966769093120238,0
SRM,0.14,5000,false,false,71,true,1036.3165382629886,9511.619256720105,0,0.03966769091637451,0
SRM,0.14,5000,false,false,72,true,1036.3165390479426,9511.619233626805,0,0.03966769102587935,0
SRM,0.14,5000,false,false,73,true,1036.3165382748332,9511.619256371643,0,0.03966769091802686,0
SRM,0.14,5000,false,false,74,true,1036.3165384724118,9511.619250558882,0,0.039667690945590015,0
SRM,0.14,5000,false,false,75,true,1036.316538563735,9511.619247872166,0,0.039667690958330004,0
SRM,0.14,5000,false,false,76,false,1036.3165391855748,9511.619229577667,0,0.039667691045079646,0
SRM,0.14,5000,false,false,77,false,1036.3165382519646,9511.619257044433,0,0.03966769091483661,0
SRM,0.14,5000,false,false,78,true,1036.316538446029,9511.61925133507,0,0.0396676909419094,0
SRM,0.14,5000,false,false,79,true,1036.3165386007167,9511.619246784163,0,0.039667690963489086,0
SRM,0.14,5000,false,false,80,true,1036.3165388009193,9511.619240894213,0,0.03966769099141839,0
SRM,0.14,5000,false,false,81,true,1036.316538596878,9511.619246897091,0,0.039667690962953604,0
SRM,0.14,5000,false,false,82,true,1036.3165387677457,9511.619241870181,0,0.03966769098679039,0
SRM,0.14,5000,false,false,83,false,1036.3165390130334,9511.619234653826,0,0.03966769102100923,0
SRM,0.14,5000,false,false,84,true,1036.31653858186,9511.61924733893,0,0.039667690960858565,0
SRM,0.14,5000,false,false,85,true,1036.3165385442958,9511.619248444065,0,0.03966769095561812,0
SRM,0.14,5000,false,false,86,false,1036.3165382932682,9511.619255829291,0,0.039667690920598596,0
SRM,0.14,5000,false,false,87,true,1036.316538425788,9511.619251930555,0,0.039667690939085724,0
SRM,0.14,5000,false,false,88,true,1036.3165390438608,9511.619233746887,0,0.03966769102530979,0
SRM,0.14,5000,false,false,89,true,1036.3165386382352,9511.61924568037,0,0.039667690968723114,0
SRM,0.14,5000,false,false,90,false,1036.3165383820433,9511.619253217521,0,0.03966769093298314,0
SRM,0.14,5000,false,false,91,true,1036.3165390022236,9511.619234971844,0,0.03966769101950125,0
SRM,0.14,5000,false,false,92,true,1036.3165383818905,9511.619253222025,0,0.03966769093296185,0
SRM,0.14,5000,false,false,93,true,1036.3165385192617,9511.619249180567,0,0.03966769095212581,0
SRM,0.14,5000,false,false,94,true,1036.3165388181865,9511.619240386215,0,0.039667690993827144,0
SRM,0.14,5000,false,false,95,true,1036.3165383268997,9511.619254839847,0,0.039667690925290384,0
SRM,0.14,5000,false,false,96,true,1036.3165382959164,9511.619255751377,0,0.039667690920968154,0
SRM,0.14,5000,false,false,97,false,1036.316538999835,9511.619235042122,0,0.039667691019167964,0
SRM,0.14,5000,false,false,98,true,1036.3165384585477,9511.619250966774,0,0.039667690943655874,0
SRM,0.14,5000,false,false,99,true,1036.31653854857,9511.61924831832,0,0.03966769095621446,0
SRM,0.14,5000,false,false,100,true,1036.3165390310078,9511.619234125024,0,0.03966769102351689,0
SRM,0.14,5000,false,false,101,true,1036.31653854578,9511.619248400393,0,0.03966769095582518,0
SRM,0.14,5000,false,false,102,true,1036.3165383759977,9511.61925339539,0,0.039667690932139836,0
SRM,0.14,5000,false,false,103,true,1036.3165387426025,9511.61924260989,0,0.03966769098328275,0
SRM,0.14,5000,false,false,104,true,1036.3165387433826,9511.619242586945,0,0.039667690983391686,0
SRM,0.14,5000,false,false,105,true,1036.316538673847,9511.619244632677,0,0.039667690973691015,0
SRM,0.14,5000,false,false,106,false,1036.3165392090416,9511.619228887275,0,0.039667691048353035,0
SRM,0.14,5000,false,false,107,true,1036.3165390600911,9511.619233269394,0,0.039667691027573684,0
SRM,0.14,5000,false,false,108,true,1036.3165382816771,9511.61925617029,0,0.039667690918981674,0
SRM,0.14,5000,false,false,109,true,1036.3165386665935,9511.619244846068,0,0.03966769097267924,0
SRM,0.14,5000,false,false,110,true,1036.31653846209,9511.619250862557,0,0.03966769094415002,0
SRM,0.14,5000,false,false,111,true,1036.3165387799547,9511.619241510989,0,0.03966769098849377,0
SRM,0.14,5000,false,false,112,true,1036.3165384419983,9511.619251453658,0,0.03966769094134713,0
SRM,0.14,5000,false,false,113,true,1036.3165382882019,9511.61925597834,0,0.03966769091989182,0
SRM,0.14,5000,false,false,114,true,1036.3165385240618,9511.61924903934,0,0.03966769095279541,0
SRM,0.14,5000,false,false,115,true,1036.316538431937,9511.619251749651,0,0.03966769093994359,0
SRM,0.14,5000,false,false,116,true,1036.3165382871798,9511.619256008404,0,0.039667690919749296,0
SRM,0.14,5000,false,false,117,true,1036.3165382935022,9511.6192558224,0,0.03966769092063131,0
SRM,0.14,5000,false,false,118,true,1036.3165388610291,9511.619239125788,0,0.03966769099980375,0
SRM,0.14,5000,false,false,119,true,1036.3165385389407,9511.619248601608,0,0.03966769095487111,0
SRM,0.14,5000,false,false,120,true,1036.3165384927504,9511.619249960528,0,0.039667690948427384,0
SRM,0.14,5000,false,false,121,true,1036.3165382693608,9511.619256532642,0,0.039667690917263444,0
SRM,0.14,5000,false,false,122,true,1036.3165389959781,9511.61923515559,0,0.039667691018629804,0
SRM,0.14,5000,false,false,123,true,1036.3165383271546,9511.619254832349,0,0.03966769092532588,0
SRM,0.14,5000,false,false,124,true,1036.316538455493,9511.619251056638,0,0.03966769094322977,0
SRM,0.14,5000,false,false,125,true,1036.316539195796,9511.619229276957,0,0.03966769104650524,0
SRM,0.14,5000,false,false,126,true,1036.3165391363618,9511.619231025514,0,0.039667691038214124,0
SRM,0.14,5000,false,false,127,true,1036.3165389785786,9511.619235667491,0,0.03966769101620261,0
SRM,0.14,5000,false,false,128,true,1036.3165383079152,9511.619255398373,0,0.03966769092264196,0
SRM,0.14,5000,false,false,129,true,1036.316538362683,9511.619253787094,0,0.03966769093028228,0
SRM,0.14,5000,false,false,130,true,1036.3165385016243,9511.619249699455,0,0.03966769094966528,0
SRM,0.14,5000,false,false,131,true,1036.31653923358,9511.619228165353,0,0.03966769105177663,0
SRM,0.14,5000,false,false,132,true,1036.3165390287065,9511.619234192725,0,0.03966769102319579,0
SRM,0.14,5000,false,false,133,true,1036.3165385979623,9511.619246865197,0,0.039667690963104935,0
SRM,0.14,5000,false,false,134,true,1036.3165390402496,9511.619233853127,0,0.039667691024806155,0
SRM,0.14,5000,false,false,135,true,1036.3165390268803,9511.619234246451,0,0.03966769102294066,0
SRM,0.14,5000,false,false,136,true,1036.3165384872493,9511.619250122369,0,0.03966769094765984,0
SRM,0.14,5000,false,false,137,true,1036.3165382752074,9511.619256360631,0,0.039667690918079146,0
SRM,0.14,5000,false,false,138,false,1036.316538892587,9511.619238197358,0,0.039667691004206335,0
SRM,0.14,5000,false,false,139,true,1036.3165384855547,9511.619250172227,0,0.039667690947423555,0
SRM,0.14,5000,false,false,140,true,1036.316538259243,9511.619256830301,0,0.03966769091585208,0
SRM,0.14,5000,false,false,141,true,1036.3165382538405,9511.619256989252,0,0.03966769091509821,0
SRM,0.14,5000,false,false,142,true,1036.316538382673,9511.619253199002,0,0.039667690933071056,0
SRM,0.14,5000,false,false,143,true,1036.316538251328,9511.619257063168,0,0.039667690914747804,0
SRM,0.14,5000,false,false,144,true,1036.3165382667012,9511.619256610882,0,0.03966769091689242,0
SRM,0.14,5000,false,false,145,false,1036.3165383057126,9511.619255463163,0,0.039667690922334686,0
SRM,0.14,5000,false,false,146,true,1036.3165386049652,9511.619246659176,0,0.03966769096408167,0
SRM,0.14,5000,false,false,147,true,1036.316538377202,9511.619253359955,0,0.03966769093230775,0
SRM,0.14,5000,false,false,148,true,1036.3165385373038,9511.61924864977,0,0.039667690954642745,0
SRM,0.14,5000,false,false,149,true,1036.3165385162793,9511.619249268313,0,0.03966769095170966,0
SRM,0.14,5000,false,false,150,true,1036.3165390623399,9511.619233203231,0,0.03966769102788745,0
SRM,0.14,5000,false,false,151,true,1036.3165390582574,9511.619233323345,0,0.039667691027318056,0
SRM,0.14,5000,false,false,152,true,1036.31653858814,9511.619247154165,0,0.03966769096173462,0
SRM,0.14,5000,false,false,153,false,1036.316538644599,9511.61924549315,0,0.03966769096961086,0
SRM,0.14,5000,false,false,154,true,1036.3165385298364,9511.619248869454,0,0.03966769095360091,0
SRM,0.14,5000,false,false,155,true,1036.3165389037806,9511.61923786804,0,0.039667691005767884,0
SRM,0.14,5000,false,false,156,true,1036.3165382550926,9511.61925695241,0,0.03966769091527293,0
SRM,0.14,5000,false,false,157,true,1036.3165383243297,9511.619254915453,0,0.0396676909249319,0
SRM,0.14,5000,false,false,158,true,1036.316538338601,9511.619254495588,0,0.03966769092692277,0
SRM,0.14,5000,false,false,159,true,1036.3165385256596,9511.619248992345,0,0.039667690953018336,0
SRM,0.14,5000,false,false,160,false,1036.3165386555052,9511.619245172284,0,0.039667690971132374,0
SRM,0.14,5000,false,false,161,true,1036.3165383370367,9511.619254541616,0,0.03966769092670461,0
SRM,0.14,5000,false,false,162,true,1036.3165384482927,9511.619251268472,0,0.03966769094222522,0
SRM,0.14,5000,false,false,163,true,1036.3165391898833,9511.619229450915,0,0.039667691045680534,0
SRM,0.14,5000,false,false,164,true,1036.3165392473852,9511.61922775921,0,0.039667691053702527,0
SRM,0.14,5000,false,false,165,true,1036.3165383312491,9511.619254711888,0,0.039667690925897184,0
SRM,0.14,5000,false,false,166,true,1036.3165391141329,9511.619231679486,0,0.039667691035112855,0
SRM,0.14,5000,false,false,167,true,1036.3165383173873,9511.619255119704,0,0.039667690923963383,0
SRM,0.14,5000,false,false,168,true,1036.3165391368668,9511.61923101065,0,0.03966769103828458,0
SRM,0.14,5000,false,false,169,true,1036.3165385990314,9511.619246833743,0,0.03966769096325399,0
SRM,0.14,5000,false,false,170,true,1036.3165383453536,9511.619254296937,0,0.03966769092786475,0
SRM,0.14,5000,false,false,171,true,1036.3165388910852,9511.619238241536,0,0.039667691003996884,0
SRM,0.14,5000,false,false,172,false,1036.3165382967175,9511.619255727812,0,0.03966769092107982,0
SRM,0.14,5000,false,false,173,false,1036.3165388160342,9511.619240449543,0,0.039667690993526725,0
SRM,0.14,5000,false,false,174,true,1036.3165389690519,9511.619235947757,0,0.03966769101487349,0
SRM,0.14,5000,false,false,175,true,1036.3165382716434,9511.619256465488,0,0.039667690917581856,0
SRM,0.14,5000,false,false,176,true,1036.316538253648,9511.619256994903,0,0.03966769091507151,0
SRM,0.14,5000,false,false,177,false,1036.3165389496749,9511.619236517834,0,0.03966769101217045,0
SRM,0.14,5000,false,false,178,false,1036.3165385644977,9511.619247849729,0,0.03966769095843647,0
SRM,0.14,5000,false,false,179,false,1036.3165385938885,9511.619246985052,0,0.03966769096253664,0
SRM,0.14,5000,false,false,180,true,1036.3165390113813,9511.61923470243,0,0.039667691020778696,0
SRM,0.14,5000,false,false,181,true,1036.3165382510745,9511.619257070617,0,0.039667690914712436,0
SRM,0.14,5000,false,false,182,true,1036.3165385214138,9511.619249117253,0,0.03966769095242598,0
SRM,0.14,5000,false,false,183,true,1036.3165384779284,9511.61925039659,0,0.039667690946359614,0
SRM,0.14,5000,false,false,184,true,1036.3165382522698,9511.619257035456,0,0.03966769091487913,0
SRM,0.14,5000,false,false,185,true,1036.316538723443,9511.619243173558,0,0.03966769098060999,0
SRM,0.14,5000,false,false,186,true,1036.3165389074002,9511.619237761553,0,0.039667691006272994,0
SRM,0.14,5000,false,false,187,true,1036.3165387326176,9511.619242903645,0,0.03966769098188984,0
SRM,0.14,5000,false,false,188,true,1036.3165383033606,9511.619255532358,0,0.039667690922006574,0
SRM,0.14,5000,false,false,189,true,1036.3165385442005,9511.619248446867,0,0.03966769095560479,0
SRM,0.14,5000,false,false,190,true,1036.316538844091,9511.619239624099,0,0.03966769099744097,0
SRM,0.14,5000,false,false,191,true,1036.316539132167,9511.619231148927,0,0.039667691037628884,0
SRM,0.14,5000,false,false,192,true,1036.3165392250316,9511.619228416856,0,0.03966769105058385,0
SRM,0.14,5000,false,false,193,true,1036.3165387128108,9511.619243486362,0,0.03966769097912682,0
SRM,0.14,5000,false,false,194,true,1036.3165385696577,9511.61924769792,0,0.039667690959156156,0
SRM,0.14,5000,false,false,195,false,1036.3165389627654,9511.619236132707,0,0.03966769101399652,0
SRM,0.14,5000,false,false,196,true,1036.3165382538132,9511.619256990045,0,0.03966769091509443,0
SRM,0.14,5000,false,false,197,true,1036.316539083957,9511.61923256726,0,0.039667691030903354,0
SRM,0.14,5000,false,false,198,true,1036.316539076524,9511.61923278594,0,0.03966769102986627,0
SRM,0.14,5000,false,false,199,true,1036.3165387522365,9511.619242326467,0,0.03966769098462684,0
SRM,0.14,5000,false,false,200,false,1036.3165386113292,9511.619246471942,0,0.039667690964969596,0
SRM,0.14,5000,false,false,201,true,1036.3165386786566,9511.619244491176,0,0.03966769097436206,0
SRM,0.14,5000,false,false,202,true,1036.3165383337916,9511.61925463709,0,0.039667690926251824,0
SRM,0.14,5000,false,false,203,false,1036.316539009951,9511.619234744514,0,0.039667691020578974,0
SRM,0.14,5000,false,false,204,true,1036.3165387764818,9511.619241613167,0,0.039667690988009256,0
SRM,0.14,5000,false,false,205,false,1036.3165392119884,9511.61922880058,0,0.03966769104876409,0
SRM,0.14,5000,false,false,206,false,1036.3165382569769,9511.619256896975,0,0.039667690915535875,0
SRM,0.14,5000,false,false,207,true,1036.3165382602895,9511.619256799519,0,0.03966769091599793,0
SRM,0.14,5000,false,false,208,true,1036.3165384559336,9511.619251043674,0,0.039667690943291284,0
SRM,0.14,5000,false,false,209,true,1036.316538255397,9511.619256943455,0,0.039667690915315475,0
SRM,0.14,5000,false,false,210,true,1036.3165389946678,9511.619235194146,0,0.039667691018446964,0
SRM,0.14,5000,false,false,211,true,1036.3165386212659,9511.619246179613,0,0.0396676909663559,0
SRM,0.14,5000,false,false,212,true,1036.3165392556537,9511.619227515956,0,0.03966769105485591,0
SRM,0.14,5000,false,false,213,false,1036.3165386021988,9511.61924674056,0,0.03966769096369578,0
SRM,0.14,5000,false,false,214,true,1036.316538639157,9511.619245653252,0,0.039667690968851595,0
SRM,0.14,5000,false,false,215,true,1036.3165386399937,9511.619245628635,0,0.03966769096896851,0
SRM,0.14,5000,false,false,216,true,1036.3165386473781,9511.619245411388,0,0.03966769096999853,0
SRM,0.14,5000,false,false,217,true,1036.31653899532,9511.61923517495,0,0.03966769101853793,0
SRM,0.14,5000,false,false,218,true,1036.316538250127,9511.6192570985,0,0.03966769091458025,0
SRM,0.14,5000,false,false,219,true,1036.3165392301623,9511.619228265907,0,0.03966769105129937,0
SRM,0.14,5000,false,false,220,true,1036.3165391504351,9511.619230611477,0,0.039667691040177484,0
SRM,0.14,5000,false,false,221,true,1036.3165391111052,9511.619231768562,0,0.039667691034690755,0
SRM,0.14,5000,false,false,222,true,1036.3165391555876,9511.61923045989,0,0.039667691040895944,0
SRM,0.14,5000,false,false,223,true,1036.3165383286319,9511.619254788882,0,0.03966769092553206,0
SRM,0.14,5000,false,false,224,true,1036.3165386271955,9511.619246005157,0,0.039667690967182936,0
SRM,0.14,5000,false,false,225,true,1036.3165389090643,9511.619237712594,0,0.03966769100650511,0
SRM,0.14,5000,false,false,226,true,1036.3165384419406,9511.61925145535,0,0.039667690941339144,0
SRM,0.14,5000,false,false,227,true,1036.3165383893097,9511.619253003748,0,0.03966769093399684,0
SRM,0.14,5000,false,false,228,true,1036.316538892885,9511.61923818859,0,0.03966769100424805,0
SRM,0.14,5000,false,false,229,true,1036.3165392660771,9511.619227209289,0,0.03966769105630999,0
SRM,0.14,5000,false,false,230,false,1036.3165388589948,9511.619239185642,0,0.03966769099952012,0
SRM,0.14,5000,false,false,231,true,1036.3165382746713,9511.619256376405,0,0.03966769091800431,0
SRM,0.14,5000,false,false,232,false,1036.3165384848685,9511.619250192416,0,0.039667690947327694,0
SRM,0.14,5000,false,false,233,true,1036.3165390141135,9511.61923462205,0,0.03966769102115973,0
SRM,0.14,5000,false,false,234,true,1036.3165388701836,9511.61923885646,0,0.039667691001080974,0
SRM,0.14,5000,false,false,235,true,1036.3165383099347,9511.619255338957,0,0.03966769092292364,0
SRM,0.14,5000,false,false,236,true,1036.3165386541757,9511.619245211405,0,0.03966769097094686,0
SRM,0.14,5000,false,false,237,true,1036.3165392328779,9511.619228186013,0,0.0396676910516782,0
SRM,0.14,5000,false,false,238,true,1036.3165382947166,9511.619255786673,0,0.03966769092080076,0
SRM,0.14,5000,false,false,239,true,1036.316538322308,9511.619254974941,0,0.039667690924649786,0
SRM,0.14,5000,false,false,240,true,1036.316538254461,9511.61925697099,0,0.03966769091518489,0
SRM,0.14,5000,false,false,241,true,1036.316538484609,9511.619250200043,0,0.03966769094729153,0
SRM,0.14,5000,false,false,242,true,1036.3165392531362,9511.619227590012,0,0.039667691054504794,0
SRM,0.14,5000,false,false,243,false,1036.3165389704782,9511.619235905795,0,0.03966769101507241,0
SRM,0.14,5000,false,false,244,true,1036.3165390267766,9511.619234249503,0,0.03966769102292622,0
SRM,0.14,5000,false,false,245,false,1036.3165383273226,9511.619254827407,0,0.03966769092534947,0
SRM,0.14,5000,false,false,246,true,1036.3165385290902,9511.61924889142,0,0.03966769095349689,0
SRM,0.14,5000,false,false,247,true,1036.3165384552092,9511.619251064993,0,0.039667690943190136,0
SRM,0.14,5000,false,false,248,true,1036.316539013347,9511.6192346446,0,0.03966769102105308,0
SRM,0.14,5000,false,false,249,false,1036.316539136277,9511.619231028011,0,0.03966769103820231,0
SRM,0.14,5000,false,false,250,false,1036.3165384624613,9511.619250851638,0,0.03966769094420195,0
SRM,0.14,5000,false,false,251,true,1036.316538776993,9511.619241598126,0,0.03966769098808035,0
SRM,0.14,5000,false,false,252,true,1036.3165391204852,9511.619231492597,0,0.03966769103599939,0
SRM,0.14,5000,false,false,253,true,1036.3165391119317,9511.61923174424,0,0.03966769103480609,0
SRM,0.14,5000,false,false,254,false,1036.316539185864,9511.619229569162,0,0.039667691045120065,0
SRM,0.14,5000,false,false,255,true,1036.3165385880486,9511.619247156861,0,0.03966769096172183,0
SRM,0.14,-5000,false,false,0,false,1320,1312.7657499998306,0,0.038999691572451305,0
SRM,0.14,-5000,false,false,1,false,1320,1312.7657499998306,0,0.03899969158059153,0
SRM,0.14,-5000,false,false,2,false,1320,1312.7657499998313,0,0.03899969160204551,0
SRM,0.14,-5000,false,false,3,false,1320,1312.7657499998313,0,0.038999691569200676,0
SRM,0.14,-5000,false,false,4,false,1320,1312.7657499998306,0,0.03899969165543075,0
SRM,0.14,-5000,false,false,5,false,1320,1312.7657499998313,0,0.038999691617163504,0
SRM,0.14,-5000,false,false,6,false,1320,1312.7657499998309,0,0.038999691634381,0
SRM,0.14,-5000,false,false,7,false,1320,1312.7657499998306,0,0.03899969156187988,0
SRM,0.14,-5000,false,false,8,false,1320,1312.765749999831,0,0.0389996915811457,0
SRM,0.14,-5000,false,false,9,false,1320,1312.7657499998309,0,0.03899969165636651,0
SRM,0.14,-5000,false,false,10,false,1320,1312.7657499998309,0,0.03899969166812932,0
SRM,0.14,-5000,false,false,11,false,1320,1312.7657499998313,0,0.03899969165854835,0
SRM,0.14,-5000,false,false,12,false,1320,1312.7657499998306,0,0.03899969161550604,0
SRM,0.14,-5000,false,false,13,false,1320,1312.7657499998318,0,0.038999691599889155,0
SRM,0.14,-5000,false,false,14,false,1320,1312.7657499998306,0,0.038999691639028965,0
SRM,0.14,-5000,false,false,15,false,1320,1312.7657499998309,0,0.03899969166550249,0
SRM,0.14,-5000,false,false,16,false,1320,1312.765749999831,0,0.03899969156593436,0
SRM,0.14,-5000,false,false,17,false,1320,1312.7657499998309,0,0.03899969163268404,0
SRM,0.14,-5000,false,false,18,false,1320,1312.765749999831,0,0.03899969156403803,0
SRM,0.14,-5000,false,false,19,false,1320,1312.765749999831,0,0.03899969164868505,0
SRM,0.14,-5000,false,false,20,false,1320,1312.7657499998315,0,0.038999691584097634,0
SRM,0.14,-5000,false,false,21,false,1320,1312.7657499998306,0,0.03899969157380288,0
SRM,0.14,-5000,false,false,22,false,1320,1312.7657499998309,0,0.03899969156518863,0
SRM,0.14,-5000,false,false,23,false,1320,1312.7657499998309,0,0.03899969157129322,0
SRM,0.14,-5000,false,false,24,false,1320,1312.7657499998309,0,0.03899969164314421,0
SRM,0.14,-5000,false,false,25,false,1320,1312.765749999831,0,0.03899969166639615,0
SRM,0.14,-5000,false,false,26,false,1320,1312.7657499998313,0,0.03899969157180783,0
SRM,0.14,-5000,false,false,27,false,1320,1312.7657499998306,0,0.038999691581660584,0
SRM,0.14,-5000,false,false,28,false,1320,1312.7657499998306,0,0.0389996915635489,0
SRM,0.14,-5000,false,false,29,false,1320,1312.7657499998309,0,0.03899969161601711,0
SRM,0.14,-5000,false,false,30,false,1320,1312.765749999831,0,0.03899969166852019,0
SRM,0.14,-5000,false,false,31,false,1320,1312.765749999831,0,0.038999691561851985,0
SRM,0.14,-5000,false,false,32,false,1320,1312.7657499998309,0,0.03899969164741315,0
SRM,0.14,-5000,false,false,33,false,1320,1312.7657499998309,0,0.03899969167690848,0
SRM,0.14,-5000,false,false,34,false,1320,1312.7657499998309,0,0.038999691632009996,0
SRM,0.14,-5000,false,false,35,false,1320,1312.7657499998306,0,0.03899969166706069,0
SRM,0.14,-5000,false,false,36,false,1320,1312.7657499998309,0,0.03899969162167809,0
SRM,0.14,-5000,false,false,37,false,1320,1312.7657499998306,0,0.03899969163854267,0
SRM,0.14,-5000,false,false,38,false,1320,1312.765749999831,0,0.03899969166791486,0
SRM,0.14,-5000,false,false,39,false,1320,1312.765749999831,0,0.03899969158034486,0
SRM,0.14,-5000,false,false,40,false,1320,1312.7657499998306,0,0.03899969156085158,0
SRM,0.14,-5000,false,false,41,false,1320,1312.7657499998306,0,0.038999691572146486,0
SRM,0.14,-5000,false,false,42,false,1320,1312.7657499998309,0,0.03899969158488638,0
SRM,0.14,-5000,false,false,43,false,1320,1312.7657499998306,0,0.03899969165566465,0
SRM,0.14,-5000,false,false,44,false,1320,1312.7657499998306,0,0.0389996916558076,0
SRM,0.14,-5000,false,false,45,false,1320,1312.7657499998306,0,0.038999691675414824,0
SRM,0.14,-5000,false,false,46,false,1320,1312.7657499998306,0,0.038999691570125825,0
SRM,0.14,-5000,false,false,47,false,1320,1312.7657499998309,0,0.03899969160750552,0
SRM,0.14,-5000,false,false,48,false,1320,1312.7657499998309,0,0.03899969161039635,0
SRM,0.14,-5000,false,false,49,false,1320,1312.7657499998306,0,0.038999691654372566,0
SRM,0.14,-5000,false,false,50,false,1320,1312.765749999831,0,0.03899969157957432,0
SRM,0.14,-5000,false,false,51,false,1320,1312.7657499998309,0,0.03899969156128491,0
SRM,0.14,-5000,false,false,52,false,1320,1312.7657499998306,0,0.038999691667098296,0
SRM,0.14,-5000,false,false,53,false,1320,1312.7657499998309,0,0.03899969160137508,0
SRM,0.14,-5000,false,false,54,false,1320,1312.7657499998309,0,0.03899969160666553,0
SRM,0.14,-5000,false,false,55,false,1320,1312.765749999831,0,0.038999691660958825,0
SRM,0.14,-5000,false,false,56,false,1320,1312.7657499998309,0,0.03899969165025294,0
SRM,0.14,-5000,false,false,57,false,1320,1312.7657499998313,0,0.03899969156552729,0
SRM,0.14,-5000,false,false,58,false,1320,1312.7657499998306,0,0.03899969161985606,0
SRM,0.14,-5000,false,false,59,false,1320,1312.7657499998306,0,0.038999691561390284,0
SRM,0.14,-5000,false,false,60,false,1320,1312.7657499998306,0,0.03899969157611741,0
SRM,0.14,-5000,false,false,61,false,1320,1312.7657499998306,0,0.038999691566170336,0
SRM,0.14,-5000,false,false,62,false,1320,1312.7657499998306,0,0.03899969159048452,0
SRM,0.14,-5000,false,false,63,false,1320,1312.7657499998306,0,0.0389996915607877,0
SRM,0.14,-5000,false,false,64,false,1320,1312.7657499998309,0,0.038999691648658096,0
SRM,0.14,-5000,false,false,65,false,1320,1312.765749999831,0,0.03899969159683849,0
SRM,0.14,-5000,false,false,66,false,1320,1312.7657499998306,0,0.03899969156366187,0
SRM,0.14,-5000,false,false,67,false,1320,1312.765749999831,0,0.03899969157548359,0
SRM,0.14,-5000,false,false,68,false,1320,1312.7657499998306,0,0.03899969156161536,0
SRM,0.14,-5000,false,false,69,false,1320,1312.7657499998306,0,0.03899969163117289,0
SRM,0.14,-5000,false,false,70,false,1320,1312.7657499998313,0,0.038999691574425656,0
SRM,0.14,-5000,false,false,71,false,1320,1312.7657499998309,0,0.038999691562257084,0
SRM,0.14,-5000,false,false,72,false,1320,1312.7657499998309,0,0.038999691652120916,0
SRM,0.14,-5000,false,false,73,false,1320,1312.7657499998306,0,0.038999691563613326,0
SRM,0.14,-5000,false,false,74,false,1320,1312.7657499998306,0,0.038999691586232586,0
SRM,0.14,-5000,false,false,75,false,1320,1312.7657499998306,0,0.03899969159668785,0
SRM,0.14,-5000,false,false,76,false,1320,1312.765749999831,0,0.03899969166787768,0
SRM,0.14,-5000,false,false,77,false,1320,1312.7657499998309,0,0.038999691560995295,0
SRM,0.14,-5000,false,false,78,false,1320,1312.7657499998313,0,0.03899969158321233,0
SRM,0.14,-5000,false,false,79,false,1320,1312.7657499998309,0,0.038999691600921156,0
SRM,0.14,-5000,false,false,80,false,1320,1312.7657499998309,0,0.03899969162384089,0
SRM,0.14,-5000,false,false,81,false,1320,1312.7657499998313,0,0.038999691600481765,0
SRM,0.14,-5000,false,false,82,false,1320,1312.7657499998309,0,0.03899969162004336,0
SRM,0.14,-5000,false,false,83,false,1320,1312.7657499998309,0,0.03899969164812476,0
SRM,0.14,-5000,false,false,84,false,1320,1312.7657499998309,0,0.038999691598762334,0
SRM,0.14,-5000,false,false,85,false,1320,1312.7657499998309,0,0.03899969159446213,0
SRM,0.14,-5000,false,false,86,false,1320,1312.7657499998306,0,0.038999691565723624,0
SRM,0.14,-5000,false,false,87,false,1320,1312.7657499998309,0,0.03899969158089441,0
SRM,0.14,-5000,false,false,88,false,1320,1312.765749999831,0,0.038999691651653984,0
SRM,0.14,-5000,false,false,89,false,1320,1312.7657499998309,0,0.03899969160521624,0
SRM,0.14,-5000,false,false,90,false,1320,1312.7657499998306,0,0.0389996915758866,0
SRM,0.14,-5000,false,false,91,false,1320,1312.7657499998309,0,0.038999691646887207,0
SRM,0.14,-5000,false,false,92,false,1320,1312.7657499998309,0,0.038999691575869216,0
SRM,0.14,-5000,false,false,93,false,1320,1312.7657499998306,0,0.03899969159159596,0
SRM,0.14,-5000,false,false,94,false,1320,1312.7657499998306,0,0.03899969162581804,0
SRM,0.14,-5000,false,false,95,false,1320,1312.7657499998309,0,0.03899969156957372,0
SRM,0.14,-5000,false,false,96,false,1320,1312.7657499998309,0,0.038999691566026465,0
SRM,0.14,-5000,false,false,97,false,1320,1312.7657499998306,0,0.03899969164661366,0
SRM,0.14,-5000,false,false,98,false,1320,1312.765749999831,0,0.038999691584645564,0
SRM,0.14,-5000,false,false,99,false,1320,1312.7657499998313,0,0.03899969159495136,0
SRM,0.14,-5000,false,false,100,false,1320,1312.765749999831,0,0.038999691650182224,0
SRM,0.14,-5000,false,false,101,false,1320,1312.7657499998309,0,0.038999691594632076,0
SRM,0.14,-5000,false,false,102,false,1320,1312.7657499998309,0,0.038999691575194624,0
SRM,0.14,-5000,false,false,103,false,1320,1312.7657499998306,0,0.038999691617165204,0
SRM,0.14,-5000,false,false,104,false,1320,1312.7657499998306,0,0.038999691617254265,0
SRM,0.14,-5000,false,false,105,false,1320,1312.7657499998309,0,0.038999691609293716,0
SRM,0.14,-5000,false,false,106,false,1320,1312.765749999831,0,0.038999691670564475,0
SRM,0.14,-5000,false,false,107,false,1320,1312.7657499998309,0,0.03899969165351196,0
SRM,0.14,-5000,false,false,108,false,1320,1312.7657499998309,0,0.038999691564396706,0
SRM,0.14,-5000,false,false,109,false,1320,1312.7657499998309,0,0.038999691608463234,0
SRM,0.14,-5000,false,false,110,false,1320,1312.7657499998306,0,0.038999691585050664,0
SRM,0.14,-5000,false,false,111,false,1320,1312.7657499998309,0,0.038999691621440895,0
SRM,0.14,-5000,false,false,112,false,1320,1312.7657499998309,0,0.03899969158275109,0
SRM,0.14,-5000,false,false,113,false,1320,1312.7657499998309,0,0.0389996915651434,0
SRM,0.14,-5000,false,false,114,false,1320,1312.7657499998306,0,0.03899969159214548,0
SRM,0.14,-5000,false,false,115,false,1320,1312.7657499998313,0,0.038999691581599015,0
SRM,0.14,-5000,false,false,116,false,1320,1312.7657499998306,0,0.038999691565026265,0
SRM,0.14,-5000,false,false,117,false,1320,1312.7657499998306,0,0.038999691565750845,0
SRM,0.14,-5000,false,false,118,false,1320,1312.7657499998309,0,0.038999691630723095,0
SRM,0.14,-5000,false,false,119,false,1320,1312.7657499998309,0,0.03899969159384903,0
SRM,0.14,-5000,false,false,120,false,1320,1312.7657499998306,0,0.03899969158856101,0
SRM,0.14,-5000,false,false,121,false,1320,1312.7657499998309,0,0.03899969156298618,0
SRM,0.14,-5000,false,false,122,false,1320,1312.7657499998313,0,0.03899969164617225,0
SRM,0.14,-5000,false,false,123,false,1320,1312.7657499998306,0,0.038999691569602916,0
SRM,0.14,-5000,false,false,124,false,1320,1312.7657499998306,0,0.03899969158429554,0
SRM,0.14,-5000,false,false,125,false,1320,1312.7657499998309,0,0.03899969166904811,0
SRM,0.14,-5000,false,false,126,false,1320,1312.7657499998313,0,0.03899969166224385,0
SRM,0.14,-5000,false,false,127,false,1320,1312.765749999831,0,0.03899969164418019,0
SRM,0.14,-5000,false,false,128,false,1320,1312.7657499998306,0,0.03899969156740026,0
SRM,0.14,-5000,false,false,129,false,1320,1312.7657499998318,0,0.03899969157367023,0
SRM,0.14,-5000,false,false,130,false,1320,1312.7657499998309,0,0.03899969158957675,0
SRM,0.14,-5000,false,false,131,false,1320,1312.765749999831,0,0.038999691673373645,0
SRM,0.14,-5000,false,false,132,false,1320,1312.7657499998306,0,0.038999691649919094,0
SRM,0.14,-5000,false,false,133,false,1320,1312.765749999831,0,0.03899969160060603,0
SRM,0.14,-5000,false,false,134,false,1320,1312.765749999831,0,0.038999691651240447,0
SRM,0.14,-5000,false,false,135,false,1320,1312.7657499998306,0,0.0389996916497099,0
SRM,0.14,-5000,false,false,136,false,1320,1312.7657499998313,0,0.03899969158793095,0
SRM,0.14,-5000,false,false,137,false,1320,1312.765749999831,0,0.03899969156365594,0
SRM,0.14,-5000,false,false,138,false,1320,1312.7657499998306,0,0.03899969163433535,0
SRM,0.14,-5000,false,false,139,false,1320,1312.7657499998313,0,0.03899969158773719,0
SRM,0.14,-5000,false,false,140,false,1320,1312.7657499998306,0,0.03899969156182825,0
SRM,0.14,-5000,false,false,141,false,1320,1312.7657499998309,0,0.03899969156120933,0
SRM,0.14,-5000,false,false,142,false,1320,1312.7657499998313,0,0.038999691575959006,0
SRM,0.14,-5000,false,false,143,false,1320,1312.7657499998309,0,0.03899969156092227,0
SRM,0.14,-5000,false,false,144,false,1320,1312.7657499998306,0,0.038999691562682015,0
SRM,0.14,-5000,false,false,145,false,1320,1312.7657499998309,0,0.038999691567148255,0
SRM,0.14,-5000,false,false,146,false,1320,1312.7657499998306,0,0.03899969160140779,0
SRM,0.14,-5000,false,false,147,false,1320,1312.7657499998306,0,0.03899969157533308,0
SRM,0.14,-5000,false,false,148,false,1320,1312.7657499998306,0,0.0389996915936617,0
SRM,0.14,-5000,false,false,149,false,1320,1312.7657499998309,0,0.03899969159125441,0
SRM,0.14,-5000,false,false,150,false,1320,1312.7657499998309,0,0.03899969165376971,0
SRM,0.14,-5000,false,false,151,false,1320,1312.7657499998306,0,0.038999691653302145,0
SRM,0.14,-5000,false,false,152,false,1320,1312.7657499998306,0,0.03899969159948128,0
SRM,0.14,-5000,false,false,153,false,1320,1312.7657499998313,0,0.038999691605945165,0
SRM,0.14,-5000,false,false,154,false,1320,1312.7657499998306,0,0.03899969159280668,0
SRM,0.14,-5000,false,false,155,false,1320,1312.7657499998313,0,0.03899969163561709,0
SRM,0.14,-5000,false,false,156,false,1320,1312.7657499998318,0,0.03899969156135335,0
SRM,0.14,-5000,false,false,157,false,1320,1312.765749999831,0,0.03899969156927987,0
SRM,0.14,-5000,false,false,158,false,1320,1312.7657499998309,0,0.0389996915709133,0
SRM,0.14,-5000,false,false,159,false,1320,1312.7657499998313,0,0.03899969159232857,0
SRM,0.14,-5000,false,false,160,false,1320,1312.7657499998309,0,0.03899969160719369,0
SRM,0.14,-5000,false,false,161,false,1320,1312.765749999831,0,0.03899969157073412,0
SRM,0.14,-5000,false,false,162,false,1320,1312.7657499998309,0,0.03899969158347114,0
SRM,0.14,-5000,false,false,163,false,1320,1312.7657499998309,0,0.03899969166837101,0
SRM,0.14,-5000,false,false,164,false,1320,1312.7657499998309,0,0.03899969167495397,0
SRM,0.14,-5000,false,false,165,false,1320,1312.7657499998309,0,0.03899969157007179,0
SRM,0.14,-5000,false,false,166,false,1320,1312.7657499998309,0,0.03899969165969894,0
SRM,0.14,-5000,false,false,167,false,1320,1312.7657499998306,0,0.0389996915684848,0
SRM,0.14,-5000,false,false,168,false,1320,1312.7657499998306,0,0.03899969166230148,0
SRM,0.14,-5000,false,false,169,false,1320,1312.7657499998309,0,0.03899969160072851,0
SRM,0.14,-5000,false,false,170,false,1320,1312.7657499998306,0,0.038999691571686174,0
SRM,0.14,-5000,false,false,171,false,1320,1312.7657499998306,0,0.038999691634163926,0
SRM,0.14,-5000,false,false,172,false,1320,1312.7657499998309,0,0.03899969156611855,0
SRM,0.14,-5000,false,false,173,false,1320,1312.7657499998306,0,0.038999691625571695,0
SRM,0.14,-5000,false,false,174,false,1320,1312.7657499998313,0,0.03899969164308953,0
SRM,0.14,-5000,false,false,175,false,1320,1312.7657499998306,0,0.038999691563247944,0
SRM,0.14,-5000,false,false,176,false,1320,1312.7657499998313,0,0.03899969156118781,0
SRM,0.14,-5000,false,false,177,false,1320,1312.7657499998306,0,0.03899969164087104,0
SRM,0.14,-5000,false,false,178,false,1320,1312.765749999831,0,0.03899969159677486,0
SRM,0.14,-5000,false,false,179,false,1320,1312.7657499998309,0,0.03899969160013949,0
SRM,0.14,-5000,false,false,180,false,1320,1312.7657499998309,0,0.038999691647935264,0
SRM,0.14,-5000,false,false,181,false,1320,1312.7657499998306,0,0.038999691560893494,0
SRM,0.14,-5000,false,false,182,false,1320,1312.7657499998306,0,0.038999691591842855,0
SRM,0.14,-5000,false,false,183,false,1320,1312.7657499998313,0,0.038999691586864296,0
SRM,0.14,-5000,false,false,184,false,1320,1312.7657499998306,0,0.03899969156103023,0
SRM,0.14,-5000,false,false,185,false,1320,1312.7657499998306,0,0.03899969161497148,0
SRM,0.14,-5000,false,false,186,false,1320,1312.7657499998309,0,0.03899969163603136,0
SRM,0.14,-5000,false,false,187,false,1320,1312.7657499998306,0,0.03899969161602175,0
SRM,0.14,-5000,false,false,188,false,1320,1312.7657499998309,0,0.038999691566878714,0
SRM,0.14,-5000,false,false,189,false,1320,1312.7657499998306,0,0.03899969159445139,0
SRM,0.14,-5000,false,false,190,false,1320,1312.7657499998309,0,0.03899969162878373,0
SRM,0.14,-5000,false,false,191,false,1320,1312.7657499998306,0,0.03899969166176355,0
SRM,0.14,-5000,false,false,192,false,1320,1312.7657499998309,0,0.03899969167239501,0
SRM,0.14,-5000,false,false,193,false,1320,1312.7657499998309,0,0.03899969161375417,0
SRM,0.14,-5000,false,false,194,false,1320,1312.7657499998309,0,0.03899969159736545,0
SRM,0.14,-5000,false,false,195,false,1320,1312.7657499998309,0,0.03899969164236998,0
SRM,0.14,-5000,false,false,196,false,1320,1312.7657499998306,0,0.03899969156120636,0
SRM,0.14,-5000,false,false,197,false,1320,1312.7657499998306,0,0.03899969165624429,0
SRM,0.14,-5000,false,false,198,false,1320,1312.7657499998306,0,0.03899969165539332,0
SRM,0.14,-5000,false,false,199,false,1320,1312.7657499998306,0,0.038999691618267586,0
SRM,0.14,-5000,false,false,200,false,1320,1312.7657499998309,0,0.038999691602136136,0
SRM,0.14,-5000,false,false,201,false,1320,1312.7657499998306,0,0.03899969160984433,0
SRM,0.14,-5000,false,false,202,false,1320,1312.7657499998309,0,0.0389996915703627,0
SRM,0.14,-5000,false,false,203,false,1320,1312.7657499998309,0,0.038999691647771915,0
SRM,0.14,-5000,false,false,204,false,1320,1312.7657499998309,0,0.03899969162104347,0
SRM,0.14,-5000,false,false,205,false,1320,1312.7657499998306,0,0.03899969167090196,0
SRM,0.14,-5000,false,false,206,false,1320,1312.7657499998309,0,0.03899969156156848,0
SRM,0.14,-5000,false,false,207,false,1320,1312.7657499998309,0,0.03899969156194817,0
SRM,0.14,-5000,false,false,208,false,1320,1312.7657499998309,0,0.03899969158434596,0
SRM,0.14,-5000,false,false,209,false,1320,1312.7657499998306,0,0.038999691561387786,0
SRM,0.14,-5000,false,false,210,false,1320,1312.7657499998309,0,0.038999691646022266,0
SRM,0.14,-5000,false,false,211,false,1320,1312.7657499998306,0,0.038999691603273656,0
SRM,0.14,-5000,false,false,212,false,1320,1312.7657499998309,0,0.03899969167590069,0
SRM,0.14,-5000,false,false,213,false,1320,1312.7657499998309,0,0.03899969160109105,0
SRM,0.14,-5000,false,false,214,false,1320,1312.7657499998306,0,0.03899969160532227,0
SRM,0.14,-5000,false,false,215,false,1320,1312.7657499998306,0,0.03899969160541806,0
SRM,0.14,-5000,false,false,216,false,1320,1312.765749999831,0,0.03899969160626325,0
SRM,0.14,-5000,false,false,217,false,1320,1312.7657499998306,0,0.03899969164609698,0
SRM,0.14,-5000,false,false,218,false,1320,1312.7657499998306,0,0.0389996915607844,0
SRM,0.14,-5000,false,false,219,false,1320,1312.7657499998309,0,0.03899969167298264,0
SRM,0.14,-5000,false,false,220,false,1320,1312.7657499998313,0,0.038999691663854814,0
SRM,0.14,-5000,false,false,221,false,1320,1312.7657499998306,0,0.0389996916593524,0
SRM,0.14,-5000,false,false,222,false,1320,1312.765749999831,0,0.038999691664444905,0
SRM,0.14,-5000,false,false,223,false,1320,1312.7657499998309,0,0.03899969156977217,0
SRM,0.14,-5000,false,false,224,false,1320,1312.765749999831,0,0.03899969160395243,0
SRM,0.14,-5000,false,false,225,false,1320,1312.7657499998309,0,0.038999691636221905,0
SRM,0.14,-5000,false,false,226,false,1320,1312.7657499998309,0,0.03899969158274412,0
SRM,0.14,-5000,false,false,227,false,1320,1312.765749999831,0,0.0389996915767187,0
SRM,0.14,-5000,false,false,228,false,1320,1312.7657499998309,0,0.038999691634369386,0
SRM,0.14,-5000,false,false,229,false,1320,1312.7657499998309,0,0.03899969167709386,0
SRM,0.14,-5000,false,false,230,false,1320,1312.7657499998306,0,0.038999691630489566,0
SRM,0.14,-5000,false,false,231,false,1320,1312.7657499998306,0,0.03899969156359487,0
SRM,0.14,-5000,false,false,232,false,1320,1312.7657499998309,0,0.0389996915876584,0
SRM,0.14,-5000,false,false,233,false,1320,1312.7657499998306,0,0.038999691648248486,0
SRM,0.14,-5000,false,false,234,false,1320,1312.7657499998309,0,0.03899969163177091,0
SRM,0.14,-5000,false,false,235,false,1320,1312.765749999831,0,0.038999691567631355,0
SRM,0.14,-5000,false,false,236,false,1320,1312.7657499998306,0,0.038999691607041295,0
SRM,0.14,-5000,false,false,237,false,1320,1312.7657499998306,0,0.03899969167329366,0
SRM,0.14,-5000,false,false,238,false,1320,1312.7657499998306,0,0.038999691565889505,0
SRM,0.14,-5000,false,false,239,false,1320,1312.765749999831,0,0.03899969156904813,0
SRM,0.14,-5000,false,false,240,false,1320,1312.765749999831,0,0.038999691561280324,0
SRM,0.14,-5000,false,false,241,false,1320,1312.7657499998313,0,0.03899969158762868,0
SRM,0.14,-5000,false,false,242,false,1320,1312.7657499998309,0,0.038999691675612375,0
SRM,0.14,-5000,false,false,243,false,1320,1312.765749999831,0,0.03899969164325295,0
SRM,0.14,-5000,false,false,244,false,1320,1312.7657499998318,0,0.03899969164969803,0
SRM,0.14,-5000,false,false,245,false,1320,1312.7657499998309,0,0.03899969156962199,0
SRM,0.14,-5000,false,false,246,false,1320,1312.7657499998309,0,0.038999691592721535,0
SRM,0.14,-5000,false,false,247,false,1320,1312.7657499998306,0,0.038999691584263224,0
SRM,0.14,-5000,false,false,248,false,1320,1312.7657499998306,0,0.038999691648160445,0
SRM,0.14,-5000,false,false,249,false,1320,1312.7657499998306,0,0.03899969166223396,0
SRM,0.14,-5000,false,false,250,false,1320,1312.7657499998306,0,0.0389996915850936,0
SRM,0.14,-5000,false,false,251,false,1320,1312.7657499998306,0,0.03899969162110194,0
SRM,0.14,-5000,false,false,252,false,1320,1312.7657499998306,0,0.03899969166042621,0
SRM,0.14,-5000,false,false,253,false,1320,1312.7657499998309,0,0.038999691659446827,0
SRM,0.14,-5000,false,false,254,false,1320,1312.7657499998306,0,0.038999691667910896,0
SRM,0.14,-5000,false,false,255,false,1320,1312.7657499998306,0,0.03899969159947109,0
LRM,0.13999999999999999,0,false,false,0,true,1687.7089906279332,30173.842936020657,0,0.099752422101357,0
LRM,0.13999999999999999,0,false,false,1,true,1687.7089909120705,30173.84293184101,0,0.0997524221091623,0
LRM,0.13999999999999999,0,false,false,2,true,1687.7089916609516,30173.84292082498,0,0.09975242212973366,0
LRM,0.13999999999999999,0,false,false,3,false,1687.7089905144694,30173.8429376897,0,0.09975242209824015,0
LRM,0.13999999999999999,0,false,false,4,true,1687.7089935245829,30173.842893411005,0,0.09975242218092252,0
LRM,0.13999999999999999,0,false,false,5,true,1687.7089921886643,30173.84291306234,0,0.09975242214423019,0
LRM,0.13999999999999999,0,false,false,6,true,1687.7089927898003,30173.842904219648,0,0.0997524221607389,0
LRM,0.13999999999999999,0,false,false,7,true,1687.7089902589053,30173.84294144905,0,0.09975242209122014,0
LRM,0.13999999999999999,0,false,false,8,true,1687.7089909314252,30173.842931556293,0,0.09975242210969383,0
LRM,0.13999999999999999,0,false,false,9,true,1687.7089935571014,30173.84289293267,0,0.09975242218182034,0
LRM,0.13999999999999999,0,false,false,10,true,1687.7089939678638,30173.842886890372,0,0.09975242219309881,0
LRM,0.13999999999999999,0,false,false,11,false,1687.7089936333662,30173.842891810826,0,0.09975242218391199,0
LRM,0.13999999999999999,0,false,false,12,true,1687.7089921308643,30173.84291391258,0,0.09975242214264053,0
LRM,0.13999999999999999,0,false,false,13,true,1687.7089915857166,30173.842921931697,0,0.09975242212766613,0
LRM,0.13999999999999999,0,false,false,14,true,1687.7089929519605,30173.842901834283,0,0.09975242216519585,0
LRM,0.13999999999999999,0,false,false,15,false,1687.7089938761108,30173.842888240044,0,0.09975242219058036,0
LRM,0.13999999999999999,0,false,false,16,true,1687.7089904004417,30173.842939367063,0,0.09975242209510816,0
LRM,0.13999999999999999,0,false,false,17,true,1687.7089927305362,30173.842905091406,0,0.09975242215911195,0
LRM,0.13999999999999999,0,false,false,18,true,1687.7089903342378,30173.84294034091,0,0.09975242209328941,0
LRM,0.13999999999999999,0,false,false,19,true,1687.708993289093,30173.842896875063,0,0.09975242217445474,0
LRM,0.13999999999999999,0,false,false,20,true,1687.7089910344432,30173.842930040908,0,0.09975242211252389,0
LRM,0.13999999999999999,0,false,false,21,true,1687.7089906751044,30173.842935326767,0,0.09975242210265287,0
LRM,0.13999999999999999,0,false,false,22,true,1687.7089903744247,30173.842939749753,0,0.09975242209439343,0
LRM,0.13999999999999999,0,false,false,23,true,1687.70899058753,30173.84293661499,0,0.09975242210024694,0
LRM,0.13999999999999999,0,false,false,24,true,1687.7089930956165,30173.8428997211,0,0.09975242216914205,0
LRM,0.13999999999999999,0,false,false,25,true,1687.7089939073926,30173.84288777989,0,0.09975242219143696,0
LRM,0.13999999999999999,0,false,false,26,true,1687.7089906054944,30173.84293635074,0,0.09975242210074022,0
LRM,0.13999999999999999,0,false,false,27,true,1687.7089909494077,30173.84293129178,0,0.09975242211018724,0
LRM,0.13999999999999999,0,false,false,28,true,1687.708990317177,30173.84294059187,0,0.09975242209282077,0
LRM,0.13999999999999999,0,false,false,29,true,1687.708992148668,30173.8429136507,0,0.09975242214313056,0
LRM,0.13999999999999999,0,false,false,30,true,1687.7089939814555,30173.842886690432,0,0.09975242219347394,0
LRM,0.13999999999999999,0,false,false,31,true,1687.708990257926,30173.842941463456,0,0.0997524220911932,0
LRM,0.13999999999999999,0,false,false,32,false,1687.7089932445683,30173.842897530023,0,0.09975242217323523,0
LRM,0.13999999999999999,0,false,false,33,true,1687.7089942743346,30173.842882382192,0,0.09975242220151719,0
LRM,0.13999999999999999,0,false,false,34,true,1687.7089927069217,30173.84290543879,0,0.09975242215846576,0
LRM,0.13999999999999999,0,false,false,35,true,1687.7089939305504,30173.842887439245,0,0.09975242219207424,0
LRM,0.13999999999999999,0,false,false,36,true,1687.7089923462818,30173.84291074378,0,0.09975242214855869,0
LRM,0.13999999999999999,0,false,false,37,true,1687.7089929349563,30173.84290208441,0,0.09975242216472968,0
LRM,0.13999999999999999,0,false,false,38,true,1687.7089939602263,30173.842887002713,0,0.09975242219289378,0
LRM,0.13999999999999999,0,false,false,39,true,1687.7089909034785,30173.84293196739,0,0.09975242210892571,0
LRM,0.13999999999999999,0,false,false,40,true,1687.7089902230405,30173.84294197663,0,0.09975242209023484,0
LRM,0.13999999999999999,0,false,false,41,true,1687.7089906172898,30173.842936177214,0,0.09975242210106484,0
LRM,0.13999999999999999,0,false,false,42,true,1687.7089910620018,30173.842929635528,0,0.09975242211328056,0
LRM,0.13999999999999999,0,false,false,43,true,1687.7089935326976,30173.842893291643,0,0.09975242218114704,0
LRM,0.13999999999999999,0,false,false,44,true,1687.7089935377705,30173.84289321702,0,0.09975242218128422,0
LRM,0.13999999999999999,0,false,false,45,true,1687.708994222015,30173.842883151803,0,0.09975242220008516,0
LRM,0.13999999999999999,0,false,false,46,true,1687.708990546746,30173.842937214915,0,0.09975242209912663,0
LRM,0.13999999999999999,0,false,false,47,true,1687.7089918515983,30173.842918020568,0,0.09975242213496906,0
LRM,0.13999999999999999,0,false,false,48,true,1687.7089919524929,30173.84291653641,0,0.09975242213774123,0
LRM,0.13999999999999999,0,false,false,49,true,1687.7089934874932,30173.842893956597,0,0.09975242217990848,0
LRM,0.13999999999999999,0,false,false,50,true,1687.7089908765993,30173.842932362793,0,0.09975242210818733,0
LRM,0.13999999999999999,0,false,false,51,true,1687.7089902381608,30173.842941754207,0,0.0997524220906503,0
LRM,0.13999999999999999,0,false,false,52,true,1687.708993931889,30173.842887419545,0,0.0997524221921103,0
LRM,0.13999999999999999,0,false,false,53,true,1687.7089916376074,30173.842921168372,0,0.09975242212909081,0
LRM,0.13999999999999999,0,false,false,54,true,1687.7089918222687,30173.842918452006,0,0.09975242213416391,0
LRM,0.13999999999999999,0,false,false,55,true,1687.708993717418,30173.84289057441,0,0.09975242218622384,0
LRM,0.13999999999999999,0,false,false,56,true,1687.7089933437262,30173.842896071415,0,0.09975242217595805,0
LRM,0.13999999999999999,0,false,false,57,true,1687.7089903862402,30173.842939575956,0,0.099752422094718,0
LRM,0.13999999999999999,0,false,false,58,true,1687.7089922826658,30173.842911679603,0,0.09975242214681175,0
LRM,0.13999999999999999,0,false,false,59,true,1687.7089902418265,30173.842941700274,0,0.09975242209075103,0
LRM,0.13999999999999999,0,false,false,60,true,1687.7089907559243,30173.842934137912,0,0.09975242210487242,0
LRM,0.13999999999999999,0,false,false,61,true,1687.7089904086806,30173.842939245857,0,0.09975242209533433,0
LRM,0.13999999999999999,0,false,false,62,true,1687.7089912574243,30173.842926760874,0,0.0997524221186488,0
LRM,0.13999999999999999,0,false,false,63,true,1687.7089902208043,30173.842942009513,0,0.09975242209017353,0
LRM,0.13999999999999999,0,false,false,64,true,1687.7089932880979,30173.84289688971,0,0.09975242217442909,0
LRM,0.13999999999999999,0,false,false,65,true,1687.7089914791989,30173.842923498567,0,0.09975242212474107,0
LRM,0.13999999999999999,0,false,false,66,true,1687.7089903211179,30173.842940533905,0,0.09975242209292894,0
LRM,0.13999999999999999,0,false,false,67,true,1687.7089907337738,30173.842934463733,0,0.0997524221042646,0
LRM,0.13999999999999999,0,false,false,68,true,1687.7089902496796,30173.842941584753,0,0.09975242209096673,0
LRM,0.13999999999999999,0,false,false,69,false,1687.7089926777217,30173.84290586832,0,0.0997524221576631,0
LRM,0.13999999999999999,0,false,false,70,true,1687.7089906968365,30173.842935007095,0,0.09975242210325004,0
LRM,0.13999999999999999,0,false,false,71,true,1687.7089902720793,30173.84294125526,0,0.09975242209158203,0
LRM,0.13999999999999999,0,false,false,72,true,1687.7089934090754,30173.84289511012,0,0.09975242217774907,0
LRM,0.13999999999999999,0,false,false,73,true,1687.708990319412,30173.84294055901,0,0.09975242209288225,0
LRM,0.13999999999999999,0,false,false,74,true,1687.7089911090168,30173.842928943934,0,0.09975242211457111,0
LRM,0.13999999999999999,0,false,false,75,true,1687.70899147396,30173.842923575627,0,0.09975242212459619,0
LRM,0.13999999999999999,0,false,false,76,true,1687.7089939591,30173.842887019262,0,0.0997524221928576,0
LRM,0.13999999999999999,0,false,false,77,true,1687.7089902280227,30173.84294190333,0,0.09975242209037175,0
LRM,0.13999999999999999,0,false,false,78,true,1687.708991003559,30173.84293049521,0,0.09975242211167516,0
LRM,0.13999999999999999,0,false,false,79,true,1687.7089916217365,30173.842921401832,0,0.09975242212865579,0
LRM,0.13999999999999999,0,false,false,80,true,1687.7089924218676,30173.842909631927,0,0.09975242215063239,0
LRM,0.13999999999999999,0,false,false,81,true,1687.7089916064076,30173.842921627318,0,0.09975242212823435,0
LRM,0.13999999999999999,0,false,false,82,true,1687.7089922892449,30173.8429115828,0,0.09975242214699125,0
LRM,0.13999999999999999,0,false,false,83,true,1687.7089932695128,30173.84289716309,0,0.0997524221739173,0
LRM,0.13999999999999999,0,false,false,84,true,1687.708991546409,30173.84292250991,0,0.09975242212658574,0
LRM,0.13999999999999999,0,false,false,85,true,1687.7089913962875,30173.842924718185,0,0.09975242212246212,0
LRM,0.13999999999999999,0,false,false,86,true,1687.708990393085,30173.84293947528,0,0.09975242209490598,0
LRM,0.13999999999999999,0,false,false,87,true,1687.7089909226638,30173.842931685183,0,0.09975242210945322,0
LRM,0.13999999999999999,0,false,false,88,true,1687.7089933927157,30173.84289535078,0,0.0997524221773013,0
LRM,0.13999999999999999,0,false,false,89,true,1687.7089917716994,30173.842919195886,0,0.09975242213277413,0
LRM,0.13999999999999999,0,false,false,90,true,1687.7089907478487,30173.842934256703,0,0.09975242210465114,0
LRM,0.13999999999999999,0,false,false,91,true,1687.708993226315,30173.842897798535,0,0.09975242217273053,0
LRM,0.13999999999999999,0,false,false,92,true,1687.7089907472334,30173.84293426575,0,0.0997524221046344,0
LRM,0.13999999999999999,0,false,false,93,true,1687.7089912962463,30173.842926189798,0,0.09975242211971391,0
LRM,0.13999999999999999,0,false,false,94,true,1687.7089924908048,30173.84290861787,0,0.09975242215252829,0
LRM,0.13999999999999999,0,false,false,95,true,1687.7089905274934,30173.84293749813,0,0.09975242209859786,0
LRM,0.13999999999999999,0,false,false,96,true,1687.7089904036704,30173.84293931955,0,0.09975242209519677,0
LRM,0.13999999999999999,0,false,false,97,true,1687.7089932167466,30173.842897939274,0,0.09975242217246857,0
LRM,0.13999999999999999,0,false,false,98,true,1687.7089910535922,30173.84292975922,0,0.09975242211304942,0
LRM,0.13999999999999999,0,false,false,99,true,1687.7089914133703,30173.8429244669,0,0.09975242212293128,0
LRM,0.13999999999999999,0,false,false,100,true,1687.7089933413952,30173.842896105703,0,0.09975242217589023,0
LRM,0.13999999999999999,0,false,false,101,true,1687.7089914021747,30173.84292463159,0,0.09975242212262532,0
LRM,0.13999999999999999,0,false,false,102,true,1687.7089907237146,30173.84293461171,0,0.09975242210398767,0
LRM,0.13999999999999999,0,false,false,103,true,1687.70899218874,30173.842913061242,0,0.09975242214423145,0
LRM,0.13999999999999999,0,false,false,104,true,1687.7089921918994,30173.84291301476,0,0.09975242214431669,0
LRM,0.13999999999999999,0,false,false,105,true,1687.708991913955,30173.842917103306,0,0.09975242213668366,0
LRM,0.13999999999999999,0,false,false,106,true,1687.7089940527514,30173.842885641665,0,0.09975242219543413,0
LRM,0.13999999999999999,0,false,false,107,true,1687.7089934574608,30173.84289439838,0,0.09975242217908355,0
LRM,0.13999999999999999,0,false,false,108,true,1687.7089903467624,30173.842940156672,0,0.09975242209363352,0
LRM,0.13999999999999999,0,false,false,109,true,1687.7089918850131,30173.84291752904,0,0.09975242213588743,0
LRM,0.13999999999999999,0,false,false,110,true,1687.708991067758,30173.84292955084,0,0.09975242211343804,0
LRM,0.13999999999999999,0,false,false,111,true,1687.7089923380809,30173.842910864423,0,0.09975242214833119,0
LRM,0.13999999999999999,0,false,false,112,true,1687.7089909874533,30173.84293073212,0,0.09975242211123271,0
LRM,0.13999999999999999,0,false,false,113,true,1687.7089903728356,30173.84293977313,0,0.09975242209434985,0
LRM,0.13999999999999999,0,false,false,114,true,1687.708991315401,30173.84292590803,0,0.09975242212024103,0
LRM,0.13999999999999999,0,false,false,115,true,1687.7089909472415,30173.842931323637,0,0.09975242211012818,0
LRM,0.13999999999999999,0,false,false,116,true,1687.708990368756,30173.842939833143,0,0.0997524220942376,0
LRM,0.13999999999999999,0,false,false,117,true,1687.7089903940248,30173.842939461447,0,0.09975242209493167,0
LRM,0.13999999999999999,0,false,false,118,true,1687.7089926619756,30173.842906099944,0,0.09975242215723172,0
LRM,0.13999999999999999,0,false,false,119,true,1687.7089913748987,30173.842925032826,0,0.09975242212187425,0
LRM,0.13999999999999999,0,false,false,120,true,1687.7089911903054,30173.842927748177,0,0.09975242211680396,0
LRM,0.13999999999999999,0,false,false,121,true,1687.7089902975476,30173.842940880615,0,0.09975242209228155,0
LRM,0.13999999999999999,0,false,false,122,true,1687.708993201307,30173.842898166404,0,0.09975242217204533,0
LRM,0.13999999999999999,0,false,false,123,true,1687.7089905284997,30173.84293748332,0,0.0997524220986258,0
LRM,0.13999999999999999,0,false,false,124,true,1687.7089910414102,30173.842929938426,0,0.09975242211271398,0
LRM,0.13999999999999999,0,false,false,125,true,1687.7089939997982,30173.842886420596,0,0.09975242219398045,0
LRM,0.13999999999999999,0,false,false,126,true,1687.708993762372,30173.842889913143,0,0.0997524221874556,0
LRM,0.13999999999999999,0,false,false,127,true,1687.708993131836,30173.842899188312,0,0.09975242217013504,0
LRM,0.13999999999999999,0,false,false,128,true,1687.7089904516226,30173.84293861418,0,0.09975242209651372,0
LRM,0.13999999999999999,0,false,false,129,true,1687.7089906704741,30173.842935394878,0,0.0997524221025258,0
LRM,0.13999999999999999,0,false,false,130,true,1687.70899122574,30173.842927226928,0,0.09975242211777804,0
LRM,0.13999999999999999,0,false,false,131,false,1687.7089941509494,30173.84288419718,0,0.09975242219812722,0
LRM,0.13999999999999999,0,false,false,132,true,1687.708993332193,30173.842896241058,0,0.09975242217563769,0
LRM,0.13999999999999999,0,false,false,133,true,1687.7089916107745,30173.84292156309,0,0.0997524221283533,0
LRM,0.13999999999999999,0,false,false,134,true,1687.708993378326,30173.842895562448,0,0.09975242217690473,0
LRM,0.13999999999999999,0,false,false,135,true,1687.7089933247426,30173.842896350656,0,0.09975242217543778,0
LRM,0.13999999999999999,0,false,false,136,true,1687.708991168283,30173.84292807213,0,0.09975242211619996,0
LRM,0.13999999999999999,0,false,false,137,true,1687.7089903209105,30173.842940536957,0,0.09975242209292325,0
LRM,0.13999999999999999,0,false,false,138,true,1687.7089927881595,30173.842904243786,0,0.09975242216069546,0
LRM,0.13999999999999999,0,false,false,139,true,1687.7089911615435,30173.84292817126,0,0.09975242211601383,0
LRM,0.13999999999999999,0,false,false,140,true,1687.7089902571104,30173.842941475454,0,0.09975242209117081,0
LRM,0.13999999999999999,0,false,false,141,true,1687.7089902355183,30173.84294179307,0,0.09975242209057768,0
LRM,0.13999999999999999,0,false,false,142,true,1687.708990750382,30173.842934219436,0,0.09975242210472034,0
LRM,0.13999999999999999,0,false,false,143,true,1687.7089902254845,30173.842941940668,0,0.09975242209030208,0
LRM,0.13999999999999999,0,false,false,144,true,1687.7089902869109,30173.842941037085,0,0.09975242209198944,0
LRM,0.13999999999999999,0,false,false,145,true,1687.7089904428208,30173.84293874367,0,0.09975242209627201,0
LRM,0.13999999999999999,0,false,false,146,true,1687.7089916386876,30173.842921152485,0,0.09975242212912226,0
LRM,0.13999999999999999,0,false,false,147,false,1687.7089907285006,30173.842934541328,0,0.09975242210411989,0
LRM,0.13999999999999999,0,false,false,148,true,1687.7089913683606,30173.842925129,0,0.09975242212169463,0
LRM,0.13999999999999999,0,false,false,149,false,1687.7089912843005,30173.84292636552,0,0.09975242211938674,0
LRM,0.13999999999999999,0,false,false,150,true,1687.7089934664455,30173.842894266214,0,0.09975242217933054,0
LRM,0.13999999999999999,0,false,false,151,true,1687.708993450197,30173.84289450523,0,0.09975242217888196,0
LRM,0.13999999999999999,0,false,false,152,true,1687.7089915715003,30173.8429221408,0,0.09975242212727503,0
LRM,0.13999999999999999,0,false,false,153,false,1687.7089917971014,30173.84291882222,0,0.09975242213347299,0
LRM,0.13999999999999999,0,false,false,154,true,1687.7089913384677,30173.842925568715,0,0.09975242212087496,0
LRM,0.13999999999999999,0,false,false,155,true,1687.7089928328694,30173.842903586094,0,0.09975242216192433,0
LRM,0.13999999999999999,0,false,false,156,true,1687.7089902405287,30173.84294171936,0,0.0997524220907153,0
LRM,0.13999999999999999,0,false,false,157,true,1687.7089905172159,30173.84293764931,0,0.09975242209831574,0
LRM,0.13999999999999999,0,false,false,158,true,1687.7089905742407,30173.84293681048,0,0.0997524220998822,0
LRM,0.13999999999999999,0,false,false,159,true,1687.7089913218126,30173.842925813708,0,0.09975242212041635,0
LRM,0.13999999999999999,0,false,false,160,true,1687.7089918407207,30173.842918180584,0,0.09975242213466999,0
LRM,0.13999999999999999,0,false,false,161,true,1687.708990568004,30173.842936902212,0,0.0997524220997106,0
LRM,0.13999999999999999,0,false,false,162,true,1687.7089910126103,30173.84293036207,0,0.09975242211192363,0
LRM,0.13999999999999999,0,false,false,163,true,1687.7089939762484,30173.842886767023,0,0.09975242219333084,0
LRM,0.13999999999999999,0,false,false,164,true,1687.7089942061207,30173.84288338561,0,0.09975242219964278,0
LRM,0.13999999999999999,0,false,false,165,true,1687.7089905448665,30173.842937242563,0,0.09975242209907527,0
LRM,0.13999999999999999,0,false,false,166,true,1687.7089936734187,30173.842891221648,0,0.09975242218501595,0
LRM,0.13999999999999999,0,false,false,167,true,1687.7089904894835,30173.842938057252,0,0.09975242209755361,0
LRM,0.13999999999999999,0,false,false,168,true,1687.708993764414,30173.842889883104,0,0.09975242218751099,0
LRM,0.13999999999999999,0,false,false,169,true,1687.7089916149866,30173.842921501124,0,0.09975242212847098,0
LRM,0.13999999999999999,0,false,false,170,false,1687.7089906012357,30173.842936413384,0,0.09975242210062361,0
LRM,0.13999999999999999,0,false,false,171,true,1687.708992782171,30173.842904331872,0,0.09975242216053057,0
LRM,0.13999999999999999,0,false,false,172,true,1687.7089904068707,30173.842939272483,0,0.09975242209528465,0
LRM,0.13999999999999999,0,false,false,173,true,1687.7089924821573,30173.84290874506,0,0.09975242215229226,0
LRM,0.13999999999999999,0,false,false,174,true,1687.7089930937161,30173.842899749056,0,0.0997524221690895,0
LRM,0.13999999999999999,0,false,false,175,true,1687.7089903066703,30173.842940746432,0,0.09975242209253209,0
LRM,0.13999999999999999,0,false,false,176,true,1687.7089902347554,30173.8429418043,0,0.09975242209055674,0
LRM,0.13999999999999999,0,false,false,177,true,1687.7089930163381,30173.84290088729,0,0.09975242216696194,0
LRM,0.13999999999999999,0,false,false,178,true,1687.708991477028,30173.842923530498,0,0.09975242212467998,0
LRM,0.13999999999999999,0,false,false,179,true,1687.7089915944896,30173.842921802632,0,0.09975242212790603,0
LRM,0.13999999999999999,0,false,false,180,true,1687.7089932628933,30173.84289726047,0,0.09975242217373605,0
LRM,0.13999999999999999,0,false,false,181,true,1687.7089902244738,30173.842941955532,0,0.09975242209027435,0
LRM,0.13999999999999999,0,false,false,182,true,1687.7089913048007,30173.842926063946,0,0.09975242211995057,0
LRM,0.13999999999999999,0,false,false,183,true,1687.7089911310482,30173.84292861985,0,0.09975242211517701,0
LRM,0.13999999999999999,0,false,false,184,true,1687.708990229249,30173.842941885305,0,0.09975242209040552,0
LRM,0.13999999999999999,0,false,false,185,true,1687.7089921121776,30173.842914187466,0,0.09975242214212811,0
LRM,0.13999999999999999,0,false,false,186,true,1687.708992847396,30173.842903372406,0,0.09975242216232148,0
LRM,0.13999999999999999,0,false,false,187,true,1687.708992148845,30173.842913648077,0,0.09975242214313507,0
LRM,0.13999999999999999,0,false,false,188,true,1687.7089904334068,30173.84293888214,0,0.09975242209601366,0
LRM,0.13999999999999999,0,false,false,189,true,1687.7089913958712,30173.84292472431,0,0.09975242212245185,0
LRM,0.13999999999999999,0,false,false,190,true,1687.7089925943294,30173.842907095037,0,0.09975242215537217,0
LRM,0.13999999999999999,0,false,false,191,true,1687.7089937456017,30173.842890159827,0,0.09975242218699526,0
LRM,0.13999999999999999,0,false,false,192,true,1687.708994116665,30173.842884701487,0,0.0997524221971894,0
LRM,0.13999999999999999,0,false,false,193,true,1687.7089920697379,30173.842914811754,0,0.09975242214096071,0
LRM,0.13999999999999999,0,false,false,194,true,1687.7089914975875,30173.84292322807,0,0.09975242212524638,0
LRM,0.13999999999999999,0,false,false,195,true,1687.7089930686057,30173.842900118427,0,0.09975242216839947,0
LRM,0.13999999999999999,0,false,false,196,true,1687.7089902354087,30173.84294179469,0,0.0997524220905747,0
LRM,0.13999999999999999,0,false,false,197,true,1687.7089935529302,30173.84289299403,0,0.09975242218170292,0
LRM,0.13999999999999999,0,false,false,198,true,1687.708993523136,30173.84289343229,0,0.0997524221808873,0
LRM,0.13999999999999999,0,false,false,199,true,1687.7089922272833,30173.84291249426,0,0.09975242214528862,0
LRM,0.13999999999999999,0,false,false,200,true,1687.7089916641858,30173.84292077741,0,0.09975242212982066,0
LRM,0.13999999999999999,0,false,false,201,true,1687.708991933184,30173.842916820457,0,0.09975242213721174,0
LRM,0.13999999999999999,0,false,false,202,true,1687.7089905550417,30173.842937092886,0,0.09975242209935442,0
LRM,0.13999999999999999,0,false,false,203,true,1687.7089932570948,30173.842897345745,0,0.09975242217357948,0
LRM,0.13999999999999999,0,false,false,204,true,1687.7089923241972,30173.84291106866,0,0.09975242214795016,0
LRM,0.13999999999999999,0,false,false,205,true,1687.7089940644844,30173.84288546907,0,0.09975242219575776,0
LRM,0.13999999999999999,0,false,false,206,true,1687.7089902480593,30173.842941608582,0,0.09975242209092215,0
LRM,0.13999999999999999,0,false,false,207,true,1687.7089902612986,30173.842941413848,0,0.0997524220912858,0
LRM,0.13999999999999999,0,false,false,208,true,1687.7089910431503,30173.842929912822,0,0.0997524221127623,0
LRM,0.13999999999999999,0,false,false,209,true,1687.7089902417413,30173.84294170153,0,0.09975242209074868,0
LRM,0.13999999999999999,0,false,false,210,true,1687.7089931960681,30173.842898243456,0,0.09975242217190163,0
LRM,0.13999999999999999,0,false,false,211,false,1687.708991703894,30173.84292019331,0,0.09975242213091136,0
LRM,0.13999999999999999,0,false,false,212,true,1687.7089942391435,30173.84288289984,0,0.09975242220055043,0
LRM,0.13999999999999999,0,false,false,213,true,1687.7089916276318,30173.84292131511,0,0.0997524221288186,0
LRM,0.13999999999999999,0,false,false,214,true,1687.7089917753487,30173.842919142215,0,0.09975242213287558,0
LRM,0.13999999999999999,0,false,false,215,true,1687.7089917787468,30173.842919092214,0,0.09975242213296724,0
LRM,0.13999999999999999,0,false,false,216,true,1687.7089918082008,30173.842918658953,0,0.09975242213377812,0
LRM,0.13999999999999999,0,false,false,217,true,1687.7089931986586,30173.842898205352,0,0.09975242217197311,0
LRM,0.13999999999999999,0,false,false,218,true,1687.7089902206815,30173.842942011324,0,0.09975242209017017,0
LRM,0.13999999999999999,0,false,false,219,true,1687.7089941371007,30173.842884400892,0,0.09975242219775299,0
LRM,0.13999999999999999,0,false,false,220,true,1687.7089938186634,30173.842889085096,0,0.09975242218900014,0
LRM,0.13999999999999999,0,false,false,221,true,1687.7089936614668,30173.84289139746,0,0.09975242218468305,0
LRM,0.13999999999999999,0,false,false,222,true,1687.7089938390882,30173.842888784653,0,0.09975242218956663,0
LRM,0.13999999999999999,0,false,false,223,true,1687.7089905344144,30173.842937396323,0,0.09975242209878792,0
LRM,0.13999999999999999,0,false,false,224,true,1687.7089917275334,30173.84291984558,0,0.09975242213156259,0
LRM,0.13999999999999999,0,false,false,225,false,1687.7089928540356,30173.842903274755,0,0.09975242216250417,0
LRM,0.13999999999999999,0,false,false,226,true,1687.7089909872402,30173.84293073527,0,0.0997524221112263,0
LRM,0.13999999999999999,0,false,false,227,true,1687.708990776906,30173.842933829274,0,0.0997524221054487,0
LRM,0.13999999999999999,0,false,false,228,true,1687.7089927894008,30173.84290422552,0,0.09975242216072808,0
LRM,0.13999999999999999,0,false,false,229,true,1687.7089942807654,30173.84288228759,0,0.09975242220169493,0
LRM,0.13999999999999999,0,false,false,230,true,1687.7089926539295,30173.842906218295,0,0.09975242215700789,0
LRM,0.13999999999999999,0,false,false,231,true,1687.7089903187637,30173.84294056853,0,0.09975242209286443,0
LRM,0.13999999999999999,0,false,false,232,true,1687.7089911587525,30173.84292821232,0,0.09975242211593874,0
LRM,0.13999999999999999,0,false,false,233,true,1687.7089932737422,30173.84289710088,0,0.09975242217403636,0
LRM,0.13999999999999999,0,false,false,234,true,1687.7089926986027,30173.842905561152,0,0.09975242215823636,0
LRM,0.13999999999999999,0,false,false,235,true,1687.7089904596892,30173.84293849552,0,0.09975242209673554,0
LRM,0.13999999999999999,0,false,false,236,true,1687.708991835381,30173.84291825914,0,0.09975242213452411,0
LRM,0.13999999999999999,0,false,false,237,true,1687.7089941479578,30173.8428842412,0,0.09975242219805114,0
LRM,0.13999999999999999,0,false,false,238,true,1687.7089903988756,30173.842939390084,0,0.09975242209506494,0
LRM,0.13999999999999999,0,false,false,239,true,1687.7089905091318,30173.842937768222,0,0.09975242209809375,0
LRM,0.13999999999999999,0,false,false,240,true,1687.708990238003,30173.842941756524,0,0.09975242209064596,0
LRM,0.13999999999999999,0,false,false,241,true,1687.7089911577395,30173.842928227226,0,0.09975242211591014,0
LRM,0.13999999999999999,0,false,false,242,true,1687.7089942291045,30173.842883047517,0,0.09975242220027403,0
LRM,0.13999999999999999,0,false,false,243,false,1687.7089930993604,30173.84289966603,0,0.09975242216924632,0
LRM,0.13999999999999999,0,false,false,244,true,1687.7089933243626,30173.84289635625,0,0.09975242217542622,0
LRM,0.13999999999999999,0,false,false,245,true,1687.7089905291875,30173.84293747321,0,0.09975242209864421,0
LRM,0.13999999999999999,0,false,false,246,true,1687.708991335504,30173.842925612305,0,0.09975242212079304,0
LRM,0.13999999999999999,0,false,false,247,true,1687.7089910402428,30173.842929955597,0,0.0997524221126828,0
LRM,0.13999999999999999,0,false,false,248,true,1687.7089932708095,30173.84289714402,0,0.09975242217395162,0
LRM,0.13999999999999999,0,false,false,249,true,1687.7089937620678,30173.842889917618,0,0.09975242218744615,0
LRM,0.13999999999999999,0,false,false,250,true,1687.708991069258,30173.84292952878,0,0.09975242211347893,0
LRM,0.13999999999999999,0,false,false,251,true,1687.708992326162,30173.842911039763,0,0.09975242214800639,0
LRM,0.13999999999999999,0,false,false,252,true,1687.7089936989894,30173.8428908455,0,0.09975242218571244,0
LRM,0.13999999999999999,0,false,false,253,true,1687.708993664775,30173.842891348788,0,0.09975242218477365,0
LRM,0.13999999999999999,0,false,false,254,true,1687.7089939602486,30173.842887002378,0,0.09975242219288945,0
LRM,0.13999999999999999,0,false,false,255,true,1687.7089915711194,30173.842922146407,0,0.09975242212726512,0
LRM,0.13999999999999999,0,true,false,0,true,1703.4413729569915,29942.419985672528,0,0.09971741548591118,0
LRM,0.13999999999999999,0,true,false,1,true,1703.4413925797842,29942.419697021753,0,0.0997174162111596,0
LRM,0.13999999999999999,0,true,false,2,true,1703.4413666005767,29942.420079175237,0,0.09971741524003404,0
LRM,0.13999999999999999,0,true,false,3,true,1703.4413883725458,29942.419758910113,0,0.09971741605895901,0
LRM,0.13999999999999999,0,true,false,4,true,1703.4413603463913,29942.420171174155,0,0.09971741499002224,0
LRM,0.13999999999999999,0,true,false,5,true,1703.4414013786472,29942.419567590678,0,0.09971741652522867,0
LRM,0.13999999999999999,0,true,false,6,true,1703.4413624351077,29942.420140449198,0,0.09971741507465008,0
LRM,0.13999999999999999,0,true,false,7,true,1703.441378409562,29942.41990546537,0,0.0997174156917712,0
LRM,0.13999999999999999,0,true,false,8,true,1703.441392751492,29942.419694495926,0,0.09971741621735604,0
LRM,0.13999999999999999,0,true,false,9,true,1703.441360261807,29942.42017241838,0,0.09971741498646595,0
LRM,0.13999999999999999,0,true,false,10,true,1703.441410178404,29942.419438146488,0,0.09971741683452875,0
LRM,0.13999999999999999,0,true,false,11,true,1703.441408678746,29942.41946020641,0,0.09971741678211676,0
LRM,0.13999999999999999,0,true,false,12,true,1703.441364678076,29942.420107455175,0,0.09971741516420227,0
LRM,0.13999999999999999,0,true,false,13,true,1703.4413669430444,29942.420074137543,0,0.09971741525351469,0
LRM,0.13999999999999999,0,true,false,14,true,1703.44140543257,29942.419507957587,0,0.09971741666826864,0
LRM,0.13999999999999999,0,true,false,15,true,1703.4413594592804,29942.420184223538,0,0.09971741495366043,0
LRM,0.13999999999999999,0,true,false,16,true,1703.4413867045594,29942.419783446152,0,0.09971741599812976,0
LRM,0.13999999999999999,0,true,false,17,true,1703.4414043107781,29942.41952445912,0,0.09971741662882182,0
LRM,0.13999999999999999,0,true,false,18,true,1703.441385494445,29942.4198012469,0,0.09971741595396354,0
LRM,0.13999999999999999,0,true,false,19,true,1703.4413609780665,29942.420161882226,0,0.09971741501572337,0
LRM,0.13999999999999999,0,true,false,20,true,1703.441393631325,29942.419681553616,0,0.09971741624898159,0
LRM,0.13999999999999999,0,true,false,21,true,1703.44139027134,29942.41973097889,0,0.09971741612782495,0
LRM,0.13999999999999999,0,true,false,22,true,1703.4413759395509,29942.41994179916,0,0.09971741559900091,0
LRM,0.13999999999999999,0,true,false,23,true,1703.4413733439471,29942.419979980423,0,0.09971741550069305,0
LRM,0.13999999999999999,0,true,false,24,true,1703.441406141284,29942.419497532428,0,0.09971741669316833,0
LRM,0.13999999999999999,0,true,false,25,true,1703.4413593831648,29942.420185343184,0,0.09971741495058825,0
LRM,0.13999999999999999,0,true,false,26,true,1703.441389494721,29942.419742402948,0,0.09971741609975196,0
LRM,0.13999999999999999,0,true,false,27,true,1703.4413929095026,29942.419692171592,0,0.09971741622308022,0
LRM,0.13999999999999999,0,true,false,28,false,1703.4413769539847,29942.419926876868,0,0.0997174156372313,0
LRM,0.13999999999999999,0,true,false,29,true,1703.4414011504496,29942.41957094746,0,0.09971741651717281,0
LRM,0.13999999999999999,0,true,false,30,true,1703.4413592051396,29942.420187961932,0,0.09971741494321204,0
LRM,0.13999999999999999,0,true,false,31,true,1703.4413835230491,29942.419830246097,0,0.0997174158814698,0
LRM,0.13999999999999999,0,true,false,32,true,1703.4413611012974,29942.420160069505,0,0.09971741502064076,0
LRM,0.13999999999999999,0,true,false,33,true,1703.4414115071525,29942.41941860062,0,0.09971741688085367,0
LRM,0.13999999999999999,0,true,false,34,true,1703.4413626949051,29942.420136627567,0,0.09971741508499399,0
LRM,0.13999999999999999,0,true,false,35,true,1703.441410013668,29942.41944056975,0,0.09971741682877362,0
LRM,0.13999999999999999,0,true,false,36,true,1703.4414022623864,29942.419554590902,0,0.09971741655651521,0
LRM,0.13999999999999999,0,true,false,37,true,1703.4413619933393,29942.42014694759,0,0.09971741505675524,0
LRM,0.13999999999999999,0,true,false,38,true,1703.4414101433506,29942.419438662128,0,0.09971741683325061,0
LRM,0.13999999999999999,0,true,false,39,true,1703.4413925036158,29942.41969814218,0,0.09971741620846271,0
LRM,0.13999999999999999,0,true,false,40,true,1703.4413815930768,29942.419858635927,0,0.09971741581028833,0
LRM,0.13999999999999999,0,true,false,41,true,1703.4413730565634,29942.419984207834,0,0.0997174154896652,0
LRM,0.13999999999999999,0,true,false,42,true,1703.4413697211007,29942.420033272403,0,0.0997174153616378,0
LRM,0.13999999999999999,0,true,false,43,true,1703.441408216402,29942.41946700748,0,0.09971741676593597,0
LRM,0.13999999999999999,0,true,false,44,true,1703.4413603119358,29942.420171680988,0,0.09971741498862809,0
LRM,0.13999999999999999,0,true,false,45,true,1703.4413586434175,29942.420196224848,0,0.09971741491997557,0
LRM,0.13999999999999999,0,true,false,46,false,1703.441373759044,29942.419973874352,0,0.09971741551649521,0
LRM,0.13999999999999999,0,true,false,47,true,1703.441399386463,29942.419596895663,0,0.09971741645463997,0
LRM,0.13999999999999999,0,true,false,48,true,1703.4413653688162,29942.420097294413,0,0.09971741519154435,0
LRM,0.13999999999999999,0,true,false,49,true,1703.441408006021,29942.419470102195,0,0.09971741675852852,0
LRM,0.13999999999999999,0,true,false,50,true,1703.4413922605465,29942.41970171772,0,0.09971741619971147,0
LRM,0.13999999999999999,0,true,false,51,true,1703.4413827044186,29942.419842288124,0,0.09971741585128924,0
LRM,0.13999999999999999,0,true,false,52,true,1703.441359323975,29942.42018621387,0,0.09971741494814752,0
LRM,0.13999999999999999,0,true,false,53,true,1703.4413980306938,29942.419616838997,0,0.09971741640642487,0
LRM,0.13999999999999999,0,true,false,54,true,1703.4413992050406,29942.419599564375,0,0.09971741644818144,0
LRM,0.13999999999999999,0,true,false,55,true,1703.441409059694,29942.41945460268,0,0.09971741679539972,0
LRM,0.13999999999999999,0,true,false,56,true,1703.4413608287116,29942.420164079234,0,0.09971741500959147,0
LRM,0.13999999999999999,0,true,false,57,true,1703.4413757569052,29942.419944485875,0,0.09971741559210526,0
LRM,0.13999999999999999,0,true,false,58,true,1703.4413641217384,29942.420115638884,0,0.09971741514204177,0
LRM,0.13999999999999999,0,true,false,59,true,1703.4413828816057,29942.419839681716,0,0.0997174158578455,0
LRM,0.13999999999999999,0,true,false,60,true,1703.441391109492,29942.419718649708,0,0.09971741615818389,0
LRM,0.13999999999999999,0,true,false,61,true,1703.4413868396605,29942.41978145882,0,0.0997174160031057,0
LRM,0.13999999999999999,0,true,false,62,true,1703.4413953832752,29942.419655782458,0,0.09971741631184118,0
LRM,0.13999999999999999,0,true,false,63,true,1703.441381118065,29942.419865623353,0,0.09971741579269276,0
LRM,0.13999999999999999,0,true,false,64,true,1703.4414070693535,29942.41948388054,0,0.09971741672573915,0
LRM,0.13999999999999999,0,true,false,65,true,1703.4413969692164,29942.419632453308,0,0.09971741636851889,0
LRM,0.13999999999999999,0,true,false,66,true,1703.4413768755205,29942.419928031064,0,0.09971741563432694,0
LRM,0.13999999999999999,0,true,false,67,true,1703.441390885156,29942.419721949685,0,0.0997174161500114,0
LRM,0.13999999999999999,0,true,false,68,true,1703.441383217076,29942.419834746943,0,0.09971741587028629,0
LRM,0.13999999999999999,0,true,false,69,true,1703.4413627877802,29942.420135261375,0,0.09971741508873552,0
LRM,0.13999999999999999,0,true,false,70,true,1703.4413905024344,29942.419727579512,0,0.09971741613616436,0
LRM,0.13999999999999999,0,true,false,71,true,1703.4413780122647,29942.4199113096,0,0.09971741567688831,0
LRM,0.13999999999999999,0,true,false,72,true,1703.4413606521846,29942.420166675936,0,0.0997174150025012,0
LRM,0.13999999999999999,0,true,false,73,true,1703.4413769088476,29942.419927540835,0,0.09971741563548434,0
LRM,0.13999999999999999,0,true,false,74,true,1703.4413694358411,29942.420037468568,0,0.09971741535067363,0
LRM,0.13999999999999999,0,true,false,75,true,1703.4413674735433,29942.42006633393,0,0.09971741527428486,0
LRM,0.13999999999999999,0,true,false,76,true,1703.4414101399336,29942.419438712375,0,0.09971741683319145,0
LRM,0.13999999999999999,0,true,false,77,true,1703.4413820838915,29942.419851416063,0,0.09971741582841959,0
LRM,0.13999999999999999,0,true,false,78,true,1703.4413933733156,29942.419685348912,0,0.09971741623973775,0
LRM,0.13999999999999999,0,true,false,79,true,1703.4413667777048,29942.420076569702,0,0.09971741524701887,0
LRM,0.13999999999999999,0,true,false,80,true,1703.4414026774705,29942.419548485024,0,0.09971741657123633,0
LRM,0.13999999999999999,0,true,false,81,true,1703.4413668477505,29942.420075539318,0,0.09971741524978503,0
LRM,0.13999999999999999,0,true,false,82,true,1703.4414019462454,29942.419559241327,0,0.09971741654535328,0
LRM,0.13999999999999999,0,true,false,83,true,1703.4414069811867,29942.41948517747,0,0.09971741672266424,0
LRM,0.13999999999999999,0,true,false,84,true,1703.4413974267454,29942.41962572307,0,0.09971741638490314,0
LRM,0.13999999999999999,0,true,false,85,true,1703.441367859342,29942.420060658842,0,0.09971741528937779,0
LRM,0.13999999999999999,0,true,false,86,true,1703.441375654183,29942.419945996906,0,0.09971741558821584,0
LRM,0.13999999999999999,0,true,false,87,true,1703.4413706256844,29942.420019966008,0,0.09971741539653203,0
LRM,0.13999999999999999,0,true,false,88,true,1703.4413606961589,29942.42016602908,0,0.09971741500425449,0
LRM,0.13999999999999999,0,true,false,89,true,1703.4413661160117,29942.420086303184,0,0.09971741522106124,0
LRM,0.13999999999999999,0,true,false,90,true,1703.4413910277967,29942.419719851445,0,0.09971741615517683,0
LRM,0.13999999999999999,0,true,false,91,false,1703.4413611520195,29942.42015932338,0,0.0997174150227798,0
LRM,0.13999999999999999,0,true,false,92,true,1703.4413910214257,29942.41971994516,0,0.09971741615493354,0
LRM,0.13999999999999999,0,true,false,93,true,1703.4413956717747,29942.419651538632,0,0.09971741632222893,0
LRM,0.13999999999999999,0,true,false,94,true,1703.4414030489881,29942.419543020012,0,0.09971741658430364,0
LRM,0.13999999999999999,0,true,false,95,true,1703.4413739648141,29942.41997084748,0,0.09971741552429927,0
LRM,0.13999999999999999,0,true,false,96,true,1703.441386757836,29942.419782662455,0,0.09971741600009293,0
LRM,0.13999999999999999,0,true,false,97,true,1703.4414067283344,29942.41948889693,0,0.0997174167137866,0
LRM,0.13999999999999999,0,true,false,98,true,1703.4413937898491,29942.41967922172,0,0.09971741625471171,0
LRM,0.13999999999999999,0,true,false,99,true,1703.4413965129847,29942.419639164455,0,0.09971741635229436,0
LRM,0.13999999999999999,0,true,false,100,true,1703.4414073231285,29942.419480147517,0,0.0997174167346755,0
LRM,0.13999999999999999,0,true,false,101,true,1703.4413678294388,29942.42006109871,0,0.09971741528812791,0
LRM,0.13999999999999999,0,true,false,102,true,1703.4413907831995,29942.41972344946,0,0.09971741614640234,0
LRM,0.13999999999999999,0,true,false,103,true,1703.441401379456,29942.41956757879,0,0.09971741652527703,0
LRM,0.13999999999999999,0,true,false,104,true,1703.4414013982232,29942.41956730273,0,0.09971741652598043,0
LRM,0.13999999999999999,0,true,false,105,true,1703.4413655238263,29942.420095014208,0,0.09971741519762431,0
LRM,0.13999999999999999,0,true,false,106,true,1703.4413590360816,29942.42019044877,0,0.09971741493621301,0
LRM,0.13999999999999999,0,true,false,107,true,1703.441360523366,29942.42016857087,0,0.09971741499713005,0
LRM,0.13999999999999999,0,true,false,108,true,1703.4413763987195,29942.4199350448,0,0.09971741561628995,0
LRM,0.13999999999999999,0,true,false,109,true,1703.4413995910552,29942.419593886123,0,0.09971741646189419,0
LRM,0.13999999999999999,0,true,false,110,true,1703.4413696857678,29942.420033792154,0,0.09971741536031971,0
LRM,0.13999999999999999,0,true,false,111,true,1703.4414022180842,29942.419555242584,0,0.09971741655499881,0
LRM,0.13999999999999999,0,true,false,112,true,1703.4413701933074,29942.420026326254,0,0.09971741537988402,0
LRM,0.13999999999999999,0,true,false,113,true,1703.4413862307545,29942.419790415803,0,0.09971741598081929,0
LRM,0.13999999999999999,0,true,false,114,true,1703.4413958111381,29942.419649488606,0,0.09971741632716358,0
LRM,0.13999999999999999,0,true,false,115,true,1703.4413704590766,29942.4200224168,0,0.09971741539012718,0
LRM,0.13999999999999999,0,true,false,116,true,1703.4413760301616,29942.419940466283,0,0.09971741560246802,0
LRM,0.13999999999999999,0,true,false,117,true,1703.4413865981978,29942.41978501073,0,0.09971741599430177,0
LRM,0.13999999999999999,0,true,false,118,true,1703.4414039540845,29942.41952970606,0,0.09971741661619857,0
LRM,0.13999999999999999,0,true,false,119,true,1703.4413962408428,29942.419643167665,0,0.0997174163425801,0
LRM,0.13999999999999999,0,true,false,120,true,1703.4413948759225,29942.419663245604,0,0.09971741629372904,0
LRM,0.13999999999999999,0,true,false,121,true,1703.441377373347,29942.41992070806,0,0.09971741565297199,0
LRM,0.13999999999999999,0,true,false,122,true,1703.4414066537602,29942.41948999391,0,0.09971741671115648,0
LRM,0.13999999999999999,0,true,false,123,true,1703.4413739535646,29942.41997101297,0,0.09971741552380414,0
LRM,0.13999999999999999,0,true,false,124,true,1703.4413698492192,29942.42003138779,0,0.09971741536666731,0
LRM,0.13999999999999999,0,true,false,125,true,1703.4413591615246,29942.420188603515,0,0.09971741494136471,0
LRM,0.13999999999999999,0,true,false,126,true,1703.4414092634306,29942.41945160572,0,0.0997174168025592,0
LRM,0.13999999999999999,0,true,false,127,true,1703.4413614185366,29942.420155402928,0,0.09971741503359152,0
LRM,0.13999999999999999,0,true,false,128,true,1703.44138750113,29942.419771728622,0,0.099717416027263,0
LRM,0.13999999999999999,0,true,false,129,true,1703.4413725719082,29942.419991337098,0,0.09971741547116358,0
LRM,0.13999999999999999,0,true,false,130,true,1703.4413951454524,29942.419659280844,0,0.09971741630334213,0
LRM,0.13999999999999999,0,true,false,131,true,1703.4413588065427,29942.420193825288,0,0.09971741492683034,0
LRM,0.13999999999999999,0,true,false,132,true,1703.441360860001,29942.42016361896,0,0.09971741501094697,0
LRM,0.13999999999999999,0,true,false,133,true,1703.441366827817,29942.42007583254,0,0.09971741524905041,0
LRM,0.13999999999999999,0,true,false,134,true,1703.4413607348833,29942.420165459447,0,0.09971741500586136,0
LRM,0.13999999999999999,0,true,false,135,true,1703.4414072426605,29942.419481331195,0,0.09971741673178373,0
LRM,0.13999999999999999,0,true,false,136,true,1703.4413947050389,29942.419665759313,0,0.09971741628755038,0
LRM,0.13999999999999999,0,true,false,137,true,1703.4413852127357,29942.419805390848,0,0.09971741594362671,0
LRM,0.13999999999999999,0,true,false,138,true,1703.4413624402173,29942.42014037401,0,0.09971741507480919,0
LRM,0.13999999999999999,0,true,false,139,true,1703.4413691272243,29942.420042008318,0,0.09971741533871427,0
LRM,0.13999999999999999,0,true,false,140,true,1703.4413834943368,29942.41983066844,0,0.0997174158804141,0
LRM,0.13999999999999999,0,true,false,141,true,1703.441379354543,29942.419891564714,0,0.09971741572703932,0
LRM,0.13999999999999999,0,true,false,142,true,1703.4413719006666,29942.42000121105,0,0.09971741544556491,0
LRM,0.13999999999999999,0,true,false,143,true,1703.4413818665782,29942.419854612745,0,0.09971741582039804,0
LRM,0.13999999999999999,0,true,false,144,true,1703.441377624131,29942.41991701903,0,0.09971741566233658,0
LRM,0.13999999999999999,0,true,false,145,true,1703.4413749663647,29942.419956114703,0,0.0997174155622771,0
LRM,0.13999999999999999,0,true,false,146,true,1703.4413667007407,29942.42007770183,0,0.09971741524395801,0
LRM,0.13999999999999999,0,true,false,147,true,1703.441390831222,29942.41972274305,0,0.0997174161480546,0
LRM,0.13999999999999999,0,true,false,148,true,1703.441396194194,29942.419643853846,0,0.09971741634091383,0
LRM,0.13999999999999999,0,true,false,149,false,1703.4413684432898,29942.42005206898,0,0.09971741531208675,0
LRM,0.13999999999999999,0,true,false,150,true,1703.4413604995607,29942.420168921028,0,0.09971741499615581,0
LRM,0.13999999999999999,0,true,false,151,true,1703.4414078330972,29942.419472645885,0,0.09971741675250105,0
LRM,0.13999999999999999,0,true,false,152,true,1703.4413670090676,29942.42007316635,0,0.0997174152561302,0
LRM,0.13999999999999999,0,true,false,153,true,1703.441399048163,29942.41960187205,0,0.09971741644259116,0
LRM,0.13999999999999999,0,true,false,154,true,1703.441368156416,29942.42005628888,0,0.0997174153008967,0
LRM,0.13999999999999999,0,true,false,155,true,1703.4414048337198,29942.419516766655,0,0.099717416647208,0
LRM,0.13999999999999999,0,true,false,156,true,1703.441379109342,29942.419895171617,0,0.09971741571793226,0
LRM,0.13999999999999999,0,true,false,157,true,1703.441388408395,29942.419758382766,0,0.09971741606024716,0
LRM,0.13999999999999999,0,true,false,158,true,1703.441389124045,29942.419747855583,0,0.09971741608622973,0
LRM,0.13999999999999999,0,true,false,159,true,1703.4413682438353,29942.420055002956,0,0.09971741530436878,0
LRM,0.13999999999999999,0,true,false,160,true,1703.4413993196044,29942.419597879158,0,0.09971741645227544,0
LRM,0.13999999999999999,0,true,false,161,true,1703.4413735393327,29942.419977106307,0,0.09971741550813758,0
LRM,0.13999999999999999,0,true,false,162,false,1703.4413934496772,29942.419684225646,0,0.09971741624249393,0
LRM,0.13999999999999999,0,true,false,163,true,1703.4413592175792,29942.420187778942,0,0.09971741494372569,0
LRM,0.13999999999999999,0,true,false,164,true,1703.4413586795092,29942.420195693936,0,0.09971741492157905,0
LRM,0.13999999999999999,0,true,false,165,true,1703.441388762556,29942.419753173075,0,0.09971741607310729,0
LRM,0.13999999999999999,0,true,false,166,true,1703.44135996329,29942.42017680956,0,0.0997174149742531,0
LRM,0.13999999999999999,0,true,false,167,true,1703.4413743931193,29942.41996454713,0,0.09971741554059607,0
LRM,0.13999999999999999,0,true,false,168,true,1703.4414092728257,29942.419451467526,0,0.09971741680289564,0
LRM,0.13999999999999999,0,true,false,169,true,1703.4413668084421,29942.420076117538,0,0.09971741524819162,0
LRM,0.13999999999999999,0,true,false,170,true,1703.441389444667,29942.419743139235,0,0.09971741609789472,0
LRM,0.13999999999999999,0,true,false,171,true,1703.4414045758801,29942.419520559477,0,0.09971741663815321,0
LRM,0.13999999999999999,0,true,false,172,true,1703.4413754538975,29942.419948943098,0,0.09971741558066938,0
LRM,0.13999999999999999,0,true,false,173,true,1703.4414030019166,29942.41954371243,0,0.099717416582612,0
LRM,0.13999999999999999,0,true,false,174,false,1703.4413615277724,29942.42015379607,0,0.09971741503797635,0
LRM,0.13999999999999999,0,true,false,175,true,1703.4413848910663,29942.4198101226,0,0.0997174159318107,0
LRM,0.13999999999999999,0,true,false,176,true,1703.4413793957592,29942.419890958416,0,0.0997174157286093,0
LRM,0.13999999999999999,0,true,false,177,true,1703.4414057528131,29942.41950324681,0,0.09971741667956126,0
LRM,0.13999999999999999,0,true,false,178,true,1703.4413969552459,29942.419632658813,0,0.09971741636807971,0
LRM,0.13999999999999999,0,true,false,179,true,1703.4413977475003,29942.419621004767,0,0.09971741639634968,0
LRM,0.13999999999999999,0,true,false,180,true,1703.4414069494233,29942.4194856447,0,0.0997174167215438,0
LRM,0.13999999999999999,0,true,false,181,true,1703.4413817645575,29942.41985611347,0,0.09971741581663107,0
LRM,0.13999999999999999,0,true,false,182,true,1703.441395733253,29942.419650634296,0,0.0997174163243484,0
LRM,0.13999999999999999,0,true,false,183,true,1703.4413944136204,29942.41967004604,0,0.09971741627710838,0
LRM,0.13999999999999999,0,true,false,184,true,1703.4413821752828,29942.4198500717,0,0.09971741583180849,0
LRM,0.13999999999999999,0,true,false,185,true,1703.44136474847,29942.420106419686,0,0.09971741516696422,0
LRM,0.13999999999999999,0,true,false,186,true,1703.4414049080474,29942.419515673297,0,0.09971741664985564,0
LRM,0.13999999999999999,0,true,false,187,true,1703.4413646107366,29942.42010844574,0,0.09971741516150492,0
LRM,0.13999999999999999,0,true,false,188,true,1703.4413750893552,29942.41995430552,0,0.09971741556686856,0
LRM,0.13999999999999999,0,true,false,189,true,1703.441367861333,29942.420060629553,0,0.09971741528938727,0
LRM,0.13999999999999999,0,true,false,190,true,1703.4413630570602,29942.42013130028,0,0.09971741509954361,0
LRM,0.13999999999999999,0,true,false,191,true,1703.441409187806,29942.419452718157,0,0.09971741679991271,0
LRM,0.13999999999999999,0,true,false,192,true,1703.4413588863297,29942.42019265163,0,0.0997174149300455,0
LRM,0.13999999999999999,0,true,false,193,true,1703.4414006941224,29942.41957766003,0,0.09971741650105034,0
LRM,0.13999999999999999,0,true,false,194,true,1703.4413673589722,29942.42006801927,0,0.09971741526974273,0
LRM,0.13999999999999999,0,true,false,195,false,1703.4414060093095,29942.41949947376,0,0.09971741668854292,0
LRM,0.13999999999999999,0,true,false,196,true,1703.44137936075,29942.419891473408,0,0.09971741572733027,0
LRM,0.13999999999999999,0,true,false,197,true,1703.4413602725474,29942.42017226039,0,0.09971741498696683,0
LRM,0.13999999999999999,0,true,false,198,true,1703.4414081712705,29942.419467671374,0,0.09971741676431732,0
LRM,0.13999999999999999,0,true,false,199,true,1703.441364321582,29942.42011269919,0,0.09971741515005725,0
LRM,0.13999999999999999,0,true,false,200,true,1703.4413982036795,29942.419614294377,0,0.0997174164125912,0
LRM,0.13999999999999999,0,true,false,201,true,1703.4413998826815,29942.419589596313,0,0.09971741647221387,0
LRM,0.13999999999999999,0,true,false,202,true,1703.441373672512,29942.41997514725,0,0.09971741551322844,0
LRM,0.13999999999999999,0,true,false,203,true,1703.4413610665451,29942.420160580717,0,0.09971741501922542,0
LRM,0.13999999999999999,0,true,false,204,true,1703.4413639741144,29942.420117810438,0,0.0997174151362456,0
LRM,0.13999999999999999,0,true,false,205,true,1703.4414106002284,29942.419431941464,0,0.09971741684918939,0
LRM,0.13999999999999999,0,true,false,206,true,1703.4413787940832,29942.419899809054,0,0.09971741570619402,0
LRM,0.13999999999999999,0,true,false,207,true,1703.4413783327884,29942.41990659469,0,0.0997174156889304,0
LRM,0.13999999999999999,0,true,false,208,true,1703.4413937041543,29942.419680482293,0,0.0997174162516501,0
LRM,0.13999999999999999,0,true,false,209,true,1703.441379054774,29942.419895974297,0,0.09971741571588286,0
LRM,0.13999999999999999,0,true,false,210,true,1703.441361236797,29942.420158076304,0,0.09971741502616982,0
LRM,0.13999999999999999,0,true,false,211,true,1703.44136641013,29942.42008197672,0,0.09971741523264308,0
LRM,0.13999999999999999,0,true,false,212,true,1703.4413586040905,29942.420196803352,0,0.09971741491844936,0
LRM,0.13999999999999999,0,true,false,213,true,1703.4413979643637,29942.419617814714,0,0.09971741640399744,0
LRM,0.13999999999999999,0,true,false,214,true,1703.4413989119118,29942.419603876297,0,0.09971741643774422,0
LRM,0.13999999999999999,0,true,false,215,false,1703.4413660859266,29942.42008674573,0,0.09971741521989586,0
LRM,0.13999999999999999,0,true,false,216,true,1703.4413659609363,29942.420088584335,0,0.0997174152148912,0
LRM,0.13999999999999999,0,true,false,217,true,1703.4414066407796,29942.419490184842,0,0.09971741671069177,0
LRM,0.13999999999999999,0,true,false,218,true,1703.4413810383137,29942.419866796485,0,0.09971741578974228,0
LRM,0.13999999999999999,0,true,false,219,true,1703.4414109155045,29942.419427303754,0,0.09971741686017747,0
LRM,0.13999999999999999,0,true,false,220,true,1703.4413595999592,29942.420182154157,0,0.09971741495948153,0
LRM,0.13999999999999999,0,true,false,221,true,1703.4413599934574,29942.420176365802,0,0.09971741497558853,0
LRM,0.13999999999999999,0,true,false,222,true,1703.4414096060568,29942.419446565702,0,0.09971741681448482,0
LRM,0.13999999999999999,0,true,false,223,true,1703.4413886308828,29942.419755109986,0,0.09971741606836972,0
LRM,0.13999999999999999,0,true,false,224,true,1703.4413986093698,29942.419608326687,0,0.09971741642696749,0
LRM,0.13999999999999999,0,true,false,225,true,1703.4414049415682,29942.419515180212,0,0.09971741665103061,0
LRM,0.13999999999999999,0,true,false,226,false,1703.4413932355565,29942.419687375343,0,0.09971741623482523,0
LRM,0.13999999999999999,0,true,false,227,true,1703.4413913174662,29942.419715590404,0,0.09971741616569992,0
LRM,0.13999999999999999,0,true,false,228,true,1703.4414046132406,29942.419520009895,0,0.09971741663948762,0
LRM,0.13999999999999999,0,true,false,229,true,1703.4414115342859,29942.41941820149,0,0.09971741688178655,0
LRM,0.13999999999999999,0,true,false,230,true,1703.441403913215,29942.41953030726,0,0.09971741661481168,0
LRM,0.13999999999999999,0,true,false,231,true,1703.4413851650236,29942.41980609269,0,0.09971741594181077,0
LRM,0.13999999999999999,0,true,false,232,true,1703.4413946303841,29942.419666857473,0,0.09971741628483857,0
LRM,0.13999999999999999,0,true,false,233,true,1703.441361020484,29942.420161258273,0,0.09971741501736549,0
LRM,0.13999999999999999,0,true,false,234,true,1703.4413627212814,29942.420136239587,0,0.09971741508607729,0
LRM,0.13999999999999999,0,true,false,235,true,1703.4413876180793,29942.419770008306,0,0.0997174160314688,0
LRM,0.13999999999999999,0,true,false,236,true,1703.4413992861084,29942.419598371875,0,0.09971741645105697,0
LRM,0.13999999999999999,0,true,false,237,true,1703.4414109625038,29942.41942661239,0,0.09971741686181726,0
LRM,0.13999999999999999,0,true,false,238,true,1703.441386679224,29942.41978381883,0,0.09971741599726133,0
LRM,0.13999999999999999,0,true,false,239,true,1703.4413741675037,29942.419967865924,0,0.09971741553194,0
LRM,0.13999999999999999,0,true,false,240,true,1703.441382696654,29942.419842402338,0,0.09971741585103522,0
LRM,0.13999999999999999,0,true,false,241,true,1703.4413691491038,29942.42004168647,0,0.09971741533950838,0
LRM,0.13999999999999999,0,true,false,242,true,1703.4414113137068,29942.419421446208,0,0.09971741687412207,0
LRM,0.13999999999999999,0,true,false,243,true,1703.441361511601,29942.42015403395,0,0.0997174150372729,0
LRM,0.13999999999999999,0,true,false,244,true,1703.4414072411805,29942.419481352972,0,0.09971741673174656,0
LRM,0.13999999999999999,0,true,false,245,true,1703.441388564255,29942.419756090076,0,0.09971741606597453,0
LRM,0.13999999999999999,0,true,false,246,true,1703.4413681719482,29942.420056060408,0,0.09971741530153426,0
LRM,0.13999999999999999,0,true,false,247,true,1703.4413936797648,29942.41968084106,0,0.09971741625074965,0
LRM,0.13999999999999999,0,true,false,248,true,1703.4413610284485,29942.42016114111,0,0.09971741501779005,0
LRM,0.13999999999999999,0,true,false,249,true,1703.4413597402252,29942.420180090845,0,0.09971741496522385,0
LRM,0.13999999999999999,0,true,false,250,true,1703.441369676631,29942.42003392656,0,0.09971741535999341,0
LRM,0.13999999999999999,0,true,false,251,true,1703.4413639671752,29942.420117912523,0,0.09971741513588962,0
LRM,0.13999999999999999,0,true,false,252,true,1703.4413598983567,29942.420177764725,0,0.09971741497172344,0
LRM,0.13999999999999999,0,true,false,253,true,1703.4413599850373,29942.42017648966,0,0.09971741497524945,0
LRM,0.13999999999999999,0,true,false,254,true,1703.441359255812,29942.420187216554,0,0.09971741494533559,0
LRM,0.13999999999999999,0,true,false,255,true,1703.4413670108058,29942.42007314078,0,0.0997174152561719,0
LRM,1.4,0,false,false,0,true,6430.816842329499,7989.614142398624,0.4001898185255015,0.09908859859501647,0
LRM,1.4,0,false,false,1,true,6430.816842329499,7989.614142398624,0.4001898185255015,0.09908859859501647,0
LRM,1.4,0,false,false,2,true,6430.816842329499,7989.614142398624,0.4001898185255015,0.09908859859501647,0
LRM,1.4,0,false,false,3,true,6430.816842329499,7989.614142398624,0.4001898185255015,0.09908859859501647,0
LRM,1.4,0,false,false,4,true,6430.816842329499,7989.614142398624,0.4001898185255015,0.09908859859501647,0
LRM,1.4,0,false,false,5,true,6430.816842329499,7989.614142398624,0.4001898185255015,0.09908859859501647,0
LRM,1.4,0,false,false,6,true,6430.816842329499,7989.614142398624,0.4001898185255015,0.09908859859501647,0
LRM,1.4,0,false,false,7,true,6430.816842329499,7989.614142398624,0.4001898185255015,0.09908859859501647,0
LRM,1.4,0,false,false,8,false,6430.816842329499,7989.614142398624,0.4001898185255015,0.09908859859501647,0
LRM,1.4,0,false,false,9,true,6430.816842329499,7989.614142398624,0.4001898185255015,0.09908859859501647,0
LRM,1.4,0,false,false,10,false,6430.816842329499,7989.614142398624,0.4001898185255015,0.09908859859501647,0
LRM,1.4,0,false,false,11,true,6430.816842329499,7989.614142398624,0.4001898185255015,0.09908859859501647,0
LRM,1.4,0,false,false,12,true,6430.816842329499,7989.614142398624,0.4001898185255015,0.09908859859501647,0
LRM,1.4,0,false,false,13,true,6430.816842329499,7989.614142398624,0.4001898185255015,0.09908859859501647,0
LRM,1.4,0,false,false,14,true,6430.816842329499,7989.614142398624,0.4001898185255015,0.09908859859501647,0
LRM,1.4,0,false,false,15,true,6430.816842329499,7989.614142398624,0.4001898185255015,0.09908859859501647,0
LRM,1.4,0,false,false,16,true,6430.816842329499,7989.614142398624,0.4001898185255015,0.09908859859501647,0
LRM,1.4,0,false,false,17,true,6430.816842329499,7989.614142398624,0.4001898185255015,0.09908859859501647,0
LRM,1.4,0,false,false,18,false,6430.816842329499,7989.614142398624,0.4001898185255015,0.09908859859501647,0
LRM,1.4,0,false,false,19,false,6430.816842329499,7989.614142398624,0.4001898185255015,0.09908859859501647,0
LRM,1.4,0,false,false,20,true,6430.816842329499,7989.614142398624,0.4001898185255015,0.09908859859501647,0
LRM,1.4,0,false,false,21,true,6430.816842329499,7989.614142398624,0.4001898185255015,0.09908859859501647,0
LRM,1.4,0,false,false,22,false,6430.816842329499,7989.614142398624,0.4001898185255015,0.09908859859501647,0
LRM,1.4,0,false,false,23,true,6430.816842329499,7989.614142398624,0.4001898185255015,0.09908859859501647,0
LRM,1.4,0,false,false,24,true,6430.816842329499,7989.614142398624,0.4001898185255015,0.09908859859501647,0
LRM,1.4,0,false,false,25,false,6430.816842329499,7989.614142398624,0.4001898185255015,0.09908859859501647,0
LRM,1.4,0,false,false,26,true,6430.816842329499,7989.614142398624,0.4001898185255015,0.09908859859501647,0
LRM,1.4,0,false,false,27,false,6430.816842329499,7989.614142398624,0.4001898185255015,0.09908859859501647,0
LRM,1.4,0,false,false,28,true,6430.816842329499,7989.614142398624,0.4001898185255015,0.09908859859501647,0
LRM,1.4,0,false,false,29,true,6430.816842329499,7989.614142398624,0.4001898185255015,0.09908859859501647,0
LRM,1.4,0,false,false,30,false,6430.816842329499,7989.614142398624,0.4001898185255015,0.09908859859501647,0
LRM,1.4,0,false,false,31,true,6430.816842329499,7989.614142398624,0.4001898185255015,0.09908859859501647,0
LRM,1.4,0,false,false,32,true,6430.816842329499,7989.614142398624,0.4001898185255015,0.09908859859501647,0
LRM,1.4,0,false,false,33,true,6430.816842329499,7989.614142398624,0.4001898185255015,0.09908859859501647,0
LRM,1.4,0,false,false,34,false,6430.816842329499,7989.614142398624,0.4001898185255015,0.09908859859501647,0
LRM,1.4,0,false,false,35,true,6430.816842329499,7989.614142398624,0.4001898185255015,0.09908859859501647,0
LRM,1.4,0,false,false,36,false,6430.816842329499,7989.614142398624,0.4001898185255015,0.09908859859501647,0
LRM,1.4,0,false,false,37,false,6430.816842329499,7989.614142398624,0.4001898185255015,0.09908859859501647,0
LRM,1.4,0,false,false,38,true,6430.816842329499,7989.614142398624,0.4001898185255015,0.09908859859501647,0
LRM,1.4,0,false,false,39,false,6430.816842329499,7989.614142398624,0.4001898185255015,0.09908859859501647,0
LRM,1.4,0,false,false,40,true,6430.816842329499,7989.614142398624,0.4001898185255015,0.09908859859501647,0
LRM,1.4,0,false,false,41,false,6430.816842329499,7989.614142398624,0.4001898185255015,0.09908859859501647,0
LRM,1.4,0,false,false,42,true,6430.816842329499,7989.614142398624,0.4001898185255015,0.09908859859501647,0
LRM,1.4,0,false,false,43,true,6430.816842329499,7989.614142398624,0.4001898185255015,0.09908859859501647,0
LRM,1.4,0,false,false,44,true,6430.816842329499,7989.614142398624,0.4001898185255015,0.09908859859501647,0
LRM,1.4,0,false,false,45,false,6430.816842329499,7989.614142398624,0.4001898185255015,0.09908859859501647,0
LRM,1.4,0,false,false,46,false,6430.816842329499,7989.614142398624,0.4001898185255015,0.09908859859501647,0
LRM,1.4,0,false,false,47,true,6430.816842329499,7989.614142398624,0.4001898185255015,0.09908859859501647,0
LRM,1.4,0,false,false,48,true,6430.816842329499,7989.614142398624,0.4001898185255015,0.09908859859501647,0
LRM,1.4,0,false,false,49,true,6430.816842329499,7989.614142398624,0.4001898185255015,0.09908859859501647,0
LRM,1.4,0,false,false,50,true,6430.816842329499,7989.614142398624,0.4001898185255015,0.09908859859501647,0
LRM,1.4,0,false,false,51,true,6430.816842329499,7989.614142398624,0.4001898185255015,0.09908859859501647,0
LRM,1.4,0,false,false,52,false,6430.816842329499,7989.614142398624,0.4001898185255015,0.09908859859501647,0
LRM,1.4,0,false,false,53,true,6430.816842329499,7989.614142398624,0.4001898185255015,0.09908859859501647,0
LRM,1.4,0,false,false,54,false,6430.816842329499,7989.614142398624,0.4001898185255015,0.09908859859501647,0
LRM,1.4,0,false,false,55,true,6430.816842329499,7989.614142398624,0.4001898185255015,0.09908859859501647,0
LRM,1.4,0,false,false,56,true,6430.816842329499,7989.614142398624,0.4001898185255015,0.09908859859501647,0
LRM,1.4,0,false,false,57,true,6430.816842329499,7989.614142398624,0.4001898185255015,0.09908859859501647,0
LRM,1.4,0,false,false,58,true,6430.816842329499,7989.614142398624,0.4001898185255015,0.09908859859501647,0
LRM,1.4,0,false,false,59,true,6430.816842329499,7989.614142398624,0.4001898185255015,0.09908859859501647,0
LRM,1.4,0,false,false,60,false,6430.816842329499,7989.614142398624,0.4001898185255015,0.09908859859501647,0
LRM,1.4,0,false,false,61,false,6430.816842329499,7989.614142398624,0.4001898185255015,0.09908859859501647,0
LRM,1.4,0,false,false,62,false,6430.816842329499,7989.614142398624,0.4001898185255015,0.09908859859501647,0
LRM,1.4,0,false,false,63,true,6430.816842329499,7989.614142398624,0.4001898185255015,0.09908859859501647,0
LRM,1.4,0,false,false,64,true,6430.816842329499,7989.614142398624,0.4001898185255015,0.09908859859501647,0
LRM,1.4,0,false,false,65,true,6430.816842329499,7989.614142398624,0.4001898185255015,0.09908859859501647,0
LRM,1.4,0,false,false,66,true,6430.816842329499,7989.614142398624,0.4001898185255015,0.09908859859501647,0
LRM,1.4,0,false,false,67,true,6430.816842329499,7989.614142398624,0.4001898185255015,0.09908859859501647,0
LRM,1.4,0,false,false,68,false,6430.816842329499,7989.614142398624,0.4001898185255015,0.09908859859501647,0
LRM,1.4,0,false,false,69,true,6430.816842329499,7989.614142398624,0.4001898185255015,0.09908859859501647,0
LRM,1.4,0,false,false,70,true,6430.816842329499,7989.614142398624,0.4001898185255015,0.09908859859501647,0
LRM,1.4,0,false,false,71,true,6430.816842329499,7989.614142398624,0.4001898185255015,0.09908859859501647,0
LRM,1.4,0,false,false,72,true,6430.816842329499,7989.614142398624,0.4001898185255015,0.09908859859501647,0
LRM,1.4,0,false,false,73,true,6430.816842329499,7989.614142398624,0.4001898185255015,0.09908859859501647,0
LRM,1.4,0,false,false,74,true,6430.816842329499,7989.614142398624,0.4001898185255015,0.09908859859501647,0
LRM,1.4,0,false,false,75,true,6430.816842329499,7989.614142398624,0.4001898185255015,0.09908859859501647,0
LRM,1.4,0,false,false,76,true,6430.816842329499,7989.614142398624,0.4001898185255015,0.09908859859501647,0
LRM,1.4,0,false,false,77,true,6430.816842329499,7989.614142398624,0.4001898185255015,0.09908859859501647,0
LRM,1.4,0,false,false,78,true,6430.816842329499,7989.614142398624,0.4001898185255015,0.09908859859501647,0
LRM,1.4,0,false,false,79,true,6430.816842329499,7989.614142398624,0.4001898185255015,0.09908859859501647,0
LRM,1.4,0,false,false,80,true,6430.816842329499,7989.614142398624,0.4001898185255015,0.09908859859501647,0
LRM,1.4,0,false,false,81,true,6430.816842329499,7989.614142398624,0.4001898185255015,0.09908859859501647,0
LRM,1.4,0,false,false,82,true,6430.816842329499,7989.614142398624,0.4001898185255015,0.09908859859501647,0
LRM,1.4,0,false,false,83,true,6430.816842329499,7989.614142398624,0.4001898185255015,0.09908859859501647,0
LRM,1.4,0,false,false,84,true,6430.816842329499,7989.614142398624,0.4001898185255015,0.09908859859501647,0
LRM,1.4,0,false,false,85,true,6430.816842329499,7989.614142398624,0.4001898185255015,0.09908859859501647,0
LRM,1.4,0,false,false,86,true,6430.816842329499,7989.614142398624,0.4001898185255015,0.09908859859501647,0
LRM,1.4,0,false,false,87,true,6430.816842329499,7989.614142398624,0.4001898185255015,0.09908859859501647,0
LRM,1.4,0,false,false,88,true,6430.816842329499,7989.614142398624,0.4001898185255015,0.09908859859501647,0
LRM,1.4,0,false,false,89,false,6430.816842329499,7989.614142398624,0.4001898185255015,0.09908859859501647,0
LRM,1.4,0,false,false,90,true,6430.816842329499,7989.614142398624,0.4001898185255015,0.09908859859501647,0
LRM,1.4,0,false,false,91,true,6430.816842329499,7989.614142398624,0.4001898185255015,0.09908859859501647,0
LRM,1.4,0,false,false,92,true,6430.816842329499,7989.614142398624,0.4001898185255015,0.09908859859501647,0
LRM,1.4,0,false,false,93,true,6430.816842329499,7989.614142398624,0.4001898185255015,0.09908859859501647,0
LRM,1.4,0,false,false,94,false,6430.816842329499,7989.614142398624,0.4001898185255015,0.09908859859501647,0
LRM,1.4,0,false,false,95,true,6430.816842329499,7989.614142398624,0.4001898185255015,0.09908859859501647,0
LRM,1.4,0,false,false,96,true,6430.816842329499,7989.614142398624,0.4001898185255015,0.09908859859501647,0
LRM,1.4,0,false,false,97,true,6430.816842329499,7989.614142398624,0.4001898185255015,0.09908859859501647,0
LRM,1.4,0,false,false,98,true,6430.816842329499,7989.614142398624,0.4001898185255015,0.09908859859501647,0
LRM,1.4,0,false,false,99,true,6430.816842329499,7989.614142398624,0.4001898185255015,0.09908859859501647,0
LRM,1.4,0,false,false,100,false,6430.816842329499,7989.614142398624,0.4001898185255015,0.09908859859501647,0
LRM,1.4,0,false,false,101,true,6430.816842329499,7989.614142398624,0.4001898185255015,0.09908859859501647,0
LRM,1.4,0,false,false,102,true,6430.816842329499,7989.614142398624,0.4001898185255015,0.09908859859501647,0
LRM,1.4,0,false,false,103,true,6430.816842329499,7989.614142398624,0.4001898185255015,0.09908859859501647,0
LRM,1.4,0,false,false,104,true,6430.816842329499,7989.614142398624,0.4001898185255015,0.09908859859501647,0
LRM,1.4,0,false,false,105,true,6430.816842329499,7989.614142398624,0.4001898185255015,0.09908859859501647,0
LRM,1.4,0,false,false,106,true,6430.816842329499,7989.614142398624,0.4001898185255015,0.09908859859501647,0
LRM,1.4,0,false,false,107,true,6430.816842329499,7989.614142398624,0.4001898185255015,0.09908859859501647,0
LRM,1.4,0,false,false,108,false,6430.816842329499,7989.614142398624,0.4001898185255015,0.09908859859501647,0
LRM,1.4,0,false,false,109,true,6430.816842329499,7989.614142398624,0.4001898185255015,0.09908859859501647,0
LRM,1.4,0,false,false,110,true,6430.816842329499,7989.614142398624,0.4001898185255015,0.09908859859501647,0
LRM,1.4,0,false,false,111,true,6430.816842329499,7989.614142398624,0.4001898185255015,0.09908859859501647,0
LRM,1.4,0,false,false,112,false,6430.816842329499,7989.614142398624,0.4001898185255015,0.09908859859501647,0
LRM,1.4,0,false,false,113,true,6430.816842329499,7989.614142398624,0.4001898185255015,0.09908859859501647,0
LRM,1.4,0,false,false,114,true,6430.816842329499,7989.614142398624,0.4001898185255015,0.09908859859501647,0
LRM,1.4,0,false,false,115,false,6430.816842329499,7989.614142398624,0.4001898185255015,0.09908859859501647,0
LRM,1.4,0,false,false,116,false,6430.816842329499,7989.614142398624,0.4001898185255015,0.09908859859501647,0
LRM,1.4,0,false,false,117,true,6430.816842329499,7989.614142398624,0.4001898185255015,0.09908859859501647,0
LRM,1.4,0,false,false,118,true,6430.816842329499,7989.614142398624,0.4001898185255015,0.09908859859501647,0
LRM,1.4,0,false,false,119,true,6430.816842329499,7989.614142398624,0.4001898185255015,0.09908859859501647,0
LRM,1.4,0,false,false,120,true,6430.816842329499,7989.614142398624,0.4001898185255015,0.09908859859501647,0
LRM,1.4,0,false,false,121,true,6430.816842329499,7989.614142398624,0.4001898185255015,0.09908859859501647,0
LRM,1.4,0,false,false,122,true,6430.816842329499,7989.614142398624,0.4001898185255015,0.09908859859501647,0
LRM,1.4,0,false,false,123,false,6430.816842329499,7989.614142398624,0.4001898185255015,0.09908859859501647,0
LRM,1.4,0,false,false,124,true,6430.816842329499,7989.614142398624,0.4001898185255015,0.09908859859501647,0
LRM,1.4,0,false,false,125,true,6430.816842329499,7989.614142398624,0.4001898185255015,0.09908859859501647,0
LRM,1.4,0,false,false,126,true,6430.816842329499,7989.614142398624,0.4001898185255015,0.09908859859501647,0
LRM,1.4,0,false,false,127,true,6430.816842329499,7989.614142398624,0.4001898185255015,0.09908859859501647,0
LRM,1.4,0,false,false,128,true,6430.816842329499,7989.614142398624,0.4001898185255015,0.09908859859501647,0
LRM,1.4,0,false,false,129,false,6430.816842329499,7989.614142398624,0.4001898185255015,0.09908859859501647,0
LRM,1.4,0,false,false,130,false,6430.816842329499,7989.614142398624,0.4001898185255015,0.09908859859501647,0
LRM,1.4,0,false,false,131,true,6430.816842329499,7989.614142398624,0.4001898185255015,0.09908859859501647,0
LRM,1.4,0,false,false,132,true,6430.816842329499,7989.614142398624,0.4001898185255015,0.09908859859501647,0
LRM,1.4,0,false,false,133,true,6430.816842329499,7989.614142398624,0.4001898185255015,0.09908859859501647,0
LRM,1.4,0,false,false,134,true,6430.816842329499,7989.614142398624,0.4001898185255015,0.09908859859501647,0
LRM,1.4,0,false,false,135,false,6430.816842329499,7989.614142398624,0.4001898185255015,0.09908859859501647,0
LRM,1.4,0,false,false,136,true,6430.816842329499,7989.614142398624,0.4001898185255015,0.09908859859501647,0
LRM,1.4,0,false,false,137,true,6430.816842329499,7989.614142398624,0.4001898185255015,0.09908859859501647,0
LRM,1.4,0,false,false,138,true,6430.816842329499,7989.614142398624,0.4001898185255015,0.09908859859501647,0
LRM,1.4,0,false,false,139,true,6430.816842329499,7989.614142398624,0.4001898185255015,0.09908859859501647,0
LRM,1.4,0,false,false,140,false,6430.816842329499,7989.614142398624,0.4001898185255015,0.09908859859501647,0
LRM,1.4,0,false,false,141,true,6430.816842329499,7989.614142398624,0.4001898185255015,0.09908859859501647,0
LRM,1.4,0,false,false,142,false,6430.816842329499,7989.614142398624,0.4001898185255015,0.09908859859501647,0
LRM,1.4,0,false,false,143,true,6430.816842329499,7989.614142398624,0.4001898185255015,0.09908859859501647,0
LRM,1.4,0,false,false,144,true,6430.816842329499,7989.614142398624,0.4001898185255015,0.09908859859501647,0
LRM,1.4,0,false,false,145,false,6430.816842329499,7989.614142398624,0.4001898185255015,0.09908859859501647,0
LRM,1.4,0,false,false,146,true,6430.816842329499,7989.614142398624,0.4001898185255015,0.09908859859501647,0
LRM,1.4,0,false,false,147,true,6430.816842329499,7989.614142398624,0.4001898185255015,0.09908859859501647,0
LRM,1.4,0,false,false,148,false,6430.816842329499,7989.614142398624,0.4001898185255015,0.09908859859501647,0
LRM,1.4,0,false,false,149,true,6430.816842329499,7989.614142398624,0.4001898185255015,0.09908859859501647,0
LRM,1.4,0,false,false,150,true,6430.816842329499,7989.614142398624,0.4001898185255015,0.09908859859501647,0
LRM,1.4,0,false,false,151,true,6430.816842329499,7989.614142398624,0.4001898185255015,0.09908859859501647,0
LRM,1.4,0,false,false,152,false,6430.816842329499,7989.614142398624,0.4001898185255015,0.09908859859501647,0
LRM,1.4,0,false,false,153,true,6430.816842329499,7989.614142398624,0.4001898185255015,0.09908859859501647,0
LRM,1.4,0,false,false,154,true,6430.816842329499,7989.614142398624,0.4001898185255015,0.09908859859501647,0
LRM,1.4,0,false,false,155,true,6430.816842329499,7989.614142398624,0.4001898185255015,0.09908859859501647,0
LRM,1.4,0,false,false,156,true,6430.816842329499,7989.614142398624,0.4001898185255015,0.09908859859501647,0
LRM,1.4,0,false,false,157,false,6430.816842329499,7989.614142398624,0.4001898185255015,0.09908859859501647,0
LRM,1.4,0,false,false,158,false,6430.816842329499,7989.614142398624,0.4001898185255015,0.09908859859501647,0
LRM,1.4,0,false,false,159,true,6430.816842329499,7989.614142398624,0.4001898185255015,0.09908859859501647,0
LRM,1.4,0,false,false,160,true,6430.816842329499,7989.614142398624,0.4001898185255015,0.09908859859501647,0
LRM,1.4,0,false,false,161,true,6430.816842329499,7989.614142398624,0.4001898185255015,0.09908859859501647,0
LRM,1.4,0,false,false,162,true,6430.816842329499,7989.614142398624,0.4001898185255015,0.09908859859501647,0
LRM,1.4,0,false,false,163,true,6430.816842329499,7989.614142398624,0.4001898185255015,0.09908859859501647,0
LRM,1.4,0,false,false,164,false,6430.816842329499,7989.614142398624,0.4001898185255015,0.09908859859501647,0
LRM,1.4,0,false,false,165,true,6430.816842329499,7989.614142398624,0.4001898185255015,0.09908859859501647,0
LRM,1.4,0,false,false,166,true,6430.816842329499,7989.614142398624,0.4001898185255015,0.09908859859501647,0
LRM,1.4,0,false,false,167,false,6430.816842329499,7989.614142398624,0.4001898185255015,0.09908859859501647,0
LRM,1.4,0,false,false,168,true,6430.816842329499,7989.614142398624,0.4001898185255015,0.09908859859501647,0
LRM,1.4,0,false,false,169,false,6430.816842329499,7989.614142398624,0.4001898185255015,0.09908859859501647,0
LRM,1.4,0,false,false,170,false,6430.816842329499,7989.614142398624,0.4001898185255015,0.09908859859501647,0
LRM,1.4,0,false,false,171,false,6430.816842329499,7989.614142398624,0.4001898185255015,0.09908859859501647,0
LRM,1.4,0,false,false,172,true,6430.816842329499,7989.614142398624,0.4001898185255015,0.09908859859501647,0
LRM,1.4,0,false,false,173,true,6430.816842329499,7989.614142398624,0.4001898185255015,0.09908859859501647,0
LRM,1.4,0,false,false,174,true,6430.816842329499,7989.614142398624,0.4001898185255015,0.09908859859501647,0
LRM,1.4,0,false,false,175,true,6430.816842329499,7989.614142398624,0.4001898185255015,0.09908859859501647,0
LRM,1.4,0,false,false,176,true,6430.816842329499,7989.614142398624,0.4001898185255015,0.09908859859501647,0
LRM,1.4,0,false,false,177,false,6430.816842329499,7989.614142398624,0.4001898185255015,0.09908859859501647,0
LRM,1.4,0,false,false,178,false,6430.816842329499,7989.614142398624,0.4001898185255015,0.09908859859501647,0
LRM,1.4,0,false,false,179,false,6430.816842329499,7989.614142398624,0.4001898185255015,0.09908859859501647,0
LRM,1.4,0,false,false,180,true,6430.816842329499,7989.614142398624,0.4001898185255015,0.09908859859501647,0
LRM,1.4,0,false,false,181,true,6430.816842329499,7989.614142398624,0.4001898185255015,0.09908859859501647,0
LRM,1.4,0,false,false,182,true,6430.816842329499,7989.614142398624,0.4001898185255015,0.09908859859501647,0
LRM,1.4,0,false,false,183,true,6430.816842329499,7989.614142398624,0.4001898185255015,0.09908859859501647,0
LRM,1.4,0,false,false,184,true,6430.816842329499,7989.614142398624,0.4001898185255015,0.09908859859501647,0
LRM,1.4,0,false,false,185,true,6430.816842329499,7989.614142398624,0.4001898185255015,0.09908859859501647,0
LRM,1.4,0,false,false,186,true,6430.816842329499,7989.614142398624,0.4001898185255015,0.09908859859501647,0
LRM,1.4,0,false,false,187,true,6430.816842329499,7989.614142398624,0.4001898185255015,0.09908859859501647,0
LRM,1.4,0,false,false,188,true,6430.816842329499,7989.614142398624,0.4001898185255015,0.09908859859501647,0
LRM,1.4,0,false,false,189,true,6430.816842329499,7989.614142398624,0.4001898185255015,0.09908859859501647,0
LRM,1.4,0,false,false,190,true,6430.816842329499,7989.614142398624,0.4001898185255015,0.09908859859501647,0
LRM,1.4,0,false,false,191,false,6430.816842329499,7989.614142398624,0.4001898185255015,0.09908859859501647,0
LRM,1.4,0,false,false,192,true,6430.816842329499,7989.614142398624,0.4001898185255015,0.09908859859501647,0
LRM,1.4,0,false,false,193,true,6430.816842329499,7989.614142398624,0.4001898185255015,0.09908859859501647,0
LRM,1.4,0,false,false,194,false,6430.816842329499,7989.614142398624,0.4001898185255015,0.09908859859501647,0
LRM,1.4,0,false,false,195,false,6430.816842329499,7989.614142398624,0.4001898185255015,0.09908859859501647,0
LRM,1.4,0,false,false,196,true,6430.816842329499,7989.614142398624,0.4001898185255015,0.09908859859501647,0
LRM,1.4,0,false,false,197,true,6430.816842329499,7989.614142398624,0.4001898185255015,0.09908859859501647,0
LRM,1.4,0,false,false,198,false,6430.816842329499,7989.614142398624,0.4001898185255015,0.09908859859501647,0
LRM,1.4,0,false,false,199,true,6430.816842329499,7989.614142398624,0.4001898185255015,0.09908859859501647,0
LRM,1.4,0,false,false,200,false,6430.816842329499,7989.614142398624,0.4001898185255015,0.09908859859501647,0
LRM,1.4,0,false,false,201,true,6430.816842329499,7989.614142398624,0.4001898185255015,0.09908859859501647,0
LRM,1.4,0,false,false,202,true,6430.816842329499,7989.614142398624,0.4001898185255015,0.09908859859501647,0
LRM,1.4,0,false,false,203,true,6430.816842329499,7989.614142398624,0.4001898185255015,0.09908859859501647,0
LRM,1.4,0,false,false,204,false,6430.816842329499,7989.614142398624,0.4001898185255015,0.09908859859501647,0
LRM,1.4,0,false,false,205,true,6430.816842329499,7989.614142398624,0.4001898185255015,0.09908859859501647,0
LRM,1.4,0,false,false,206,true,6430.816842329499,7989.614142398624,0.4001898185255015,0.09908859859501647,0
LRM,1.4,0,false,false,207,true,6430.816842329499,7989.614142398624,0.4001898185255015,0.09908859859501647,0
LRM,1.4,0,false,false,208,false,6430.816842329499,7989.614142398624,0.4001898185255015,0.09908859859501647,0
LRM,1.4,0,false,false,209,true,6430.816842329499,7989.614142398624,0.4001898185255015,0.09908859859501647,0
LRM,1.4,0,false,false,210,false,6430.816842329499,7989.614142398624,0.4001898185255015,0.09908859859501647,0
LRM,1.4,0,false,false,211,true,6430.816842329499,7989.614142398624,0.4001898185255015,0.09908859859501647,0
LRM,1.4,0,false,false,212,false,6430.816842329499,7989.614142398624,0.4001898185255015,0.09908859859501647,0
LRM,1.4,0,false,false,213,false,6430.816842329499,7989.614142398624,0.4001898185255015,0.09908859859501647,0
LRM,1.4,0,false,false,214,false,6430.816842329499,7989.614142398624,0.4001898185255015,0.09908859859501647,0
LRM,1.4,0,false,false,215,true,6430.816842329499,7989.614142398624,0.4001898185255015,0.09908859859501647,0
LRM,1.4,0,false,false,216,true,6430.816842329499,7989.614142398624,0.4001898185255015,0.09908859859501647,0
LRM,1.4,0,false,false,217,true,6430.816842329499,7989.614142398624,0.4001898185255015,0.09908859859501647,0
LRM,1.4,0,false,false,218,true,6430.816842329499,7989.614142398624,0.4001898185255015,0.09908859859501647,0
LRM,1.4,0,false,false,219,true,6430.816842329499,7989.614142398624,0.4001898185255015,0.09908859859501647,0
LRM,1.4,0,false,false,220,false,6430.816842329499,7989.614142398624,0.4001898185255015,0.09908859859501647,0
LRM,1.4,0,false,false,221,false,6430.816842329499,7989.614142398624,0.4001898185255015,0.09908859859501647,0
LRM,1.4,0,false,false,222,true,6430.816842329499,7989.614142398624,0.4001898185255015,0.09908859859501647,0
LRM,1.4,0,false,false,223,true,6430.816842329499,7989.614142398624,0.4001898185255015,0.09908859859501647,0
LRM,1.4,0,false,false,224,true,6430.816842329499,7989.614142398624,0.4001898185255015,0.09908859859501647,0
LRM,1.4,0,false,false,225,false,6430.816842329499,7989.614142398624,0.4001898185255015,0.09908859859501647,0
LRM,1.4,0,false,false,226,true,6430.816842329499,7989.614142398624,0.4001898185255015,0.09908859859501647,0
LRM,1.4,0,false,false,227,true,6430.816842329499,7989.614142398624,0.4001898185255015,0.09908859859501647,0
LRM,1.4,0,false,false,228,true,6430.816842329499,7989.614142398624,0.4001898185255015,0.09908859859501647,0
LRM,1.4,0,false,false,229,true,6430.816842329499,7989.614142398624,0.4001898185255015,0.09908859859501647,0
LRM,1.4,0,false,false,230,true,6430.816842329499,7989.614142398624,0.4001898185255015,0.09908859859501647,0
LRM,1.4,0,false,false,231,false,6430.816842329499,7989.614142398624,0.4001898185255015,0.09908859859501647,0
LRM,1.4,0,false,false,232,true,6430.816842329499,7989.614142398624,0.4001898185255015,0.09908859859501647,0
LRM,1.4,0,false,false,233,true,6430.816842329499,7989.614142398624,0.4001898185255015,0.09908859859501647,0
LRM,1.4,0,false,false,234,true,6430.816842329499,7989.614142398624,0.4001898185255015,0.09908859859501647,0
LRM,1.4,0,false,false,235,true,6430.816842329499,7989.614142398624,0.4001898185255015,0.09908859859501647,0
LRM,1.4,0,false,false,236,true,6430.816842329499,7989.614142398624,0.4001898185255015,0.09908859859501647,0
LRM,1.4,0,false,false,237,true,6430.816842329499,7989.614142398624,0.4001898185255015,0.09908859859501647,0
LRM,1.4,0,false,false,238,false,6430.816842329499,7989.614142398624,0.4001898185255015,0.09908859859501647,0
LRM,1.4,0,false,false,239,true,6430.816842329499,7989.614142398624,0.4001898185255015,0.09908859859501647,0
LRM,1.4,0,false,false,240,false,6430.816842329499,7989.614142398624,0.4001898185255015,0.09908859859501647,0
LRM,1.4,0,false,false,241,true,6430.816842329499,7989.614142398624,0.4001898185255015,0.09908859859501647,0
LRM,1.4,0,false,false,242,true,6430.816842329499,7989.614142398624,0.4001898185255015,0.09908859859501647,0
LRM,1.4,0,false,false,243,true,6430.816842329499,7989.614142398624,0.4001898185255015,0.09908859859501647,0
LRM,1.4,0,false,false,244,false,6430.816842329499,7989.614142398624,0.4001898185255015,0.09908859859501647,0
LRM,1.4,0,false,false,245,true,6430.816842329499,7989.614142398624,0.4001898185255015,0.09908859859501647,0
LRM,1.4,0,false,false,246,true,6430.816842329499,7989.614142398624,0.4001898185255015,0.09908859859501647,0
LRM,1.4,0,false,false,247,false,6430.816842329499,7989.614142398624,0.4001898185255015,0.09908859859501647,0
LRM,1.4,0,false,false,248,false,6430.816842329499,7989.614142398624,0.4001898185255015,0.09908859859501647,0
LRM,1.4,0,false,false,249,true,6430.816842329499,7989.614142398624,0.4001898185255015,0.09908859859501647,0
LRM,1.4,0,false,false,250,true,6430.816842329499,7989.614142398624,0.4001898185255015,0.09908859859501647,0
LRM,1.4,0,false,false,251,true,6430.816842329499,7989.614142398624,0.4001898185255015,0.09908859859501647,0
LRM,1.4,0,false,false,252,true,6430.816842329499,7989.614142398624,0.4001898185255015,0.09908859859501647,0
LRM,1.4,0,false,false,253,true,6430.816842329499,7989.614142398624,0.4001898185255015,0.09908859859501647,0
LRM,1.4,0,false,false,254,true,6430.816842329499,7989.614142398624,0.4001898185255015,0.09908859859501647,0
LRM,1.4,0,false,false,255,true,6430.816842329499,7989.614142398624,0.4001898185255015,0.09908859859501647,0
LRM,1.4,0,true,false,0,false,7065.119672259636,0,0.4000514513909641,0.0952212487738348,0
LRM,1.4,0,true,false,1,false,7065.118443421985,0.0000000000023510082769462315,0.40005121262512605,0.09522240326636902,0
LRM,1.4,0,true,false,2,false,7065.120145452755,0,0.4000515362418079,0.09522082401108045,0
LRM,1.4,0,true,false,3,false,7065.118684452495,0,0.40005126157550963,0.09522217091477785,0
LRM,1.4,0,true,false,4,false,7065.12066765748,0.0000000000008497647030480948,0.40005162537155303,0.09522036788550785,0
LRM,1.4,0,true,false,5,false,7065.117969200562,0.000000000003887778987632373,0.40005111322850706,0.09522286907549748,0
LRM,1.4,0,true,false,6,false,7065.120485741194,0,0.4000515948522722,0.09522052530510987,0
LRM,1.4,0,true,false,7,false,7065.119300874192,0,0.4000513820568929,0.09522158979002296,0
LRM,1.4,0,true,false,8,false,7065.11843382562,0.0000000000020459189897792385,0.4000512106502262,0.09522241259814408,0
LRM,1.4,0,true,false,9,false,7065.120675206946,0.0000000000002353672812205332,0.40005162663593685,0.09522036133519914,0
LRM,1.4,0,true,false,10,false,7065.117528660408,0,0.4000510171966334,0.09522331214352196,0
LRM,1.4,0,true,false,11,false,7065.117601619641,0.0000000000066282535016171096,0.4000510333512295,0.09522323805926204,0
LRM,1.4,0,true,false,12,false,7065.1202991041055,0,0.40005156295204203,0.09522068845243827,0
LRM,1.4,0,true,false,13,false,7065.120118667942,0,0.40005153153716666,0.09522084779268837,0
LRM,1.4,0,true,false,14,false,7065.117762477116,0.0000000000022359891715950653,0.4000510686110506,0.09522307573873541,0
LRM,1.4,0,true,false,15,false,7065.120747550952,0,0.4000516386006685,0.09522029922707005,0
LRM,1.4,0,true,false,16,false,7065.118782846604,0.000000000004021227795192317,0.40005128126676537,0.09522207685965568,0
LRM,1.4,0,true,false,17,false,7065.1178190740875,0,0.40005108089836783,0.09522301896900076,0
LRM,1.4,0,true,false,18,false,7065.118855443236,0.000000000005146105763742526,0.40005129567316705,0.09522200782908799,0
LRM,1.4,0,true,false,19,false,7065.120611755455,0.000000000003559819106158102,0.4000516160551599,0.095220416082571,0
LRM,1.4,0,true,false,20,false,7065.118384736196,0.000000000002269961996148595,0.40005120054433035,0.0952224603000732,0
LRM,1.4,0,true,false,21,false,7065.11857440454,0,0.40005123935746345,0.09522227663036187,0
LRM,1.4,0,true,false,22,false,7065.119465656693,0.0000000000020328183580886616,0.4000514131205802,0.09522143764115895,0
LRM,1.4,0,true,false,23,false,7065.119644955788,0.00000000000344058115331336,0.4000514463752797,0.09522127361895825,0
LRM,1.4,0,true,false,24,false,7065.117727004167,0,0.40005106087727754,0.0952231114160435,0
LRM,1.4,0,true,false,25,false,7065.120754464101,0,0.40005163973717806,0.09522029331651308,0
LRM,1.4,0,true,false,26,false,7065.118619213797,0.00000000000369082542306387,0.4000512484248455,0.09522223353899585,0
LRM,1.4,0,true,false,27,false,7065.118425012521,0.000000000005011990822367807,0.40005120883733425,0.09522242116313588,0
LRM,1.4,0,true,false,28,false,7065.1193973396275,0.000000000002892797112963308,0.40005140029770553,0.09522150056990225,0
LRM,1.4,0,true,false,29,false,7065.11798107824,0.000000000005080602605289641,0.40005111576550995,0.09522285728108139,0
LRM,1.4,0,true,false,30,false,7065.120770748536,0.0000000000007933653733971369,0.4000516424201927,0.09522027935462297,0
LRM,1.4,0,true,false,31,false,7065.1189756135645,0,0.400051319335251,0.09522189403103225,0
LRM,1.4,0,true,false,32,false,7065.120600952222,0,0.40005161425476404,0.09522042538186831,0
LRM,1.4,0,true,false,33,false,7065.117464644896,0.000000000003807398840649512,0.4000510029453294,0.09522337735261001,0
LRM,1.4,0,true,false,34,false,7065.120463689554,0,0.4000515911212653,0.09522054445860345,0
LRM,1.4,0,true,false,35,false,7065.117536621099,0.0000000000042095216201687435,0.40005101896630046,0.0952233040366596,0
LRM,1.4,0,true,false,36,false,7065.117923581027,0,0.400051103447865,0.09522291450222005,0
LRM,1.4,0,true,false,37,false,7065.12052354842,0,0.4000516012469854,0.0952204924312257,0
LRM,1.4,0,true,false,38,false,7065.1175302457905,0.00000000000013100631690576847,0.4000510175581702,0.09522331048623787,0
LRM,1.4,0,true,false,39,false,7065.118447752518,0,0.40005121350814904,0.0952223990939847,0
LRM,1.4,0,true,false,40,false,7065.119096078798,0,0.40005134277654875,0.09522178077595578,0
LRM,1.4,0,true,false,41,false,7065.119665199082,0.000000000004418243548798273,0.4000514500993762,0.0952212551742273,0
LRM,1.4,0,true,false,42,false,7065.11990701172,0.0000000000008750777880095484,0.40005149397320405,0.09522103668571634,0
LRM,1.4,0,true,false,43,false,7065.117624295003,0,0.4000510383487195,0.09522321510536672,0
LRM,1.4,0,true,false,44,false,7065.120670720777,0.000000000004371614181764016,0.40005162588093407,0.095220365247246,0
LRM,1.4,0,true,false,45,false,7065.120822545152,0,0.4000516509212139,0.0952202350464846,0
LRM,1.4,0,true,false,46,false,7065.119615838975,0,0.4000514410123318,0.09522130015277949,0
LRM,1.4,0,true,false,47,false,7065.118073457494,0.00000000000344013706410351,0.40005113542416293,0.09522276572394918,0
LRM,1.4,0,true,false,48,false,7065.120243257856,0.000000000005857758722527251,0.4000515532915211,0.095220737588955,0
LRM,1.4,0,true,false,49,false,7065.117634555031,0.000000000003475664200891515,0.4000510406149252,0.09522320469041166,0
LRM,1.4,0,true,false,50,false,7065.118461426341,0,0.40005121631062646,0.09522238584386916,0
LRM,1.4,0,true,false,51,false,7065.1190263766,0.0000000000011046719095020308,0.4000513292435319,0.09522184622366439,0
LRM,1.4,0,true,false,52,false,7065.120759862523,0.000000000004505729123138735,0.4000516406272778,0.09522028868541763,0
LRM,1.4,0,true,false,53,false,7065.1181453858635,0.0000000000004363176486776865,0.40005115062554586,0.09522269472433434,0
LRM,1.4,0,true,false,54,false,7065.118083021459,0,0.4000511374510516,0.09522275626659489,0
LRM,1.4,0,true,false,55,false,7065.117582939882,0.000000000004995781566208279,0.4000510292285884,0.09522325698160256,0
LRM,1.4,0,true,false,56,false,7065.120624915581,0,0.40005161825715135,0.09522040470270147,0
LRM,1.4,0,true,false,57,false,7065.119478055078,0.000000000005069278330438465,0.40005141543944767,0.09522142624231567,0
LRM,1.4,0,true,false,58,false,7065.120344625063,0,0.40005157079138576,0.09522064848730101,0
LRM,1.4,0,true,false,59,false,7065.119015358406,0.0000000000019333423750822476,0.4000513270958393,0.09522185659455358,0
LRM,1.4,0,true,false,60,false,7065.118526568484,0,0.4000512296229366,0.09522232281477681,0
LRM,1.4,0,true,false,61,false,7065.118774835873,0,0.40005127966851234,0.09522208450756099,0
LRM,1.4,0,true,false,62,false,7065.118288252359,0.000000000003197664355525376,0.4000511805488225,0.09522255443930974,0
LRM,1.4,0,true,false,63,false,7065.1191261435115,0.0000000000007618350394977824,0.4000513485874354,0.09522175261971892,0
LRM,1.4,0,true,false,64,false,7065.117680859178,0.000000000004584332913282196,0.4000510507807635,0.09522315792959427,0
LRM,1.4,0,true,false,65,false,7065.118202201685,0,0.40005116257579676,0.09522263878338522,0
LRM,1.4,0,true,false,66,false,7065.11940261106,0,0.40005140128686856,0.09522149572239208,0
LRM,1.4,0,true,false,67,false,7065.118539277316,0.0000000000012019274464591945,0.4000512322187055,0.09522231050693522,0
LRM,1.4,0,true,false,68,false,7065.118994612703,0,0.40005132303800484,0.09522187617631818,0
LRM,1.4,0,true,false,69,false,7065.120455831434,0.0000000000047335468877918174,0.4000515897863115,0.09522055130775733,0
LRM,1.4,0,true,false,70,false,7065.118561133967,0.000000000003822941962994264,0.400051236665459,0.09522228940960326,0
LRM,1.4,0,true,false,71,false,7065.1193270074755,0.0000000000023712143359944093,0.40005138701707105,0.09522156556236944,0
LRM,1.4,0,true,false,72,false,7065.120640489135,0.000000000004452438417956728,0.4000516208493423,0.09522039129629932,0
LRM,1.4,0,true,false,73,false,7065.119400327662,0.0000000000009325873406851315,0.40005140086553737,0.09522149778631267,0
LRM,1.4,0,true,false,74,false,7065.119928313185,0.000000000003787858915416109,0.400051497782553,0.09522101760865996,0
LRM,1.4,0,true,false,75,false,7065.1200774607305,0.0000000000016682211168017602,0.40005152428517726,0.09522088439584823,0
LRM,1.4,0,true,false,76,false,7065.117530535881,0,0.4000510176116837,0.09522331024232376,0
LRM,1.4,0,true,false,77,false,7065.119065174931,0.0000000000012179146580137967,0.4000513367890614,0.09522180975480812,0
LRM,1.4,0,true,false,78,false,7065.118399120456,0.000000000004327871394593785,0.40005120350676593,0.09522244632595146,0
LRM,1.4,0,true,false,79,false,7065.120131582729,0.000000000005262901225933092,0.40005153380596437,0.09522083632738014,0
LRM,1.4,0,true,false,80,false,7065.117902343021,0,0.4000510988743352,0.09522293572113352,0
LRM,1.4,0,true,false,81,false,7065.120126102659,0,0.40005153284355044,0.0952208411918994,0
LRM,1.4,0,true,false,82,false,7065.117939896407,0.000000000004865219338512361,0.4000511069477517,0.09522289825545185,0
LRM,1.4,0,true,false,83,false,7065.117685266492,0.0000000000056208371290722425,0.40005105174280836,0.09522315350082014,0
LRM,1.4,0,true,false,84,false,7065.118177695564,0,0.4000511574240396,0.09522266291384121,0
LRM,1.4,0,true,false,85,false,7065.120047746865,0,0.4000515190341736,0.09522091085851178,0
LRM,1.4,0,true,false,86,false,7065.119485024258,0,0.4000514167448773,0.09522141982345532,0
LRM,1.4,0,true,false,87,false,7065.119840180921,0,0.4000514819499471,0.09522109678354557,0
LRM,1.4,0,true,false,88,false,7065.120636601359,0,0.40005162020435137,0.09522039463336028,0
LRM,1.4,0,true,false,89,false,7065.12018368078,0.0000000000006368239269249898,0.4000515429189616,0.09522079021054268,0
LRM,1.4,0,true,false,90,false,7065.118531164724,0,0.4000512305643809,0.09522231835142328,0
LRM,1.4,0,true,false,91,false,7065.120596499964,0,0.40005161350350155,0.0952204292605607,0
LRM,1.4,0,true,false,92,false,7065.11853151552,0,0.400051230636823,0.09522231800715149,0
LRM,1.4,0,true,false,93,false,7065.118272591638,0,0.40005117727957323,0.09522256980094919,0
LRM,1.4,0,true,false,94,false,7065.117883231525,0,0.40005109476636563,0.09522295476536555,0
LRM,1.4,0,true,false,95,false,7065.119601475386,0.000000000004448663659673002,0.40005143836046697,0.09522131326123005,0
LRM,1.4,0,true,false,96,false,7065.118779673169,0,0.4000512806363888,0.09522207987641292,0
LRM,1.4,0,true,false,97,false,7065.117697790787,0.0000000000010815792705898275,0.40005105448940137,0.09522314085296453,0
LRM,1.4,0,true,false,98,false,7065.118375979631,0,0.40005119873286316,0.0952224688425995,0
LRM,1.4,0,true,false,99,false,7065.118226923556,0,0.40005116774305194,0.09522261456095277,0
LRM,1.4,0,true,false,100,false,7065.1176683568365,0.0000000000032245317527213047,0.4000510480352653,0.09522317056654213,0
LRM,1.4,0,true,false,101,false,7065.120050018699,0.00000000000004707345624410664,0.4000515194442169,0.09522090879322695,0
LRM,1.4,0,true,false,102,false,7065.118545174032,0.0000000000010953460360951794,0.4000512334111193,0.0952223048522994,0
LRM,1.4,0,true,false,103,false,7065.117969185078,0,0.4000511132233667,0.09522286909974055,0
LRM,1.4,0,true,false,104,false,7065.117968271503,0.000000000003652633751016765,0.4000511130228027,0.09522287003265849,0
LRM,1.4,0,true,false,105,false,7065.120230818279,0,0.40005155113616875,0.09522074853471965,0
LRM,1.4,0,true,false,106,false,7065.120786259519,0,0.4000516449729709,0.09522026606157498,0
LRM,1.4,0,true,false,107,false,7065.120651917279,0.000000000006550981979103199,0.40005162276375994,0.09522038138979581,0
LRM,1.4,0,true,false,108,false,7065.119434587167,0.000000000006151301690238142,0.40005140730446587,0.09522146620532966,0
LRM,1.4,0,true,false,109,false,7065.118062661468,0.000000000006126210649881614,0.40005113313548557,0.09522277639743743,0
LRM,1.4,0,true,false,110,false,7065.119909659922,0,0.4000514944431665,0.09522103433267243,0
LRM,1.4,0,true,false,111,false,7065.117925937703,0.000000000004193978497823991,0.400051103947661,0.09522291218412873,0
LRM,1.4,0,true,false,112,false,7065.119872020642,0.0000000000002935429677108914,0.4000514876843646,0.0952210681411521,0
LRM,1.4,0,true,false,113,false,7065.118811115449,0.0000000000021738166822160565,0.40005128689361635,0.09522204991981931,0
LRM,1.4,0,true,false,114,false,7065.11826493095,0.0000000000057620574978045624,0.40005117568990584,0.09522257726651324,0
LRM,1.4,0,true,false,115,false,7065.119852419364,0,0.40005148415684577,0.09522108576511469,0
LRM,1.4,0,true,false,116,false,7065.119459526551,0.000000000005211830966800335,0.40005141197177785,0.09522144328661376,0
LRM,1.4,0,true,false,117,false,7065.118789230348,0,0.40005128253311045,0.09522207080013058,0
LRM,1.4,0,true,false,118,false,7065.117837058728,0,0.40005108480159224,0.09522300091204644,0
LRM,1.4,0,true,false,119,false,7065.118241661249,0,0.40005117082552333,0.09522260010165319,0
LRM,1.4,0,true,false,120,false,7065.118316123253,0.00000000000044431125445498765,0.4000511863327989,0.0952225272422853,0
LRM,1.4,0,true,false,121,false,7065.119369361898,0.0000000000020308199566443363,0.4000513950235191,0.09522152640262832,0
LRM,1.4,0,true,false,122,false,7065.117701471616,0,0.40005105529715196,0.09522313713174588,0
LRM,1.4,0,true,false,123,false,7065.119602215337,0,0.4000514385056451,0.09522131254374681,0
LRM,1.4,0,true,false,124,false,7065.119897521075,0.0000000000011477485628574868,0.4000514922618392,0.09522104524983659,0
LRM,1.4,0,true,false,125,false,7065.120774744665,0,0.40005164308285346,0.09522027590495999,0
LRM,1.4,0,true,false,126,false,7065.117573068392,0,0.4000510270416053,0.09522326701573094,0
LRM,1.4,0,true,false,127,false,7065.120573243097,0,0.4000516096038495,0.09522044938310878,0
LRM,1.4,0,true,false,128,false,7065.118735675927,0,0.4000512718456485,0.09522212190323702,0
LRM,1.4,0,true,false,129,false,7065.119699568552,0,0.40005145639836814,0.09522122394197284,0
LRM,1.4,0,true,false,130,false,7065.118301300568,0.00000000000113509202037676,0.40005118325690026,0.09522254170810569,0
LRM,1.4,0,true,false,131,false,7065.120807417525,0.000000000005007549930269306,0.4000516484342045,0.09522024802000068,0
LRM,1.4,0,true,false,132,false,7065.120622137284,0,0.4000516177886269,0.09522040712430736,0
LRM,1.4,0,true,false,133,false,7065.12012766876,0.000000000006622924431098909,0.40005153311458885,0.09522083982231247,0
LRM,1.4,0,true,false,134,false,7065.120633172705,0.0000000000031616931295275208,0.400051619630537,0.09522039760152469,0
LRM,1.4,0,true,false,135,false,7065.117672223928,0.000000000002986055847031821,0.40005104889100485,0.0952231666265955,0
LRM,1.4,0,true,false,136,false,7065.118325441351,0.000000000005222045018626886,0.4000511882734603,0.09522251810997216,0
LRM,1.4,0,true,false,137,false,7065.118872455397,0.0000000000047555293036793955,0.40005129903809555,0.09522199167741685,0
LRM,1.4,0,true,false,138,false,7065.120485312494,0,0.40005159478256586,0.0952205256633238,0
LRM,1.4,0,true,false,139,false,7065.119951443546,0,0.4000515019178554,0.09522099687935123,0
LRM,1.4,0,true,false,140,false,7065.118977394079,0,0.40005131968208,0.09522189235949367,0
LRM,1.4,0,true,false,141,false,7065.119239209829,0.00000000000021049828546892968,0.4000513703107768,0.09522164706268008,0
LRM,1.4,0,true,false,142,false,7065.11974760515,0.000000000005002664948960955,0.400051465162263,0.09522118041290972,0
LRM,1.4,0,true,false,143,false,7065.119078842542,0,0.4000513394380436,0.09522179693886189,0
LRM,1.4,0,true,false,144,false,7065.11935267644,0,0.4000513918761201,0.09522154180429794,0
LRM,1.4,0,true,false,145,false,7065.119532123676,0.000000000003922195901395753,0.40005142551241785,0.09522137666154057,0
LRM,1.4,0,true,false,146,false,7065.120137594542,0.0000000000022588597659023435,0.4000515348652557,0.09522083097257292,0
LRM,1.4,0,true,false,147,false,7065.118542343938,0.000000000003991695862737288,0.40005123284415667,0.09522230754063303,0
LRM,1.4,0,true,false,148,false,7065.1182441905485,0,0.4000511713541095,0.09522259762115778,0
LRM,1.4,0,true,false,149,false,7065.120003118287,0,0.400051511127337,0.09522095063991763,0
LRM,1.4,0,true,false,150,false,7065.120654039431,0,0.40005162311602915,0.09522037956641106,0
LRM,1.4,0,true,false,151,false,7065.117643124791,0,0.4000510424949384,0.09522319604816107,0
LRM,1.4,0,true,false,152,false,7065.120113516718,0,0.40005153063106247,0.09522085236997874,0
LRM,1.4,0,true,false,153,false,7065.118091295592,0.000000000003789857316860434,0.40005113920431334,0.09522274808329798,0
LRM,1.4,0,true,false,154,false,7065.120024988774,0.0000000000028967939158519584,0.40005151500801134,0.09522093112488665,0
LRM,1.4,0,true,false,155,false,7065.1177926139435,0.0000000000006088463067044358,0.40005107516167715,0.095223045486433,0
LRM,1.4,0,true,false,156,false,7065.119255158823,0.0000000000028697044740511046,0.40005137335251356,0.09522163224559455,0
LRM,1.4,0,true,false,157,false,7065.1186823252465,0,0.40005126115267065,0.09522217293089477,0
LRM,1.4,0,true,false,158,false,7065.118640618954,0,0.40005125275454007,0.0952222129373442,0
LRM,1.4,0,true,false,159,false,7065.120018314717,0.0000000000022584156766924934,0.40005151382168885,0.09522093709311855,0
LRM,1.4,0,true,false,160,false,7065.118077008042,0.000000000000006439293542825908,0.40005113617367577,0.09522276222711878,0
LRM,1.4,0,true,false,161,false,7065.119631232234,0.0000000000018745005547771143,0.40005144384870833,0.09522128612330433,0
LRM,1.4,0,true,false,162,false,7065.118394887864,0,0.40005120263216876,0.09522245045299686,0
LRM,1.4,0,true,false,163,false,7065.120769603691,0.0000000000031101787811849135,0.4000516422326949,0.09522028033112659,0
LRM,1.4,0,true,false,164,false,7065.120819182414,0,0.4000516503605621,0.0952202379716101,0
LRM,1.4,0,true,false,165,false,7065.118661649688,0.0000000000021727064591914313,0.40005125699241945,0.09522219275654578,0
LRM,1.4,0,true,false,166,false,7065.120701976492,0.0000000000016555645743210334,0.4000516310741511,0.0952203383214974,0
LRM,1.4,0,true,false,167,false,7065.1195717025,0.00000000000542699218897269,0.4000514328539144,0.09522134045657941,0
LRM,1.4,0,true,false,168,false,7065.117572638876,0,0.40005102694255934,0.09522326747017153,0
LRM,1.4,0,true,false,169,false,7065.120129159261,0.000000000004412248344465297,0.40005153338576255,0.09522083845204725,0
LRM,1.4,0,true,false,170,false,7065.118622080214,0,0.40005124900582156,0.09522223077485105,0
LRM,1.4,0,true,false,171,false,7065.117805660164,0,0.4000510779907754,0.09522303241249837,0
LRM,1.4,0,true,false,172,false,7065.119498698366,0.000000000002880362615087506,0.4000514192933204,0.09522140728579516,0
LRM,1.4,0,true,false,173,false,7065.1178855855605,0,0.40005109527895366,0.0952229523890715,0
LRM,1.4,0,true,false,174,false,7065.1205637509465,0.000000000004181766044553115,0.40005160801318884,0.09522045758473134,0
LRM,1.4,0,true,false,175,false,7065.1188919441865,0,0.40005130288653146,0.0952219731922717,0
LRM,1.4,0,true,false,176,false,7065.119236553943,0.0000000000033137936839011672,0.40005136980115336,0.09522164954467006,0
LRM,1.4,0,true,false,177,false,7065.117746482637,0,0.4000510651228974,0.09522309183644681,0
LRM,1.4,0,true,false,178,false,7065.118203031113,0.0000000000035003111520381935,0.4000511627429207,0.09522263800113186,0
LRM,1.4,0,true,false,179,false,7065.118160542787,0,0.4000511538134347,0.09522267981255392,0
LRM,1.4,0,true,false,180,false,7065.117686834363,0.0000000000033715252811816754,0.40005105208638775,0.09522315191857325,0
LRM,1.4,0,true,false,181,false,7065.1190852655955,0.0000000000023363533330211794,0.4000513406828709,0.09522179091347341,0
LRM,1.4,0,true,false,182,false,7065.118269128191,0,0.4000511765697116,0.09522257313439063,0
LRM,1.4,0,true,false,183,false,7065.118341503294,0.0000000000019324541966625475,0.4000511916003712,0.09522250244887522,0
LRM,1.4,0,true,false,184,false,7065.119059465377,0,0.4000513356768754,0.09522181513354043,0
LRM,1.4,0,true,false,185,false,7065.12029338267,0,0.40005156196617087,0.09522069347233493,0
LRM,1.4,0,true,false,186,false,7065.117788920581,0.0000000000008728573419602981,0.4000510743552664,0.09522304921345424,0
LRM,1.4,0,true,false,187,false,7065.120304583812,0.0000000000064575012004297605,0.4000515638996068,0.09522068362548013,0
LRM,1.4,0,true,false,188,false,7065.119523638842,0,0.40005142394130133,0.09522138440164882,0
LRM,1.4,0,true,false,189,false,7065.120047584091,0,0.40005151901027197,0.0952209109788437,0
LRM,1.4,0,true,false,190,false,7065.120433140811,0,0.40005158592661916,0.09522057109405883,0
LRM,1.4,0,true,false,191,false,7065.117576750946,0.000000000006658895657096764,0.4000510278561044,0.09522326327936657,0
LRM,1.4,0,true,false,192,false,7065.120800052865,0,0.4000516472352105,0.09522025427212637,0
LRM,1.4,0,true,false,193,false,7065.118004889178,0.0000000000005893063814710331,0.4000511208445512,0.09522283365506447,0
LRM,1.4,0,true,false,194,false,7065.120086314296,0,0.4000515258511617,0.09522087649762483,0
LRM,1.4,0,true,false,195,false,7065.117733613119,0.0000000000056343818499726694,0.4000510623181616,0.09522310477209293,0
LRM,1.4,0,true,false,196,false,7065.119238837896,0.000000000004510614104447086,0.4000513702356806,0.09522164742897463,0
LRM,1.4,0,true,false,197,false,7065.120674244054,0.000000000006144640352090391,0.40005162647027165,0.09522036219342199,0
LRM,1.4,0,true,false,198,false,7065.117626429392,0.0000000000017550405573274475,0.4000510388270219,0.09522321290701403,0
LRM,1.4,0,true,false,199,false,7065.120328218094,0,0.4000515679663515,0.09522066289927328,0
LRM,1.4,0,true,false,200,false,7065.118136173653,0.0000000000016109336087311021,0.4000511486824988,0.09522270380914442,0
LRM,1.4,0,true,false,201,false,7065.118047281527,0.0000000000026261215424483453,0.4000511298734899,0.0952227916039897,0
LRM,1.4,0,true,false,202,false,7065.119621918081,0,0.40005144212866545,0.09522129463236415,0
LRM,1.4,0,true,false,203,false,7065.120603996473,0,0.40005161476497014,0.0952204227476262,0
LRM,1.4,0,true,false,204,false,7065.120356781822,0.0000000000012168044349891716,0.4000515728728721,0.09522063786255253,0
LRM,1.4,0,true,false,205,false,7065.117508167434,0.000000000000765609797781508,0.40005101264994875,0.09522333296106442,0
LRM,1.4,0,true,false,206,false,7065.119275730114,0,0.40005137726991963,0.0952216131484818,0
LRM,1.4,0,true,false,207,false,7065.119305932005,0,0.40005138301513105,0.09522158511205658,0
LRM,1.4,0,true,false,208,false,7065.118380744402,0.000000000004077627124843275,0.4000511997166559,0.09522246420479659,0
LRM,1.4,0,true,false,209,false,7065.119258698769,0.000000000006536771124387997,0.4000513740294795,0.09522162894626708,0
LRM,1.4,0,true,false,210,false,7065.120589089937,0,0.40005161226638136,0.09522043564683108,0
LRM,1.4,0,true,false,211,false,7065.120160453719,0,0.4000515388587744,0.09522081077066084,0
LRM,1.4,0,true,false,212,false,7065.120826170116,0.000000000002261302256556519,0.4000516515070593,0.09522023198872107,0
LRM,1.4,0,true,false,213,false,7065.118148835976,0.000000000004037215006746919,0.4000511513605951,0.09522269128495545,0
LRM,1.4,0,true,false,214,false,7065.118098483351,0,0.40005114072970077,0.0952227409631498,0
LRM,1.4,0,true,false,215,false,7065.120186071812,0,0.40005154333378684,0.09522078810824172,0
LRM,1.4,0,true,false,216,false,7065.1201959652035,0.0000000000035793590313915047,0.40005154506812785,0.09522077931914495,0
LRM,1.4,0,true,false,217,false,7065.117702108658,0,0.4000510554361306,0.09522313649073604,0
LRM,1.4,0,true,false,218,false,7065.119131222183,0,0.40005134956494104,0.09522174787976878,0
LRM,1.4,0,true,false,219,false,7065.117492947389,0.0000000000018773871346411397,0.40005100926600745,0.09522334844653936,0
LRM,1.4,0,true,false,220,false,7065.1207347672735,0,0.4000516364874684,0.09522031021192108,0
LRM,1.4,0,true,false,221,false,7065.120699241324,0.0000000000033952840539086537,0.40005163061440024,0.09522034070660713,0
LRM,1.4,0,true,false,222,false,7065.117556318334,0.0000000000046982417956087374,0.4000510233375374,0.09522328400094907,0
LRM,1.4,0,true,false,223,false,7065.118669370642,0,0.4000512585422847,0.09522218537263785,0
LRM,1.4,0,true,false,224,false,7065.118114521933,0,0.40005114411807696,0.09522272513820382,0
LRM,1.4,0,true,false,225,false,7065.1177872342005,0.000000000003113065361048939,0.40005107398738327,0.09522305091225784,0
LRM,1.4,0,true,false,226,false,7065.118406840787,0.00000000000001709743457922741,0.4000512050931283,0.0952224388401931,0
LRM,1.4,0,true,false,227,false,7065.118514756823,0,0.4000512272128115,0.09522233423710265,0
LRM,1.4,0,true,false,228,false,7065.117803804367,0,0.40005107758563213,0.09522303428610712,0
LRM,1.4,0,true,false,229,false,7065.117463324419,0.000000000005190736729332457,0.4000510026513611,0.095223378696342,0
LRM,1.4,0,true,false,230,false,7065.117839226497,0,0.4000510852621665,0.09522299878204765,0
LRM,1.4,0,true,false,231,false,7065.118875282356,0.00000000000546274137036562,0.40005129960396335,0.09522198896002364,0
LRM,1.4,0,true,false,232,false,7065.1183295097735,0.0000000000066211480742595086,0.4000511891201794,0.09522251412470509,0
LRM,1.4,0,true,false,233,false,7065.120608041398,0.000000000006119549311733863,0.4000516154399799,0.09522041926075947,0
LRM,1.4,0,true,false,234,false,7065.12046146673,0,0.40005159074028235,0.09522054641344545,0
LRM,1.4,0,true,false,235,false,7065.11872872993,0.000000000006011857678345223,0.4000512704600869,0.09522212851995296,0
LRM,1.4,0,true,false,236,false,7065.118078731634,0,0.4000511365432669,0.09522276050201779,0
LRM,1.4,0,true,false,237,false,7065.117490684875,0.000000000004047207013968546,0.4000510087624452,0.09522335075056695,0
LRM,1.4,0,true,false,238,false,7065.118784399752,0.0000000000063651306447809475,0.40005128157180325,0.09522207540072321,0
LRM,1.4,0,true,false,239,false,7065.119587314812,0,0.4000514357525349,0.09522132614535334,0
LRM,1.4,0,true,false,240,false,7065.119026881068,0,0.40005132933945164,0.09522184576041876,0
LRM,1.4,0,true,false,241,false,7065.119949780274,0,0.4000515016263145,0.09522099834205351,0
LRM,1.4,0,true,false,242,false,7065.117473937003,0,0.40005100501825175,0.09522336787665567,0
LRM,1.4,0,true,false,243,false,7065.12056514746,0,0.40005160825356084,0.09522045634569253,0
LRM,1.4,0,true,false,244,false,7065.117672317934,0.000000000004914069151595868,0.4000510489106641,0.0952231665367515,0
LRM,1.4,0,true,false,245,false,7065.118673283803,0,0.40005125932709595,0.09522218163358534,0
LRM,1.4,0,true,false,246,false,7065.120023796071,0.0000000000010946799022804043,0.4000515147962488,0.09522093219027776,0
LRM,1.4,0,true,false,247,false,7065.1183820915,0,0.4000511999928864,0.09522246290103994,0
LRM,1.4,0,true,false,248,false,7065.120607325675,0,0.4000516153134074,0.09522041991450203,0
LRM,1.4,0,true,false,249,false,7065.120722066262,0.000000000000439648317751562,0.4000516343907,0.09522032110460114,0
LRM,1.4,0,true,false,250,false,7065.119910335611,0.00000000000017896795156957523,0.40005149456423345,0.09522103372715532,0
LRM,1.4,0,true,false,251,false,7065.120357363295,0,0.40005157297695704,0.09522063733115918,0
LRM,1.4,0,true,false,252,false,7065.120707782932,0.0000000000018058887718552796,0.4000516320283974,0.09522033336928287,0
LRM,1.4,0,true,false,253,false,7065.1206999894175,0,0.40005163073923194,0.09522034005944359,0
LRM,1.4,0,true,false,254,false,7065.120766098771,0,0.4000516416532251,0.09522028334710045,0
LRM,1.4,0,true,false,255,false,7065.1201133627765,0,0.40005153060866555,0.0952208524833084,0
LRM,1.4,0,false,true,0,true,6430.816842407747,7989.354923938403,0.40018981852420726,0.09908859861745972,0
LRM,1.4,0,false,true,1,false,6430.816842379086,7989.422294535706,0.4001898185247744,0.09908859860939428,0
LRM,1.4,0,false,true,2,true,6430.816842413344,7989.360168304615,0.4001898185241956,0.09908859861861113,0
LRM,1.4,0,false,true,3,true,6430.816842407652,7989.375949073442,0.40018981852402424,0.09908859861765272,0
LRM,1.4,0,false,true,4,true,6430.81684235253,7989.386100125602,0.4001898185242386,0.09908859860096796,0
LRM,1.4,0,false,true,5,true,6430.8168423546795,7989.330148691919,0.40018981852477903,0.09908859860200128,0
LRM,1.4,0,false,true,6,true,6430.816842382141,7989.255450300709,0.4001898185249437,0.099088598610395,0
LRM,1.4,0,false,true,7,false,6430.81684236687,7989.240847849763,0.40018981852413277,0.0990885986048863,0
LRM,1.4,0,false,true,8,true,6430.816842378219,7989.354013841659,0.40018981852394797,0.09908859860835065,0
LRM,1.4,0,false,true,9,true,6430.816842391441,7989.326926947187,0.40018981852475793,0.09908859861291215,0
LRM,1.4,0,false,true,10,true,6430.8168423509005,7989.438174870302,0.4001898185245436,0.09908859860069061,0
LRM,1.4,0,false,true,11,true,6430.816842409633,7989.304056410115,0.4001898185247575,0.09908859861803256,0
LRM,1.4,0,false,true,12,true,6430.816842698245,7989.28068466682,0.40018981852310265,0.09908859870101516,0
LRM,1.4,0,false,true,13,true,6430.816842437245,7989.305697730851,0.4001898185241873,0.09908859862521986,0
LRM,1.4,0,false,true,14,true,6430.816842365308,7989.363478872678,0.4001898185239345,0.09908859860422185,0
LRM,1.4,0,false,true,15,true,6430.816842383242,7989.409594548289,0.4001898185242745,0.09908859860998549,0
LRM,1.4,0,false,true,16,true,6430.8168423918405,7989.356308731903,0.4001898185247277,0.09908859861270045,0
LRM,1.4,0,false,true,17,true,6430.816842350246,7989.407606385251,0.4001898185240724,0.09908859860039823,0
LRM,1.4,0,false,true,18,true,6430.816842394831,7989.309133332928,0.400189818524369,0.09908859861421788,0
LRM,1.4,0,false,true,19,false,6430.8168423764,7989.42000849817,0.40018981852417623,0.09908859860785177,0
LRM,1.4,0,false,true,20,true,6430.8168423288735,7989.377509254951,0.40018981852498864,0.09908859859514992,0
LRM,1.4,0,false,true,21,false,6430.816842353487,7989.395399756304,0.4001898185243232,0.09908859860144963,0
LRM,1.4,0,false,true,22,true,6430.816842687764,7989.326922929311,0.40018981852287716,0.09908859869755167,0
LRM,1.4,0,false,true,23,true,6430.816842471585,7989.389778609103,0.4001898185235826,0.09908859863513918,0
LRM,1.4,0,false,true,24,false,6430.816842440715,7989.3817812835305,0.4001898185238299,0.09908859862709488,0
LRM,1.4,0,false,true,25,true,6430.81684239654,7989.236148267719,0.4001898185241725,0.09908859861260363,0
LRM,1.4,0,false,true,26,true,6430.8168424227815,7989.341267023689,0.4001898185237818,0.09908859862137212,0
LRM,1.4,0,false,true,27,true,6430.816842406899,7989.183428425691,0.40018981852399554,0.09908859861777936,0
LRM,1.4,0,false,true,28,true,6430.816842577814,7989.357496384622,0.4001898185236498,0.09908859866625559,0
LRM,1.4,0,false,true,29,false,6430.816842331832,7989.4263939330895,0.4001898185253788,0.09908859859567859,0
LRM,1.4,0,false,true,30,false,6430.816842410078,7989.354312840151,0.40018981852400115,0.09908859861710259,0
LRM,1.4,0,false,true,31,false,6430.8168423443085,7989.332156806971,0.40018981852522983,0.09908859859944051,0
LRM,1.4,0,false,true,32,true,6430.816842403999,7989.3741475590705,0.4001898185232284,0.09908859861567887,0
LRM,1.4,0,false,true,33,true,6430.81684241053,7989.246726994199,0.4001898185248287,0.09908859861857068,0
LRM,1.4,0,false,true,34,true,6430.816842370729,7989.296382361911,0.40018981852449004,0.09908859860725172,0
LRM,1.4,0,false,true,35,true,6430.81684244087,7989.305417700615,0.4001898185244917,0.09908859862674249,0
LRM,1.4,0,false,true,36,true,6430.816842482886,7989.309346606639,0.40018981852296165,0.09908859863832373,0
LRM,1.4,0,false,true,37,true,6430.816842506854,7989.378073260328,0.40018981852424534,0.09908859864554986,0
LRM,1.4,0,false,true,38,true,6430.816842371316,7989.332495690087,0.40018981852421076,0.09908859860679116,0
LRM,1.4,0,false,true,39,true,6430.816842334333,7989.296859778488,0.40018981852502006,0.09908859859688453,0
LRM,1.4,0,false,true,40,true,6430.81684241539,7989.263971279768,0.40018981852484126,0.09908859862023012,0
LRM,1.4,0,false,true,41,false,6430.816842361329,7989.33516357143,0.40018981852506574,0.09908859860446964,0
LRM,1.4,0,false,true,42,true,6430.816842339525,7989.330629353653,0.40018981852499047,0.09908859859781267,0
LRM,1.4,0,false,true,43,true,6430.8168424294,7989.34685478364,0.40018981852362856,0.09908859862237263,0
LRM,1.4,0,false,true,44,true,6430.816842508432,7989.23609758075,0.4001898185241517,0.09908859864682824,0
LRM,1.4,0,false,true,45,true,6430.8168426411585,7989.324211747964,0.40018981852334734,0.09908859868423257,0
LRM,1.4,0,false,true,46,true,6430.816842354876,7989.34800289087,0.4001898185241495,0.09908859860237765,0
LRM,1.4,0,false,true,47,true,6430.81684235623,7989.3706705970235,0.4001898185241775,0.09908859860243116,0
LRM,1.4,0,false,true,48,true,6430.816842377887,7989.375567971148,0.4001898185244736,0.09908859860880997,0
LRM,1.4,0,false,true,49,true,6430.816842351781,7989.238691124438,0.4001898185249138,0.09908859860200764,0
LRM,1.4,0,false,true,50,true,6430.816842345456,7989.368927520739,0.4001898185249095,0.09908859860000699,0
LRM,1.4,0,false,true,51,true,6430.816842489404,7989.373465864105,0.4001898185235979,0.09908859863982995,0
LRM,1.4,0,false,true,52,true,6430.816842379181,7989.358410375863,0.4001898185244714,0.09908859860829533,0
LRM,1.4,0,false,true,53,true,6430.816842568496,7989.430344030317,0.4001898185221808,0.09908859866234207,0
LRM,1.4,0,false,true,54,true,6430.816842381497,7989.414615537786,0.40018981852411317,0.09908859860957854,0
LRM,1.4,0,false,true,55,false,6430.816842333369,7989.259960727272,0.40018981852516633,0.09908859859676893,0
LRM,1.4,0,false,true,56,true,6430.816842377487,7989.43586211909,0.40018981852434193,0.09908859860816802,0
LRM,1.4,0,false,true,57,true,6430.816842356534,7989.365480944835,0.40018981852421376,0.09908859860176514,0
LRM,1.4,0,false,true,58,true,6430.816842417061,7989.414322001613,0.40018981852470425,0.0990885986194673,0
LRM,1.4,0,false,true,59,true,6430.816842364784,7989.351226638434,0.40018981852495994,0.09908859860541405,0
LRM,1.4,0,false,true,60,true,6430.816842375535,7989.198988504967,0.40018981852431607,0.09908859860725641,0
LRM,1.4,0,false,true,61,true,6430.816842347605,7989.450255425224,0.4001898185246545,0.09908859859944544,0
LRM,1.4,0,false,true,62,false,6430.816842349538,7989.347514449205,0.40018981852471813,0.09908859860047149,0
LRM,1.4,0,false,true,63,false,6430.8168423408315,7989.319728198051,0.400189818524506,0.09908859859863396,0
LRM,1.4,0,false,true,64,true,6430.816842558546,7989.2691563255385,0.40018981852445557,0.0990885986610747,0
LRM,1.4,0,false,true,65,true,6430.816842342814,7989.352120778233,0.40018981852520497,0.09908859859916691,0
LRM,1.4,0,false,true,66,true,6430.816842379492,7989.3531772514925,0.4001898185247109,0.09908859860963692,0
LRM,1.4,0,false,true,67,true,6430.816842660508,7989.29713646622,0.40018981852222774,0.09908859868947864,0
LRM,1.4,0,false,true,68,true,6430.816842346545,7989.371155340752,0.4001898185243209,0.09908859859933496,0
LRM,1.4,0,false,true,69,true,6430.816842328879,7989.170973735694,0.40018981852481494,0.09908859859519725,0
LRM,1.4,0,false,true,70,true,6430.816842353053,7989.380689121063,0.4001898185246809,0.09908859860105655,0
LRM,1.4,0,false,true,71,true,6430.81684236844,7989.272143935584,0.4001898185237599,0.09908859860665553,0
LRM,1.4,0,false,true,72,false,6430.816842352092,7989.244157462015,0.40018981852478913,0.09908859860218919,0
LRM,1.4,0,false,true,73,false,6430.816842385527,7989.404191750498,0.40018981852346736,0.09908859861007153,0
LRM,1.4,0,false,true,74,true,6430.816842324721,7989.2515730207915,0.40018981852523455,0.0990885985943607,0
LRM,1.4,0,false,true,75,true,6430.816842372582,7989.33150286252,0.400189818524681,0.0990885986078815,0
LRM,1.4,0,false,true,76,false,6430.816842358294,7989.337833615043,0.40018981852457486,0.09908859860348197,0
LRM,1.4,0,false,true,77,false,6430.816842348779,7989.3398597463565,0.40018981852448704,0.09908859860071659,0
LRM,1.4,0,false,true,78,false,6430.816842373333,7989.3457054464225,0.4001898185241933,0.09908859860740929,0
LRM,1.4,0,false,true,79,true,6430.81684253994,7989.29806929544,0.4001898185240014,0.09908859865570487,0
LRM,1.4,0,false,true,80,true,6430.81684255459,7989.349143394005,0.4001898185232965,0.0990885986586028,0
LRM,1.4,0,false,true,81,false,6430.81684254578,7989.215512611044,0.40018981852377283,0.09908859865751535,0
LRM,1.4,0,false,true,82,true,6430.816842486543,7989.242511524191,0.40018981852364527,0.09908859863849677,0
LRM,1.4,0,false,true,83,true,6430.816842473247,7989.374297583586,0.40018981852445484,0.09908859863631883,0
LRM,1.4,0,false,true,84,true,6430.816842353506,7989.4539448208325,0.40018981852419266,0.09908859860106992,0
LRM,1.4,0,false,true,85,true,6430.816842423102,7989.405438854005,0.40018981852387897,0.0990885986212768,0
LRM,1.4,0,false,true,86,true,6430.816842463266,7989.350956396583,0.4001898185245023,0.09908859863327046,0
LRM,1.4,0,false,true,87,true,6430.816842416164,7989.425271621031,0.40018981852379903,0.09908859861947743,0
LRM,1.4,0,false,true,88,true,6430.816842377513,7989.406745847049,0.40018981852420304,0.09908859860820396,0
LRM,1.4,0,false,true,89,false,6430.8168423886,7989.391575897354,0.4001898185248946,0.0990885986120188,0
LRM,1.4,0,false,true,90,true,6430.8168424088435,7989.405493884779,0.4001898185241215,0.09908859861705777,0
LRM,1.4,0,false,true,91,true,6430.816842336833,7989.416462611524,0.4001898185249613,0.09908859859723781,0
LRM,1.4,0,false,true,92,true,6430.81684240676,7989.397440648611,0.40018981852390695,0.09908859861575259,0
LRM,1.4,0,false,true,93,true,6430.816842400113,7989.497656054226,0.400189818523626,0.09908859861374819,0
LRM,1.4,0,false,true,94,true,6430.816842362873,7989.342420445043,0.40018981852468416,0.09908859860484177,0
LRM,1.4,0,false,true,95,true,6430.816842368776,7989.27208975048,0.40018981852419916,0.09908859860635737,0
LRM,1.4,0,false,true,96,true,6430.816842353021,7989.40958245373,0.40018981852449925,0.09908859860164858,0
LRM,1.4,0,false,true,97,true,6430.816842447479,7989.3787546127605,0.4001898185241813,0.09908859862831979,0
LRM,1.4,0,false,true,98,true,6430.816842388629,7989.411816841157,0.40018981852443536,0.0990885986118257,0
LRM,1.4,0,false,true,99,true,6430.816842420532,7989.239599375114,0.4001898185240584,0.09908859862163537,0
LRM,1.4,0,false,true,100,true,6430.816842444696,7989.333783936893,0.4001898185240885,0.09908859862783306,0
LRM,1.4,0,false,true,101,true,6430.816842436989,7989.4115750520405,0.4001898185237553,0.09908859862528627,0
LRM,1.4,0,false,true,102,true,6430.8168424194955,7989.428900156951,0.4001898185241695,0.09908859862038674,0
LRM,1.4,0,false,true,103,true,6430.816842346427,7989.322602773173,0.40018981852500335,0.09908859860025972,0
LRM,1.4,0,false,true,104,true,6430.816842337126,7989.348520662437,0.4001898185250855,0.09908859859703811,0
LRM,1.4,0,false,true,105,false,6430.816842442203,7989.269493972773,0.4001898185246249,0.09908859862752369,0
LRM,1.4,0,false,true,106,true,6430.816842502721,7989.194726450112,0.40018981852374835,0.09908859864463326,0
LRM,1.4,0,false,true,107,true,6430.816842339609,7989.4714036596115,0.4001898185251474,0.09908859859767563,0
LRM,1.4,0,false,true,108,true,6430.816842400344,7989.413307259551,0.40018981852419433,0.09908859861520426,0
LRM,1.4,0,false,true,109,false,6430.816842339573,7989.390983686171,0.40018981852498553,0.09908859859786408,0
LRM,1.4,0,false,true,110,true,6430.816842370437,7989.466265573819,0.40018981852412755,0.0990885986063336,0
LRM,1.4,0,false,true,111,true,6430.816842399206,7989.325807583311,0.40018981852461927,0.09908859861517852,0
LRM,1.4,0,false,true,112,true,6430.816842410439,7989.287346885184,0.40018981852435564,0.09908859861879447,0
LRM,1.4,0,false,true,113,true,6430.816842489467,7989.371638956524,0.40018981852343605,0.09908859863952653,0
LRM,1.4,0,false,true,114,true,6430.81684243787,7989.377526086071,0.4001898185238115,0.0990885986264581,0
LRM,1.4,0,false,true,115,true,6430.816842342023,7989.372526188796,0.4001898185252949,0.0990885985988703,0
LRM,1.4,0,false,true,116,true,6430.816842354971,7989.180687745899,0.4001898185239438,0.09908859860273965,0
LRM,1.4,0,false,true,117,true,6430.816842339707,7989.253461511589,0.4001898185248758,0.09908859859842982,0
LRM,1.4,0,false,true,118,true,6430.816842505814,7989.404836413188,0.4001898185243365,0.09908859864519172,0
LRM,1.4,0,false,true,119,true,6430.816842402821,7989.372693302841,0.40018981852470803,0.09908859861603846,0
LRM,1.4,0,false,true,120,true,6430.816842465989,7989.121497540008,0.400189818522987,0.09908859863536645,0
LRM,1.4,0,false,true,121,true,6430.8168424504265,7989.36292806209,0.40018981852410107,0.09908859862905064,0
LRM,1.4,0,false,true,122,true,6430.816842359381,7989.420534969507,0.40018981852440155,0.09908859860241415,0
LRM,1.4,0,false,true,123,true,6430.816842383064,7989.293778136771,0.4001898185237429,0.09908859860946116,0
LRM,1.4,0,false,true,124,true,6430.816842403139,7989.347755980019,0.4001898185245537,0.09908859861553782,0
LRM,1.4,0,false,true,125,true,6430.81684237088,7989.463785946485,0.4001898185243868,0.09908859860585031,0
LRM,1.4,0,false,true,126,false,6430.816842374571,7989.397929264466,0.40018981852489777,0.09908859860769985,0
LRM,1.4,0,false,true,127,true,6430.816842348016,7989.18083658535,0.4001898185251682,0.09908859860148975,0
LRM,1.4,0,false,true,128,true,6430.816842613348,7989.216507666448,0.400189818523356,0.0990885986756682,0
LRM,1.4,0,false,true,129,true,6430.816842383934,7989.325564900722,0.4001898185248771,0.0990885986110133,0
LRM,1.4,0,false,true,130,true,6430.816842397156,7989.307579461767,0.4001898185242547,0.09908859861347682,0
LRM,1.4,0,false,true,131,true,6430.816842330589,7989.386298795661,0.4001898185253698,0.09908859859521077,0
LRM,1.4,0,false,true,132,true,6430.816842400712,7989.399123257098,0.40018981852426494,0.0990885986138474,0
LRM,1.4,0,false,true,133,true,6430.816842406049,7989.342412062223,0.40018981852472596,0.09908859861738895,0
LRM,1.4,0,false,true,134,false,6430.816842426301,7989.319545024446,0.40018981852426844,0.0990885986224186,0
LRM,1.4,0,false,true,135,false,6430.81684238814,7989.346163493071,0.4001898185246657,0.0990885986122216,0
LRM,1.4,0,false,true,136,true,6430.8168424038395,7989.287278947084,0.40018981852415936,0.09908859861685812,0
LRM,1.4,0,false,true,137,true,6430.816842389928,7989.374196756205,0.40018981852435603,0.09908859861248409,0
LRM,1.4,0,false,true,138,true,6430.8168425478,7989.30244258208,0.40018981852412006,0.09908859865790441,0
LRM,1.4,0,false,true,139,true,6430.816842401004,7989.290255505721,0.40018981852386976,0.09908859861524433,0
LRM,1.4,0,false,true,140,true,6430.816842337375,7989.327786211218,0.400189818524864,0.09908859859696281,0
LRM,1.4,0,false,true,141,true,6430.816842427375,7989.392784194272,0.4001898185240846,0.0990885986224957,0
LRM,1.4,0,false,true,142,false,6430.81684236149,7989.359465861341,0.40018981852450575,0.09908859860393823,0
LRM,1.4,0,false,true,143,false,6430.816842372132,7989.394892389293,0.4001898185244255,0.09908859860705012,0
LRM,1.4,0,false,true,144,false,6430.816842646066,7989.362539276806,0.40018981852332935,0.09908859868476089,0
LRM,1.4,0,false,true,145,true,6430.8168423793895,7989.43019452228,0.40018981852459173,0.0990885986090046,0
LRM,1.4,0,false,true,146,true,6430.816842344658,7989.361184276144,0.40018981852476293,0.09908859859882518,0
LRM,1.4,0,false,true,147,true,6430.816842552862,7989.302629241444,0.4001898185233626,0.09908859865861136,0
LRM,1.4,0,false,true,148,false,6430.816842457973,7989.3441633104785,0.4001898185239344,0.09908859863147881,0
LRM,1.4,0,false,true,149,false,6430.816842381241,7989.258217588899,0.40018981852442365,0.09908859860982255,0
LRM,1.4,0,false,true,150,true,6430.816842376144,7989.307055954841,0.4001898185243192,0.09908859860823183,0
LRM,1.4,0,false,true,151,true,6430.816842401621,7989.339985359775,0.4001898185238605,0.09908859861532557,0
LRM,1.4,0,false,true,152,true,6430.81684259436,7989.314940746572,0.40018981852371593,0.09908859867097078,0
LRM,1.4,0,false,true,153,false,6430.81684237121,7989.320383093905,0.4001898185242636,0.09908859860604015,0
LRM,1.4,0,false,true,154,true,6430.816842519812,7989.288515711172,0.40018981852418434,0.09908859864994703,0
LRM,1.4,0,false,true,155,true,6430.8168424697515,7989.468518045894,0.40018981852394986,0.09908859863520901,0
LRM,1.4,0,false,true,156,false,6430.816842464633,7989.285345243727,0.4001898185241694,0.09908859863396906,0
LRM,1.4,0,false,true,157,true,6430.8168425704,7989.143197004349,0.40018981852373736,0.09908859866524763,0
LRM,1.4,0,false,true,158,true,6430.816842445956,7989.374247894704,0.4001898185238851,0.09908859862830599,0
LRM,1.4,0,false,true,159,true,6430.816842427017,7989.343256926142,0.4001898185239129,0.0990885986226371,0
LRM,1.4,0,false,true,160,true,6430.816842358645,7989.366365668649,0.40018981852417285,0.09908859860308297,0
LRM,1.4,0,false,true,161,true,6430.816842345224,7989.429908857342,0.4001898185248181,0.09908859859921504,0
LRM,1.4,0,false,true,162,false,6430.81684238789,7989.397256713148,0.40018981852344887,0.09908859861145065,0
LRM,1.4,0,false,true,163,true,6430.816842338827,7989.303138871437,0.4001898185247656,0.09908859859830951,0
LRM,1.4,0,false,true,164,true,6430.816842522188,7989.4080372652625,0.40018981852400526,0.09908859864996615,0
LRM,1.4,0,false,true,165,true,6430.816842346834,7989.347644647229,0.4001898185243539,0.0990885985985596,0
LRM,1.4,0,false,true,166,true,6430.816842384673,7989.317832774109,0.40018981852497904,0.09908859861107694,0
LRM,1.4,0,false,true,167,true,6430.816842449825,7989.463806361595,0.40018981852425034,0.09908859862956226,0
LRM,1.4,0,false,true,168,true,6430.816842412997,7989.329969906063,0.4001898185244543,0.09908859861820331,0
LRM,1.4,0,false,true,169,false,6430.816842637757,7989.367417997342,0.4001898185229513,0.09908859868322428,0
LRM,1.4,0,false,true,170,true,6430.816842411639,7989.337365609601,0.40018981852418845,0.09908859861882605,0
LRM,1.4,0,false,true,171,false,6430.816842343659,7989.296882770027,0.4001898185248069,0.09908859859885112,0
LRM,1.4,0,false,true,172,true,6430.816842391325,7989.2803003864,0.4001898185246589,0.09908859861322243,0
LRM,1.4,0,false,true,173,true,6430.816842374423,7989.357923317868,0.4001898185243417,0.09908859860693192,0
LRM,1.4,0,false,true,174,true,6430.816842342457,7989.386732837204,0.40018981852477004,0.0990885985980829,0
LRM,1.4,0,false,true,175,false,6430.816842410364,7989.3623526235815,0.4001898185241957,0.09908859861798137,0
LRM,1.4,0,false,true,176,true,6430.816842392302,7989.42425517608,0.40018981852417934,0.09908859861268907,0
LRM,1.4,0,false,true,177,true,6430.8168425468675,7989.296243996,0.40018981852338303,0.0990885986556561,0
LRM,1.4,0,false,true,178,false,6430.816842461117,7989.241794635592,0.4001898185236873,0.09908859863240044,0
LRM,1.4,0,false,true,179,false,6430.816842480503,7989.2558457339965,0.40018981852419777,0.0990885986385179,0
LRM,1.4,0,false,true,180,true,6430.816842330005,7989.3874881836555,0.4001898185252662,0.0990885985954428,0
LRM,1.4,0,false,true,181,true,6430.8168423814495,7989.405288741242,0.40018981852411,0.09908859860888322,0
LRM,1.4,0,false,true,182,true,6430.816842478616,7989.3750031571435,0.400189818523184,0.09908859863660505,0
LRM,1.4,0,false,true,183,true,6430.816842366745,7989.279136887377,0.40018981852440505,0.09908859860637659,0
LRM,1.4,0,false,true,184,true,6430.816842398575,7989.365365279417,0.40018981852484914,0.09908859861512957,0
LRM,1.4,0,false,true,185,true,6430.816842373101,7989.429687671294,0.4001898185244546,0.09908859860760204,0
LRM,1.4,0,false,true,186,true,6430.816842378126,7989.253366698184,0.40018981852487184,0.09908859860948505,0
LRM,1.4,0,false,true,187,true,6430.81684251888,7989.2933069642995,0.40018981852385416,0.09908859864923396,0
LRM,1.4,0,false,true,188,true,6430.816842380476,7989.391255591896,0.40018981852457314,0.09908859860795631,0
LRM,1.4,0,false,true,189,true,6430.8168423887255,7989.382888705891,0.40018981852413515,0.09908859861207311,0
LRM,1.4,0,false,true,190,true,6430.816842341768,7989.34208616088,0.40018981852510893,0.09908859859885889,0
LRM,1.4,0,false,true,191,true,6430.816842432266,7989.2733716030625,0.40018981852308677,0.09908859862403986,0
LRM,1.4,0,false,true,192,true,6430.8168428353865,7989.213996099919,0.40018981852208435,0.09908859873977192,0
LRM,1.4,0,false,true,193,true,6430.816842397511,7989.393649468426,0.4001898185243517,0.09908859861425477,0
LRM,1.4,0,false,true,194,true,6430.816842337425,7989.41450852997,0.40018981852511526,0.09908859859753516,0
LRM,1.4,0,false,true,195,true,6430.816842486234,7989.27418926813,0.40018981852361585,0.09908859863939669,0
LRM,1.4,0,false,true,196,true,6430.816842352822,7989.409284808563,0.4001898185243544,0.09908859860170324,0
LRM,1.4,0,false,true,197,true,6430.816842438154,7989.4000342512145,0.40018981852389085,0.09908859862572794,0
LRM,1.4,0,false,true,198,false,6430.816842333301,7989.330423503854,0.40018981852517305,0.09908859859667492,0
LRM,1.4,0,false,true,199,true,6430.816842336626,7989.260781753917,0.4001898185245903,0.09908859859788319,0
LRM,1.4,0,false,true,200,false,6430.816842406592,7989.344513064398,0.4001898185249578,0.09908859861737217,0
LRM,1.4,0,false,true,201,true,6430.816842443699,7989.255547095236,0.4001898185244576,0.09908859862818804,0
LRM,1.4,0,false,true,202,false,6430.816842426385,7989.337166422774,0.40018981852452784,0.09908859862312187,0
LRM,1.4,0,false,true,203,true,6430.816842376144,7989.342648150102,0.40018981852466806,0.09908859860873388,0
LRM,1.4,0,false,true,204,true,6430.816842360812,7989.449287867347,0.4001898185247219,0.09908859860187735,0
LRM,1.4,0,false,true,205,true,6430.816842509942,7989.413011620418,0.40018981852435354,0.09908859864673536,0
LRM,1.4,0,false,true,206,true,6430.816842357822,7989.3841415880315,0.400189818524827,0.09908859860334893,0
LRM,1.4,0,false,true,207,true,6430.81684234057,7989.355160320083,0.4001898185250521,0.09908859859857407,0
LRM,1.4,0,false,true,208,true,6430.816842358208,7989.367048716097,0.40018981852443264,0.09908859860274459,0
LRM,1.4,0,false,true,209,false,6430.816842735224,7989.370236346129,0.40018981852308466,0.09908859871047408,0
LRM,1.4,0,false,true,210,true,6430.816842349013,7989.435333551072,0.40018981852486607,0.09908859860056159,0
LRM,1.4,0,false,true,211,true,6430.816842390323,7989.298345351369,0.40018981852423663,0.09908859861161255,0
LRM,1.4,0,false,true,212,true,6430.816842355325,7989.367952622821,0.40018981852472946,0.09908859860279476,0
LRM,1.4,0,false,true,213,true,6430.816842490088,7989.46601764682,0.4001898185235848,0.09908859863995377,0
LRM,1.4,0,false,true,214,true,6430.816842643059,7989.253914937924,0.4001898185231704,0.0990885986852803,0
LRM,1.4,0,false,true,215,true,6430.816842394249,7989.336997840423,0.40018981852405405,0.09908859861247173,0
LRM,1.4,0,false,true,216,true,6430.816842412279,7989.436298431973,0.40018981852404495,0.099088598618749,0
LRM,1.4,0,false,true,217,true,6430.816842568469,7989.226487990696,0.400189818523798,0.0990885986637458,0
LRM,1.4,0,false,true,218,false,6430.816842561648,7989.219227189527,0.40018981852411656,0.0990885986622306,0
LRM,1.4,0,false,true,219,true,6430.816842347485,7989.314336299459,0.4001898185251174,0.09908859860064571,0
LRM,1.4,0,false,true,220,false,6430.816842529429,7989.245238714026,0.40018981852379254,0.09908859865202221,0
LRM,1.4,0,false,true,221,true,6430.816842363954,7989.344431644926,0.4001898185240722,0.0990885986045319,0
LRM,1.4,0,false,true,222,true,6430.81684233395,7989.428589913814,0.4001898185251963,0.09908859859644276,0
LRM,1.4,0,false,true,223,true,6430.8168423437255,7989.222690016475,0.4001898185248223,0.09908859859924006,0
LRM,1.4,0,false,true,224,true,6430.8168423659135,7989.332429091232,0.4001898185239289,0.09908859860593636,0
LRM,1.4,0,false,true,225,false,6430.816842372122,7989.3981265135635,0.4001898185250011,0.09908859860743369,0
LRM,1.4,0,false,true,226,false,6430.816842501165,7989.417434769407,0.4001898185237384,0.09908859864386453,0
LRM,1.4,0,false,true,227,true,6430.816842340311,7989.140468813349,0.40018981852430224,0.09908859859826234,0
LRM,1.4,0,false,true,228,true,6430.816842344382,7989.246427837349,0.40018981852510255,0.099088598600253,0
LRM,1.4,0,false,true,229,true,6430.816842470547,7989.414895567528,0.4001898185235979,0.0990885986355262,0
LRM,1.4,0,false,true,230,true,6430.816842343228,7989.241229378453,0.4001898185252019,0.09908859859971043,0
LRM,1.4,0,false,true,231,true,6430.816842435332,7989.317372324282,0.40018981852429664,0.09908859862518289,0
LRM,1.4,0,false,true,232,true,6430.816842403211,7989.195633220246,0.4001898185249318,0.09908859861656728,0
LRM,1.4,0,false,true,233,true,6430.816842377698,7989.27207707148,0.4001898185239253,0.09908859860947693,0
LRM,1.4,0,false,true,234,true,6430.8168424123805,7989.256192560499,0.40018981852391855,0.09908859861906019,0
LRM,1.4,0,false,true,235,true,6430.816842438341,7989.201094848949,0.4001898185237565,0.09908859862709848,0
LRM,1.4,0,false,true,236,true,6430.816842387151,7989.299191514265,0.40018981852419455,0.0990885986115087,0
LRM,1.4,0,false,true,237,true,6430.816842664278,7989.085405166231,0.40018981852310104,0.09908859869049468,0
LRM,1.4,0,false,true,238,true,6430.816842357458,7989.3288958716075,0.4001898185243864,0.09908859860267605,0
LRM,1.4,0,false,true,239,true,6430.816842717642,7989.201408207786,0.4001898185233974,0.09908859870646232,0
LRM,1.4,0,false,true,240,true,6430.816842324667,7989.2502588680245,0.4001898185253468,0.09908859859446821,0
LRM,1.4,0,false,true,241,true,6430.816842394181,7989.377736076406,0.4001898185245735,0.09908859861362344,0
LRM,1.4,0,false,true,242,true,6430.8168424297055,7989.401901660247,0.40018981852386476,0.09908859862288227,0
LRM,1.4,0,false,true,243,false,6430.816842356005,7989.396823511141,0.4001898185243899,0.09908859860200742,0
LRM,1.4,0,false,true,244,true,6430.8168424690775,7989.128837478059,0.4001898185238155,0.09908859863648958,0
LRM,1.4,0,false,true,245,true,6430.816842365154,7989.391082052427,0.4001898185242522,0.09908859860493442,0
LRM,1.4,0,false,true,246,true,6430.816842347504,7989.365619088754,0.40018981852499624,0.09908859860000781,0
LRM,1.4,0,false,true,247,true,6430.816842347824,7989.154437661065,0.40018981852515434,0.09908859860144334,0
LRM,1.4,0,false,true,248,true,6430.816842430351,7989.311876150565,0.4001898185236604,0.099088598623038,0
LRM,1.4,0,false,true,249,true,6430.816842548513,7989.195117689076,0.40018981852367574,0.09908859865655661,0
LRM,1.4,0,false,true,250,true,6430.816842342329,7989.359088019755,0.4001898185247989,0.09908859859869715,0
LRM,1.4,0,false,true,251,true,6430.81684237309,7989.331497708034,0.4001898185242517,0.09908859860656723,0
LRM,1.4,0,false,true,252,false,6430.816842354023,7989.300113545775,0.40018981852428004,0.09908859860222079,0
LRM,1.4,0,false,true,253,true,6430.816842486521,7989.423319617072,0.4001898185241461,0.09908859863990814,0
LRM,1.4,0,false,true,254,false,6430.816842365836,7989.468128197511,0.4001898185246997,0.09908859860461719,0
LRM,1.4,0,false,true,255,true,6430.816842363892,7989.352759967609,0.4001898185244452,0.09908859860527505,0
LRM,1.54,0,false,false,0,false,6933.886294692707,8018.012449969245,0.4001898185255015,0.09848136887416488,0
LRM,1.54,0,false,false,1,true,6933.886294692707,8018.012449969245,0.4001898185255015,0.09848136887416488,0
LRM,1.54,0,false,false,2,true,6933.886294692707,8018.012449969245,0.4001898185255015,0.09848136887416488,0
LRM,1.54,0,false,false,3,true,6933.886294692707,8018.012449969245,0.4001898185255015,0.09848136887416488,0
LRM,1.54,0,false,false,4,true,6933.886294692707,8018.012449969245,0.4001898185255015,0.09848136887416488,0
LRM,1.54,0,false,false,5,false,6933.886294692707,8018.012449969245,0.4001898185255015,0.09848136887416488,0
LRM,1.54,0,false,false,6,false,6933.886294692707,8018.012449969245,0.4001898185255015,0.09848136887416488,0
LRM,1.54,0,false,false,7,true,6933.886294692707,8018.012449969245,0.4001898185255015,0.09848136887416488,0
LRM,1.54,0,false,false,8,false,6933.886294692707,8018.012449969245,0.4001898185255015,0.09848136887416488,0
LRM,1.54,0,false,false,9,false,6933.886294692707,8018.012449969245,0.4001898185255015,0.09848136887416488,0
LRM,1.54,0,false,false,10,true,6933.886294692707,8018.012449969245,0.4001898185255015,0.09848136887416488,0
LRM,1.54,0,false,false,11,true,6933.886294692707,8018.012449969245,0.4001898185255015,0.09848136887416488,0
LRM,1.54,0,false,false,12,true,6933.886294692707,8018.012449969245,0.4001898185255015,0.09848136887416488,0
LRM,1.54,0,false,false,13,false,6933.886294692707,8018.012449969245,0.4001898185255015,0.09848136887416488,0
LRM,1.54,0,false,false,14,true,6933.886294692707,8018.012449969245,0.4001898185255015,0.09848136887416488,0
LRM,1.54,0,false,false,15,true,6933.886294692707,8018.012449969245,0.4001898185255015,0.09848136887416488,0
LRM,1.54,0,false,false,16,true,6933.886294692707,8018.012449969245,0.4001898185255015,0.09848136887416488,0
LRM,1.54,0,false,false,17,true,6933.886294692707,8018.012449969245,0.4001898185255015,0.09848136887416488,0
LRM,1.54,0,false,false,18,true,6933.886294692707,8018.012449969245,0.4001898185255015,0.09848136887416488,0
LRM,1.54,0,false,false,19,false,6933.886294692707,8018.012449969245,0.4001898185255015,0.09848136887416488,0
LRM,1.54,0,false,false,20,false,6933.886294692707,8018.012449969245,0.4001898185255015,0.09848136887416488,0
LRM,1.54,0,false,false,21,false,6933.886294692707,8018.012449969245,0.4001898185255015,0.09848136887416488,0
LRM,1.54,0,false,false,22,true,6933.886294692707,8018.012449969245,0.4001898185255015,0.09848136887416488,0
LRM,1.54,0,false,false,23,true,6933.886294692707,8018.012449969245,0.4001898185255015,0.09848136887416488,0
LRM,1.54,0,false,false,24,true,6933.886294692707,8018.012449969245,0.4001898185255015,0.09848136887416488,0
LRM,1.54,0,false,false,25,false,6933.886294692707,8018.012449969245,0.4001898185255015,0.09848136887416488,0
LRM,1.54,0,false,false,26,true,6933.886294692707,8018.012449969245,0.4001898185255015,0.09848136887416488,0
LRM,1.54,0,false,false,27,false,6933.886294692707,8018.012449969245,0.4001898185255015,0.09848136887416488,0
LRM,1.54,0,false,false,28,false,6933.886294692707,8018.012449969245,0.4001898185255015,0.09848136887416488,0
LRM,1.54,0,false,false,29,true,6933.886294692707,8018.012449969245,0.4001898185255015,0.09848136887416488,0
LRM,1.54,0,false,false,30,true,6933.886294692707,8018.012449969245,0.4001898185255015,0.09848136887416488,0
LRM,1.54,0,false,false,31,true,6933.886294692707,8018.012449969245,0.4001898185255015,0.09848136887416488,0
LRM,1.54,0,false,false,32,true,6933.886294692707,8018.012449969245,0.4001898185255015,0.09848136887416488,0
LRM,1.54,0,false,false,33,false,6933.886294692707,8018.012449969245,0.4001898185255015,0.09848136887416488,0
LRM,1.54,0,false,false,34,true,6933.886294692707,8018.012449969245,0.4001898185255015,0.09848136887416488,0
LRM,1.54,0,false,false,35,true,6933.886294692707,8018.012449969245,0.4001898185255015,0.09848136887416488,0
LRM,1.54,0,false,false,36,true,6933.886294692707,8018.012449969245,0.4001898185255015,0.09848136887416488,0
LRM,1.54,0,false,false,37,false,6933.886294692707,8018.012449969245,0.4001898185255015,0.09848136887416488,0
LRM,1.54,0,false,false,38,true,6933.886294692707,8018.012449969245,0.4001898185255015,0.09848136887416488,0
LRM,1.54,0,false,false,39,true,6933.886294692707,8018.012449969245,0.4001898185255015,0.09848136887416488,0
LRM,1.54,0,false,false,40,false,6933.886294692707,8018.012449969245,0.4001898185255015,0.09848136887416488,0
LRM,1.54,0,false,false,41,true,6933.886294692707,8018.012449969245,0.4001898185255015,0.09848136887416488,0
LRM,1.54,0,false,false,42,true,6933.886294692707,8018.012449969245,0.4001898185255015,0.09848136887416488,0
LRM,1.54,0,false,false,43,false,6933.886294692707,8018.012449969245,0.4001898185255015,0.09848136887416488,0
LRM,1.54,0,false,false,44,true,6933.886294692707,8018.012449969245,0.4001898185255015,0.09848136887416488,0
LRM,1.54,0,false,false,45,true,6933.886294692707,8018.012449969245,0.4001898185255015,0.09848136887416488,0
LRM,1.54,0,false,false,46,false,6933.886294692707,8018.012449969245,0.4001898185255015,0.09848136887416488,0
LRM,1.54,0,false,false,47,false,6933.886294692707,8018.012449969245,0.4001898185255015,0.09848136887416488,0
LRM,1.54,0,false,false,48,false,6933.886294692707,8018.012449969245,0.4001898185255015,0.09848136887416488,0
LRM,1.54,0,false,false,49,true,6933.886294692707,8018.012449969245,0.4001898185255015,0.09848136887416488,0
LRM,1.54,0,false,false,50,true,6933.886294692707,8018.012449969245,0.4001898185255015,0.09848136887416488,0
LRM,1.54,0,false,false,51,true,6933.886294692707,8018.012449969245,0.4001898185255015,0.09848136887416488,0
LRM,1.54,0,false,false,52,false,6933.886294692707,8018.012449969245,0.4001898185255015,0.09848136887416488,0
LRM,1.54,0,false,false,53,true,6933.886294692707,8018.012449969245,0.4001898185255015,0.09848136887416488,0
LRM,1.54,0,false,false,54,true,6933.886294692707,8018.012449969245,0.4001898185255015,0.09848136887416488,0
LRM,1.54,0,false,false,55,false,6933.886294692707,8018.012449969245,0.4001898185255015,0.09848136887416488,0
LRM,1.54,0,false,false,56,true,6933.886294692707,8018.012449969245,0.4001898185255015,0.09848136887416488,0
LRM,1.54,0,false,false,57,true,6933.886294692707,8018.012449969245,0.4001898185255015,0.09848136887416488,0
LRM,1.54,0,false,false,58,true,6933.886294692707,8018.012449969245,0.4001898185255015,0.09848136887416488,0
LRM,1.54,0,false,false,59,true,6933.886294692707,8018.012449969245,0.4001898185255015,0.09848136887416488,0
LRM,1.54,0,false,false,60,false,6933.886294692707,8018.012449969245,0.4001898185255015,0.09848136887416488,0
LRM,1.54,0,false,false,61,true,6933.886294692707,8018.012449969245,0.4001898185255015,0.09848136887416488,0
LRM,1.54,0,false,false,62,false,6933.886294692707,8018.012449969245,0.4001898185255015,0.09848136887416488,0
LRM,1.54,0,false,false,63,true,6933.886294692707,8018.012449969245,0.4001898185255015,0.09848136887416488,0
LRM,1.54,0,false,false,64,true,6933.886294692707,8018.012449969245,0.4001898185255015,0.09848136887416488,0
LRM,1.54,0,false,false,65,true,6933.886294692707,8018.012449969245,0.4001898185255015,0.09848136887416488,0
LRM,1.54,0,false,false,66,false,6933.886294692707,8018.012449969245,0.4001898185255015,0.09848136887416488,0
LRM,1.54,0,false,false,67,true,6933.886294692707,8018.012449969245,0.4001898185255015,0.09848136887416488,0
LRM,1.54,0,false,false,68,false,6933.886294692707,8018.012449969245,0.4001898185255015,0.09848136887416488,0
LRM,1.54,0,false,false,69,false,6933.886294692707,8018.012449969245,0.4001898185255015,0.09848136887416488,0
LRM,1.54,0,false,false,70,true,6933.886294692707,8018.012449969245,0.4001898185255015,0.09848136887416488,0
LRM,1.54,0,false,false,71,true,6933.886294692707,8018.012449969245,0.4001898185255015,0.09848136887416488,0
LRM,1.54,0,false,false,72,false,6933.886294692707,8018.012449969245,0.4001898185255015,0.09848136887416488,0
LRM,1.54,0,false,false,73,true,6933.886294692707,8018.012449969245,0.4001898185255015,0.09848136887416488,0
LRM,1.54,0,false,false,74,true,6933.886294692707,8018.012449969245,0.4001898185255015,0.09848136887416488,0
LRM,1.54,0,false,false,75,true,6933.886294692707,8018.012449969245,0.4001898185255015,0.09848136887416488,0
LRM,1.54,0,false,false,76,true,6933.886294692707,8018.012449969245,0.4001898185255015,0.09848136887416488,0
LRM,1.54,0,false,false,77,true,6933.886294692707,8018.012449969245,0.4001898185255015,0.09848136887416488,0
LRM,1.54,0,false,false,78,false,6933.886294692707,8018.012449969245,0.4001898185255015,0.09848136887416488,0
LRM,1.54,0,false,false,79,true,6933.886294692707,8018.012449969245,0.4001898185255015,0.09848136887416488,0
LRM,1.54,0,false,false,80,true,6933.886294692707,8018.012449969245,0.4001898185255015,0.09848136887416488,0
LRM,1.54,0,false,false,81,true,6933.886294692707,8018.012449969245,0.4001898185255015,0.09848136887416488,0
LRM,1.54,0,false,false,82,false,6933.886294692707,8018.012449969245,0.4001898185255015,0.09848136887416488,0
LRM,1.54,0,false,false,83,true,6933.886294692707,8018.012449969245,0.4001898185255015,0.09848136887416488,0
LRM,1.54,0,false,false,84,true,6933.886294692707,8018.012449969245,0.4001898185255015,0.09848136887416488,0
LRM,1.54,0,false,false,85,true,6933.886294692707,8018.012449969245,0.4001898185255015,0.09848136887416488,0
LRM,1.54,0,false,false,86,true,6933.886294692707,8018.012449969245,0.4001898185255015,0.09848136887416488,0
LRM,1.54,0,false,false,87,true,6933.886294692707,8018.012449969245,0.4001898185255015,0.09848136887416488,0
LRM,1.54,0,false,false,88,true,6933.886294692707,8018.012449969245,0.4001898185255015,0.09848136887416488,0
LRM,1.54,0,false,false,89,false,6933.886294692707,8018.012449969245,0.4001898185255015,0.09848136887416488,0
LRM,1.54,0,false,false,90,true,6933.886294692707,8018.012449969245,0.4001898185255015,0.09848136887416488,0
LRM,1.54,0,false,false,91,true,6933.886294692707,8018.012449969245,0.4001898185255015,0.09848136887416488,0
LRM,1.54,0,false,false,92,true,6933.886294692707,8018.012449969245,0.4001898185255015,0.09848136887416488,0
LRM,1.54,0,false,false,93,false,6933.886294692707,8018.012449969245,0.4001898185255015,0.09848136887416488,0
LRM,1.54,0,false,false,94,true,6933.886294692707,8018.012449969245,0.4001898185255015,0.09848136887416488,0
LRM,1.54,0,false,false,95,true,6933.886294692707,8018.012449969245,0.4001898185255015,0.09848136887416488,0
LRM,1.54,0,false,false,96,true,6933.886294692707,8018.012449969245,0.4001898185255015,0.09848136887416488,0
LRM,1.54,0,false,false,97,true,6933.886294692707,8018.012449969245,0.4001898185255015,0.09848136887416488,0
LRM,1.54,0,false,false,98,false,6933.886294692707,8018.012449969245,0.4001898185255015,0.09848136887416488,0
LRM,1.54,0,false,false,99,false,6933.886294692707,8018.012449969245,0.4001898185255015,0.09848136887416488,0
LRM,1.54,0,false,false,100,false,6933.886294692707,8018.012449969245,0.4001898185255015,0.09848136887416488,0
LRM,1.54,0,false,false,101,false,6933.886294692707,8018.012449969245,0.4001898185255015,0.09848136887416488,0
LRM,1.54,0,false,false,102,true,6933.886294692707,8018.012449969245,0.4001898185255015,0.09848136887416488,0
LRM,1.54,0,false,false,103,true,6933.886294692707,8018.012449969245,0.4001898185255015,0.09848136887416488,0
LRM,1.54,0,false,false,104,false,6933.886294692707,8018.012449969245,0.4001898185255015,0.09848136887416488,0
LRM,1.54,0,false,false,105,false,6933.886294692707,8018.012449969245,0.4001898185255015,0.09848136887416488,0
LRM,1.54,0,false,false,106,true,6933.886294692707,8018.012449969245,0.4001898185255015,0.09848136887416488,0
LRM,1.54,0,false,false,107,true,6933.886294692707,8018.012449969245,0.4001898185255015,0.09848136887416488,0
LRM,1.54,0,false,false,108,true,6933.886294692707,8018.012449969245,0.4001898185255015,0.09848136887416488,0
LRM,1.54,0,false,false,109,true,6933.886294692707,8018.012449969245,0.4001898185255015,0.09848136887416488,0
LRM,1.54,0,false,false,110,true,6933.886294692707,8018.012449969245,0.4001898185255015,0.09848136887416488,0
LRM,1.54,0,false,false,111,true,6933.886294692707,8018.012449969245,0.4001898185255015,0.09848136887416488,0
LRM,1.54,0,false,false,112,true,6933.886294692707,8018.012449969245,0.4001898185255015,0.09848136887416488,0
LRM,1.54,0,false,false,113,true,6933.886294692707,8018.012449969245,0.4001898185255015,0.09848136887416488,0
LRM,1.54,0,false,false,114,false,6933.886294692707,8018.012449969245,0.4001898185255015,0.09848136887416488,0
LRM,1.54,0,false,false,115,true,6933.886294692707,8018.012449969245,0.4001898185255015,0.09848136887416488,0
LRM,1.54,0,false,false,116,false,6933.886294692707,8018.012449969245,0.4001898185255015,0.09848136887416488,0
LRM,1.54,0,false,false,117,true,6933.886294692707,8018.012449969245,0.4001898185255015,0.09848136887416488,0
LRM,1.54,0,false,false,118,true,6933.886294692707,8018.012449969245,0.4001898185255015,0.09848136887416488,0
LRM,1.54,0,false,false,119,false,6933.886294692707,8018.012449969245,0.4001898185255015,0.09848136887416488,0
LRM,1.54,0,false,false,120,true,6933.886294692707,8018.012449969245,0.4001898185255015,0.09848136887416488,0
LRM,1.54,0,false,false,121,true,6933.886294692707,8018.012449969245,0.4001898185255015,0.09848136887416488,0
LRM,1.54,0,false,false,122,true,6933.886294692707,8018.012449969245,0.4001898185255015,0.09848136887416488,0
LRM,1.54,0,false,false,123,true,6933.886294692707,8018.012449969245,0.4001898185255015,0.09848136887416488,0
LRM,1.54,0,false,false,124,true,6933.886294692707,8018.012449969245,0.4001898185255015,0.09848136887416488,0
LRM,1.54,0,false,false,125,false,6933.886294692707,8018.012449969245,0.4001898185255015,0.09848136887416488,0
LRM,1.54,0,false,false,126,true,6933.886294692707,8018.012449969245,0.4001898185255015,0.09848136887416488,0
LRM,1.54,0,false,false,127,true,6933.886294692707,8018.012449969245,0.4001898185255015,0.09848136887416488,0
LRM,1.54,0,false,false,128,true,6933.886294692707,8018.012449969245,0.4001898185255015,0.09848136887416488,0
LRM,1.54,0,false,false,129,true,6933.886294692707,8018.012449969245,0.4001898185255015,0.09848136887416488,0
LRM,1.54,0,false,false,130,false,6933.886294692707,8018.012449969245,0.4001898185255015,0.09848136887416488,0
LRM,1.54,0,false,false,131,false,6933.886294692707,8018.012449969245,0.4001898185255015,0.09848136887416488,0
LRM,1.54,0,false,false,132,true,6933.886294692707,8018.012449969245,0.4001898185255015,0.09848136887416488,0
LRM,1.54,0,false,false,133,true,6933.886294692707,8018.012449969245,0.4001898185255015,0.09848136887416488,0
LRM,1.54,0,false,false,134,false,6933.886294692707,8018.012449969245,0.4001898185255015,0.09848136887416488,0
LRM,1.54,0,false,false,135,true,6933.886294692707,8018.012449969245,0.4001898185255015,0.09848136887416488,0
LRM,1.54,0,false,false,136,false,6933.886294692707,8018.012449969245,0.4001898185255015,0.09848136887416488,0
LRM,1.54,0,false,false,137,true,6933.886294692707,8018.012449969245,0.4001898185255015,0.09848136887416488,0
LRM,1.54,0,false,false,138,true,6933.886294692707,8018.012449969245,0.4001898185255015,0.09848136887416488,0
LRM,1.54,0,false,false,139,true,6933.886294692707,8018.012449969245,0.4001898185255015,0.09848136887416488,0
LRM,1.54,0,false,false,140,false,6933.886294692707,8018.012449969245,0.4001898185255015,0.09848136887416488,0
LRM,1.54,0,false,false,141,true,6933.886294692707,8018.012449969245,0.4001898185255015,0.09848136887416488,0
LRM,1.54,0,false,false,142,true,6933.886294692707,8018.012449969245,0.4001898185255015,0.09848136887416488,0
LRM,1.54,0,false,false,143,true,6933.886294692707,8018.012449969245,0.4001898185255015,0.09848136887416488,0
LRM,1.54,0,false,false,144,true,6933.886294692707,8018.012449969245,0.4001898185255015,0.09848136887416488,0
LRM,1.54,0,false,false,145,false,6933.886294692707,8018.012449969245,0.4001898185255015,0.09848136887416488,0
LRM,1.54,0,false,false,146,true,6933.886294692707,8018.012449969245,0.4001898185255015,0.09848136887416488,0
LRM,1.54,0,false,false,147,true,6933.886294692707,8018.012449969245,0.4001898185255015,0.09848136887416488,0
LRM,1.54,0,false,false,148,false,6933.886294692707,8018.012449969245,0.4001898185255015,0.09848136887416488,0
LRM,1.54,0,false,false,149,true,6933.886294692707,8018.012449969245,0.4001898185255015,0.09848136887416488,0
LRM,1.54,0,false,false,150,true,6933.886294692707,8018.012449969245,0.4001898185255015,0.09848136887416488,0
LRM,1.54,0,false,false,151,true,6933.886294692707,8018.012449969245,0.4001898185255015,0.09848136887416488,0
LRM,1.54,0,false,false,152,true,6933.886294692707,8018.012449969245,0.4001898185255015,0.09848136887416488,0
LRM,1.54,0,false,false,153,false,6933.886294692707,8018.012449969245,0.4001898185255015,0.09848136887416488,0
LRM,1.54,0,false,false,154,true,6933.886294692707,8018.012449969245,0.4001898185255015,0.09848136887416488,0
LRM,1.54,0,false,false,155,true,6933.886294692707,8018.012449969245,0.4001898185255015,0.09848136887416488,0
LRM,1.54,0,false,false,156,true,6933.886294692707,8018.012449969245,0.4001898185255015,0.09848136887416488,0
LRM,1.54,0,false,false,157,true,6933.886294692707,8018.012449969245,0.4001898185255015,0.09848136887416488,0
LRM,1.54,0,false,false,158,true,6933.886294692707,8018.012449969245,0.4001898185255015,0.09848136887416488,0
LRM,1.54,0,false,false,159,true,6933.886294692707,8018.012449969245,0.4001898185255015,0.09848136887416488,0
LRM,1.54,0,false,false,160,true,6933.886294692707,8018.012449969245,0.4001898185255015,0.09848136887416488,0
LRM,1.54,0,false,false,161,true,6933.886294692707,8018.012449969245,0.4001898185255015,0.09848136887416488,0
LRM,1.54,0,false,false,162,false,6933.886294692707,8018.012449969245,0.4001898185255015,0.09848136887416488,0
LRM,1.54,0,false,false,163,true,6933.886294692707,8018.012449969245,0.4001898185255015,0.09848136887416488,0
LRM,1.54,0,false,false,164,false,6933.886294692707,8018.012449969245,0.4001898185255015,0.09848136887416488,0
LRM,1.54,0,false,false,165,true,6933.886294692707,8018.012449969245,0.4001898185255015,0.09848136887416488,0
LRM,1.54,0,false,false,166,false,6933.886294692707,8018.012449969245,0.4001898185255015,0.09848136887416488,0
LRM,1.54,0,false,false,167,true,6933.886294692707,8018.012449969245,0.4001898185255015,0.09848136887416488,0
LRM,1.54,0,false,false,168,false,6933.886294692707,8018.012449969245,0.4001898185255015,0.09848136887416488,0
LRM,1.54,0,false,false,169,false,6933.886294692707,8018.012449969245,0.4001898185255015,0.09848136887416488,0
LRM,1.54,0,false,false,170,true,6933.886294692707,8018.012449969245,0.4001898185255015,0.09848136887416488,0
LRM,1.54,0,false,false,171,true,6933.886294692707,8018.012449969245,0.4001898185255015,0.09848136887416488,0
LRM,1.54,0,false,false,172,true,6933.886294692707,8018.012449969245,0.4001898185255015,0.09848136887416488,0
LRM,1.54,0,false,false,173,true,6933.886294692707,8018.012449969245,0.4001898185255015,0.09848136887416488,0
LRM,1.54,0,false,false,174,false,6933.886294692707,8018.012449969245,0.4001898185255015,0.09848136887416488,0
LRM,1.54,0,false,false,175,true,6933.886294692707,8018.012449969245,0.4001898185255015,0.09848136887416488,0
LRM,1.54,0,false,false,176,true,6933.886294692707,8018.012449969245,0.4001898185255015,0.09848136887416488,0
LRM,1.54,0,false,false,177,true,6933.886294692707,8018.012449969245,0.4001898185255015,0.09848136887416488,0
LRM,1.54,0,false,false,178,true,6933.886294692707,8018.012449969245,0.4001898185255015,0.09848136887416488,0
LRM,1.54,0,false,false,179,false,6933.886294692707,8018.012449969245,0.4001898185255015,0.09848136887416488,0
LRM,1.54,0,false,false,180,true,6933.886294692707,8018.012449969245,0.4001898185255015,0.09848136887416488,0
LRM,1.54,0,false,false,181,true,6933.886294692707,8018.012449969245,0.4001898185255015,0.09848136887416488,0
LRM,1.54,0,false,false,182,false,6933.886294692707,8018.012449969245,0.4001898185255015,0.09848136887416488,0
LRM,1.54,0,false,false,183,true,6933.886294692707,8018.012449969245,0.4001898185255015,0.09848136887416488,0
LRM,1.54,0,false,false,184,true,6933.886294692707,8018.012449969245,0.4001898185255015,0.09848136887416488,0
LRM,1.54,0,false,false,185,false,6933.886294692707,8018.012449969245,0.4001898185255015,0.09848136887416488,0
LRM,1.54,0,false,false,186,true,6933.886294692707,8018.012449969245,0.4001898185255015,0.09848136887416488,0
LRM,1.54,0,false,false,187,false,6933.886294692707,8018.012449969245,0.4001898185255015,0.09848136887416488,0
LRM,1.54,0,false,false,188,true,6933.886294692707,8018.012449969245,0.4001898185255015,0.09848136887416488,0
LRM,1.54,0,false,false,189,true,6933.886294692707,8018.012449969245,0.4001898185255015,0.09848136887416488,0
LRM,1.54,0,false,false,190,false,6933.886294692707,8018.012449969245,0.4001898185255015,0.09848136887416488,0
LRM,1.54,0,false,false,191,true,6933.886294692707,8018.012449969245,0.4001898185255015,0.09848136887416488,0
LRM,1.54,0,false,false,192,true,6933.886294692707,8018.012449969245,0.4001898185255015,0.09848136887416488,0
LRM,1.54,0,false,false,193,false,6933.886294692707,8018.012449969245,0.4001898185255015,0.09848136887416488,0
LRM,1.54,0,false,false,194,true,6933.886294692707,8018.012449969245,0.4001898185255015,0.09848136887416488,0
LRM,1.54,0,false,false,195,true,6933.886294692707,8018.012449969245,0.4001898185255015,0.09848136887416488,0
LRM,1.54,0,false,false,196,true,6933.886294692707,8018.012449969245,0.4001898185255015,0.09848136887416488,0
LRM,1.54,0,false,false,197,true,6933.886294692707,8018.012449969245,0.4001898185255015,0.09848136887416488,0
LRM,1.54,0,false,false,198,true,6933.886294692707,8018.012449969245,0.4001898185255015,0.09848136887416488,0
LRM,1.54,0,false,false,199,true,6933.886294692707,8018.012449969245,0.4001898185255015,0.09848136887416488,0
LRM,1.54,0,false,false,200,false,6933.886294692707,8018.012449969245,0.4001898185255015,0.09848136887416488,0
LRM,1.54,0,false,false,201,false,6933.886294692707,8018.012449969245,0.4001898185255015,0.09848136887416488,0
LRM,1.54,0,false,false,202,true,6933.886294692707,8018.012449969245,0.4001898185255015,0.09848136887416488,0
LRM,1.54,0,false,false,203,true,6933.886294692707,8018.012449969245,0.4001898185255015,0.09848136887416488,0
LRM,1.54,0,false,false,204,false,6933.886294692707,8018.012449969245,0.4001898185255015,0.09848136887416488,0
LRM,1.54,0,false,false,205,true,6933.886294692707,8018.012449969245,0.4001898185255015,0.09848136887416488,0
LRM,1.54,0,false,false,206,true,6933.886294692707,8018.012449969245,0.4001898185255015,0.09848136887416488,0
LRM,1.54,0,false,false,207,true,6933.886294692707,8018.012449969245,0.4001898185255015,0.09848136887416488,0
LRM,1.54,0,false,false,208,false,6933.886294692707,8018.012449969245,0.4001898185255015,0.09848136887416488,0
LRM,1.54,0,false,false,209,true,6933.886294692707,8018.012449969245,0.4001898185255015,0.09848136887416488,0
LRM,1.54,0,false,false,210,false,6933.886294692707,8018.012449969245,0.4001898185255015,0.09848136887416488,0
LRM,1.54,0,false,false,211,true,6933.886294692707,8018.012449969245,0.4001898185255015,0.09848136887416488,0
LRM,1.54,0,false,false,212,true,6933.886294692707,8018.012449969245,0.4001898185255015,0.09848136887416488,0
LRM,1.54,0,false,false,213,false,6933.886294692707,8018.012449969245,0.4001898185255015,0.09848136887416488,0
LRM,1.54,0,false,false,214,false,6933.886294692707,8018.012449969245,0.4001898185255015,0.09848136887416488,0
LRM,1.54,0,false,false,215,true,6933.886294692707,8018.012449969245,0.4001898185255015,0.09848136887416488,0
LRM,1.54,0,false,false,216,true,6933.886294692707,8018.012449969245,0.4001898185255015,0.09848136887416488,0
LRM,1.54,0,false,false,217,true,6933.886294692707,8018.012449969245,0.4001898185255015,0.09848136887416488,0
LRM,1.54,0,false,false,218,true,6933.886294692707,8018.012449969245,0.4001898185255015,0.09848136887416488,0
LRM,1.54,0,false,false,219,true,6933.886294692707,8018.012449969245,0.4001898185255015,0.09848136887416488,0
LRM,1.54,0,false,false,220,false,6933.886294692707,8018.012449969245,0.4001898185255015,0.09848136887416488,0
LRM,1.54,0,false,false,221,true,6933.886294692707,8018.012449969245,0.4001898185255015,0.09848136887416488,0
LRM,1.54,0,false,false,222,true,6933.886294692707,8018.012449969245,0.4001898185255015,0.09848136887416488,0
LRM,1.54,0,false,false,223,true,6933.886294692707,8018.012449969245,0.4001898185255015,0.09848136887416488,0
LRM,1.54,0,false,false,224,false,6933.886294692707,8018.012449969245,0.4001898185255015,0.09848136887416488,0
LRM,1.54,0,false,false,225,true,6933.886294692707,8018.012449969245,0.4001898185255015,0.09848136887416488,0
LRM,1.54,0,false,false,226,true,6933.886294692707,8018.012449969245,0.4001898185255015,0.09848136887416488,0
LRM,1.54,0,false,false,227,true,6933.886294692707,8018.012449969245,0.4001898185255015,0.09848136887416488,0
LRM,1.54,0,false,false,228,false,6933.886294692707,8018.012449969245,0.4001898185255015,0.09848136887416488,0
LRM,1.54,0,false,false,229,true,6933.886294692707,8018.012449969245,0.4001898185255015,0.09848136887416488,0
LRM,1.54,0,false,false,230,true,6933.886294692707,8018.012449969245,0.4001898185255015,0.09848136887416488,0
LRM,1.54,0,false,false,231,true,6933.886294692707,8018.012449969245,0.4001898185255015,0.09848136887416488,0
LRM,1.54,0,false,false,232,true,6933.886294692707,8018.012449969245,0.4001898185255015,0.09848136887416488,0
LRM,1.54,0,false,false,233,true,6933.886294692707,8018.012449969245,0.4001898185255015,0.09848136887416488,0
LRM,1.54,0,false,false,234,true,6933.886294692707,8018.012449969245,0.4001898185255015,0.09848136887416488,0
LRM,1.54,0,false,false,235,false,6933.886294692707,8018.012449969245,0.4001898185255015,0.09848136887416488,0
LRM,1.54,0,false,false,236,true,6933.886294692707,8018.012449969245,0.4001898185255015,0.09848136887416488,0
LRM,1.54,0,false,false,237,true,6933.886294692707,8018.012449969245,0.4001898185255015,0.09848136887416488,0
LRM,1.54,0,false,false,238,true,6933.886294692707,8018.012449969245,0.4001898185255015,0.09848136887416488,0
LRM,1.54,0,false,false,239,true,6933.886294692707,8018.012449969245,0.4001898185255015,0.09848136887416488,0
LRM,1.54,0,false,false,240,false,6933.886294692707,8018.012449969245,0.4001898185255015,0.09848136887416488,0
LRM,1.54,0,false,false,241,true,6933.886294692707,8018.012449969245,0.4001898185255015,0.09848136887416488,0
LRM,1.54,0,false,false,242,false,6933.886294692707,8018.012449969245,0.4001898185255015,0.09848136887416488,0
LRM,1.54,0,false,false,243,false,6933.886294692707,8018.012449969245,0.4001898185255015,0.09848136887416488,0
LRM,1.54,0,false,false,244,false,6933.886294692707,8018.012449969245,0.4001898185255015,0.09848136887416488,0
LRM,1.54,0,false,false,245,true,6933.886294692707,8018.012449969245,0.4001898185255015,0.09848136887416488,0
LRM,1.54,0,false,false,246,true,6933.886294692707,8018.012449969245,0.4001898185255015,0.09848136887416488,0
LRM,1.54,0,false,false,247,true,6933.886294692707,8018.012449969245,0.4001898185255015,0.09848136887416488,0
LRM,1.54,0,false,false,248,true,6933.886294692707,8018.012449969245,0.4001898185255015,0.09848136887416488,0
LRM,1.54,0,false,false,249,true,6933.886294692707,8018.012449969245,0.4001898185255015,0.09848136887416488,0
LRM,1.54,0,false,false,250,true,6933.886294692707,8018.012449969245,0.4001898185255015,0.09848136887416488,0
LRM,1.54,0,false,false,251,false,6933.886294692707,8018.012449969245,0.4001898185255015,0.09848136887416488,0
LRM,1.54,0,false,false,252,false,6933.886294692707,8018.012449969245,0.4001898185255015,0.09848136887416488,0
LRM,1.54,0,false,false,253,false,6933.886294692707,8018.012449969245,0.4001898185255015,0.09848136887416488,0
LRM,1.54,0,false,false,254,true,6933.886294692707,8018.012449969245,0.4001898185255015,0.09848136887416488,0
LRM,1.54,0,false,false,255,true,6933.886294692707,8018.012449969245,0.4001898185255015,0.09848136887416488,0
LRM,1.68,0,false,false,0,false,7200,11468.502500000548,0.4001898185255015,0.09926628994262825,0
LRM,1.68,0,false,false,1,false,7200,11468.502500000548,0.4001898185255015,0.09926628994262825,0
LRM,1.68,0,false,false,2,false,7200,11468.502500000548,0.4001898185255015,0.09926628994262825,0
LRM,1.68,0,false,false,3,false,7200,11468.502500000548,0.4001898185255015,0.09926628994262825,0
LRM,1.68,0,false,false,4,false,7200,11468.502500000548,0.4001898185255015,0.09926628994262825,0
LRM,1.68,0,false,false,5,false,7200,11468.502500000548,0.4001898185255015,0.09926628994262825,0
LRM,1.68,0,false,false,6,false,7200,11468.502500000548,0.4001898185255015,0.09926628994262825,0
LRM,1.68,0,false,false,7,false,7200,11468.502500000548,0.4001898185255015,0.09926628994262825,0
LRM,1.68,0,false,false,8,false,7200,11468.502500000548,0.4001898185255015,0.09926628994262825,0
LRM,1.68,0,false,false,9,false,7200,11468.502500000548,0.4001898185255015,0.09926628994262825,0
LRM,1.68,0,false,false,10,false,7200,11468.502500000548,0.4001898185255015,0.09926628994262825,0
LRM,1.68,0,false,false,11,false,7200,11468.502500000548,0.4001898185255015,0.09926628994262825,0
LRM,1.68,0,false,false,12,false,7200,11468.502500000548,0.4001898185255015,0.09926628994262825,0
LRM,1.68,0,false,false,13,false,7200,11468.502500000548,0.4001898185255015,0.09926628994262825,0
LRM,1.68,0,false,false,14,false,7200,11468.502500000548,0.4001898185255015,0.09926628994262825,0
LRM,1.68,0,false,false,15,false,7200,11468.502500000548,0.4001898185255015,0.09926628994262825,0
LRM,1.68,0,false,false,16,false,7200,11468.502500000548,0.4001898185255015,0.09926628994262825,0
LRM,1.68,0,false,false,17,false,7200,11468.502500000548,0.4001898185255015,0.09926628994262825,0
LRM,1.68,0,false,false,18,false,7200,11468.502500000548,0.4001898185255015,0.09926628994262825,0
LRM,1.68,0,false,false,19,false,7200,11468.502500000548,0.4001898185255015,0.09926628994262825,0
LRM,1.68,0,false,false,20,false,7200,11468.502500000548,0.4001898185255015,0.09926628994262825,0
LRM,1.68,0,false,false,21,false,7200,11468.502500000548,0.4001898185255015,0.09926628994262825,0
LRM,1.68,0,false,false,22,false,7200,11468.502500000548,0.4001898185255015,0.09926628994262825,0
LRM,1.68,0,false,false,23,false,7200,11468.502500000548,0.4001898185255015,0.09926628994262825,0
LRM,1.68,0,false,false,24,false,7200,11468.502500000548,0.4001898185255015,0.09926628994262825,0
LRM,1.68,0,false,false,25,false,7200,11468.502500000548,0.4001898185255015,0.09926628994262825,0
LRM,1.68,0,false,false,26,false,7200,11468.502500000548,0.4001898185255015,0.09926628994262825,0
LRM,1.68,0,false,false,27,false,7200,11468.502500000548,0.4001898185255015,0.09926628994262825,0
LRM,1.68,0,false,false,28,false,7200,11468.502500000548,0.4001898185255015,0.09926628994262825,0
LRM,1.68,0,false,false,29,false,7200,11468.502500000548,0.4001898185255015,0.09926628994262825,0
LRM,1.68,0,false,false,30,false,7200,11468.502500000548,0.4001898185255015,0.09926628994262825,0
LRM,1.68,0,false,false,31,false,7200,11468.502500000548,0.4001898185255015,0.09926628994262825,0
LRM,1.68,0,false,false,32,false,7200,11468.502500000548,0.4001898185255015,0.09926628994262825,0
LRM,1.68,0,false,false,33,false,7200,11468.502500000548,0.4001898185255015,0.09926628994262825,0
LRM,1.68,0,false,false,34,false,7200,11468.502500000548,0.4001898185255015,0.09926628994262825,0
LRM,1.68,0,false,false,35,false,7200,11468.502500000548,0.4001898185255015,0.09926628994262825,0
LRM,1.68,0,false,false,36,false,7200,11468.502500000548,0.4001898185255015,0.09926628994262825,0
LRM,1.68,0,false,false,37,false,7200,11468.502500000548,0.4001898185255015,0.09926628994262825,0
LRM,1.68,0,false,false,38,false,7200,11468.502500000548,0.4001898185255015,0.09926628994262825,0
LRM,1.68,0,false,false,39,false,7200,11468.502500000548,0.4001898185255015,0.09926628994262825,0
LRM,1.68,0,false,false,40,false,7200,11468.502500000548,0.4001898185255015,0.09926628994262825,0
LRM,1.68,0,false,false,41,false,7200,11468.502500000548,0.4001898185255015,0.09926628994262825,0
LRM,1.68,0,false,false,42,false,7200,11468.502500000548,0.4001898185255015,0.09926628994262825,0
LRM,1.68,0,false,false,43,false,7200,11468.502500000548,0.4001898185255015,0.09926628994262825,0
LRM,1.68,0,false,false,44,false,7200,11468.502500000548,0.4001898185255015,0.09926628994262825,0
LRM,1.68,0,false,false,45,false,7200,11468.502500000548,0.4001898185255015,0.09926628994262825,0
LRM,1.68,0,false,false,46,false,7200,11468.502500000548,0.4001898185255015,0.09926628994262825,0
LRM,1.68,0,false,false,47,false,7200,11468.502500000548,0.4001898185255015,0.09926628994262825,0
LRM,1.68,0,false,false,48,false,7200,11468.502500000548,0.4001898185255015,0.09926628994262825,0
LRM,1.68,0,false,false,49,false,7200,11468.502500000548,0.4001898185255015,0.09926628994262825,0
LRM,1.68,0,false,false,50,false,7200,11468.502500000548,0.4001898185255015,0.09926628994262825,0
LRM,1.68,0,false,false,51,false,7200,11468.502500000548,0.4001898185255015,0.09926628994262825,0
LRM,1.68,0,false,false,52,false,7200,11468.502500000548,0.4001898185255015,0.09926628994262825,0
LRM,1.68,0,false,false,53,false,7200,11468.502500000548,0.4001898185255015,0.09926628994262825,0
LRM,1.68,0,false,false,54,false,7200,11468.502500000548,0.4001898185255015,0.09926628994262825,0
LRM,1.68,0,false,false,55,false,7200,11468.502500000548,0.4001898185255015,0.09926628994262825,0
LRM,1.68,0,false,false,56,false,7200,11468.502500000548,0.4001898185255015,0.09926628994262825,0
LRM,1.68,0,false,false,57,false,7200,11468.502500000548,0.4001898185255015,0.09926628994262825,0
LRM,1.68,0,false,false,58,false,7200,11468.502500000548,0.4001898185255015,0.09926628994262825,0
LRM,1.68,0,false,false,59,false,7200,11468.502500000548,0.4001898185255015,0.09926628994262825,0
LRM,1.68,0,false,false,60,false,7200,11468.502500000548,0.4001898185255015,0.09926628994262825,0
LRM,1.68,0,false,false,61,false,7200,11468.502500000548,0.4001898185255015,0.09926628994262825,0
LRM,1.68,0,false,false,62,false,7200,11468.502500000548,0.4001898185255015,0.09926628994262825,0
LRM,1.68,0,false,false,63,false,7200,11468.502500000548,0.4001898185255015,0.09926628994262825,0
LRM,1.68,0,false,false,64,false,7200,11468.502500000548,0.4001898185255015,0.09926628994262825,0
LRM,1.68,0,false,false,65,false,7200,11468.502500000548,0.4001898185255015,0.09926628994262825,0
LRM,1.68,0,false,false,66,false,7200,11468.502500000548,0.4001898185255015,0.09926628994262825,0
LRM,1.68,0,false,false,67,false,7200,11468.502500000548,0.4001898185255015,0.09926628994262825,0
LRM,1.68,0,false,false,68,false,7200,11468.502500000548,0.4001898185255015,0.09926628994262825,0
LRM,1.68,0,false,false,69,false,7200,11468.502500000548,0.4001898185255015,0.09926628994262825,0
LRM,1.68,0,false,false,70,false,7200,11468.502500000548,0.4001898185255015,0.09926628994262825,0
LRM,1.68,0,false,false,71,false,7200,11468.502500000548,0.4001898185255015,0.09926628994262825,0
LRM,1.68,0,false,false,72,false,7200,11468.502500000548,0.4001898185255015,0.09926628994262825,0
LRM,1.68,0,false,false,73,false,7200,11468.502500000548,0.4001898185255015,0.09926628994262825,0
LRM,1.68,0,false,false,74,false,7200,11468.502500000548,0.4001898185255015,0.09926628994262825,0
LRM,1.68,0,false,false,75,false,7200,11468.502500000548,0.4001898185255015,0.09926628994262825,0
LRM,1.68,0,false,false,76,false,7200,11468.502500000548,0.4001898185255015,0.09926628994262825,0
LRM,1.68,0,false,false,77,false,7200,11468.502500000548,0.4001898185255015,0.09926628994262825,0
LRM,1.68,0,false,false,78,false,7200,11468.502500000548,0.4001898185255015,0.09926628994262825,0
LRM,1.68,0,false,false,79,false,7200,11468.502500000548,0.4001898185255015,0.09926628994262825,0
LRM,1.68,0,false,false,80,false,7200,11468.502500000548,0.4001898185255015,0.09926628994262825,0
LRM,1.68,0,false,false,81,false,7200,11468.502500000548,0.4001898185255015,0.09926628994262825,0
LRM,1.68,0,false,false,82,false,7200,11468.502500000548,0.4001898185255015,0.09926628994262825,0
LRM,1.68,0,false,false,83,false,7200,11468.502500000548,0.4001898185255015,0.09926628994262825,0
LRM,1.68,0,false,false,84,false,7200,11468.502500000548,0.4001898185255015,0.09926628994262825,0
LRM,1.68,0,false,false,85,false,7200,11468.502500000548,0.4001898185255015,0.09926628994262825,0
LRM,1.68,0,false,false,86,false,7200,11468.502500000548,0.4001898185255015,0.09926628994262825,0
LRM,1.68,0,false,false,87,false,7200,11468.502500000548,0.4001898185255015,0.09926628994262825,0
LRM,1.68,0,false,false,88,false,7200,11468.502500000548,0.4001898185255015,0.09926628994262825,0
LRM,1.68,0,false,false,89,false,7200,11468.502500000548,0.4001898185255015,0.09926628994262825,0
LRM,1.68,0,false,false,90,false,7200,11468.502500000548,0.4001898185255015,0.09926628994262825,0
LRM,1.68,0,false,false,91,false,7200,11468.502500000548,0.4001898185255015,0.09926628994262825,0
LRM,1.68,0,false,false,92,false,7200,11468.502500000548,0.4001898185255015,0.09926628994262825,0
LRM,1.68,0,false,false,93,false,7200,11468.502500000548,0.4001898185255015,0.09926628994262825,0
LRM,1.68,0,false,false,94,false,7200,11468.502500000548,0.4001898185255015,0.09926628994262825,0
LRM,1.68,0,false,false,95,false,7200,11468.502500000548,0.4001898185255015,0.09926628994262825,0
LRM,1.68,0,false,false,96,false,7200,11468.502500000548,0.4001898185255015,0.09926628994262825,0
LRM,1.68,0,false,false,97,false,7200,11468.502500000548,0.4001898185255015,0.09926628994262825,0
LRM,1.68,0,false,false,98,false,7200,11468.502500000548,0.4001898185255015,0.09926628994262825,0
LRM,1.68,0,false,false,99,false,7200,11468.502500000548,0.4001898185255015,0.09926628994262825,0
LRM,1.68,0,false,false,100,false,7200,11468.502500000548,0.4001898185255015,0.09926628994262825,0
LRM,1.68,0,false,false,101,false,7200,11468.502500000548,0.4001898185255015,0.09926628994262825,0
LRM,1.68,0,false,false,102,false,7200,11468.502500000548,0.4001898185255015,0.09926628994262825,0
LRM,1.68,0,false,false,103,false,7200,11468.502500000548,0.4001898185255015,0.09926628994262825,0
LRM,1.68,0,false,false,104,false,7200,11468.502500000548,0.4001898185255015,0.09926628994262825,0
LRM,1.68,0,false,false,105,false,7200,11468.502500000548,0.4001898185255015,0.09926628994262825,0
LRM,1.68,0,false,false,106,false,7200,11468.502500000548,0.4001898185255015,0.09926628994262825,0
LRM,1.68,0,false,false,107,false,7200,11468.502500000548,0.4001898185255015,0.09926628994262825,0
LRM,1.68,0,false,false,108,false,7200,11468.502500000548,0.4001898185255015,0.09926628994262825,0
LRM,1.68,0,false,false,109,false,7200,11468.502500000548,0.4001898185255015,0.09926628994262825,0
LRM,1.68,0,false,false,110,false,7200,11468.502500000548,0.4001898185255015,0.09926628994262825,0
LRM,1.68,0,false,false,111,false,7200,11468.502500000548,0.4001898185255015,0.09926628994262825,0
LRM,1.68,0,false,false,112,false,7200,11468.502500000548,0.4001898185255015,0.09926628994262825,0
LRM,1.68,0,false,false,113,false,7200,11468.502500000548,0.4001898185255015,0.09926628994262825,0
LRM,1.68,0,false,false,114,false,7200,11468.502500000548,0.4001898185255015,0.09926628994262825,0
LRM,1.68,0,false,false,115,false,7200,11468.502500000548,0.4001898185255015,0.09926628994262825,0
LRM,1.68,0,false,false,116,false,7200,11468.502500000548,0.4001898185255015,0.09926628994262825,0
LRM,1.68,0,false,false,117,false,7200,11468.502500000548,0.4001898185255015,0.09926628994262825,0
LRM,1.68,0,false,false,118,false,7200,11468.502500000548,0.4001898185255015,0.09926628994262825,0
LRM,1.68,0,false,false,119,false,7200,11468.502500000548,0.4001898185255015,0.09926628994262825,0
LRM,1.68,0,false,false,120,false,7200,11468.502500000548,0.4001898185255015,0.09926628994262825,0
LRM,1.68,0,false,false,121,false,7200,11468.502500000548,0.4001898185255015,0.09926628994262825,0
LRM,1.68,0,false,false,122,false,7200,11468.502500000548,0.4001898185255015,0.09926628994262825,0
LRM,1.68,0,false,false,123,false,7200,11468.502500000548,0.4001898185255015,0.09926628994262825,0
LRM,1.68,0,false,false,124,false,7200,11468.502500000548,0.4001898185255015,0.09926628994262825,0
LRM,1.68,0,false,false,125,false,7200,11468.502500000548,0.4001898185255015,0.09926628994262825,0
LRM,1.68,0,false,false,126,false,7200,11468.502500000548,0.4001898185255015,0.09926628994262825,0
LRM,1.68,0,false,false,127,false,7200,11468.502500000548,0.4001898185255015,0.09926628994262825,0
LRM,1.68,0,false,false,128,false,7200,11468.502500000548,0.4001898185255015,0.09926628994262825,0
LRM,1.68,0,false,false,129,false,7200,11468.502500000548,0.4001898185255015,0.09926628994262825,0
LRM,1.68,0,false,false,130,false,7200,11468.502500000548,0.4001898185255015,0.09926628994262825,0
LRM,1.68,0,false,false,131,false,7200,11468.502500000548,0.4001898185255015,0.09926628994262825,0
LRM,1.68,0,false,false,132,false,7200,11468.502500000548,0.4001898185255015,0.09926628994262825,0
LRM,1.68,0,false,false,133,false,7200,11468.502500000548,0.4001898185255015,0.09926628994262825,0
LRM,1.68,0,false,false,134,false,7200,11468.502500000548,0.4001898185255015,0.09926628994262825,0
LRM,1.68,0,false,false,135,false,7200,11468.502500000548,0.4001898185255015,0.09926628994262825,0
LRM,1.68,0,false,false,136,false,7200,11468.502500000548,0.4001898185255015,0.09926628994262825,0
LRM,1.68,0,false,false,137,false,7200,11468.502500000548,0.4001898185255015,0.09926628994262825,0
LRM,1.68,0,false,false,138,false,7200,11468.502500000548,0.4001898185255015,0.09926628994262825,0
LRM,1.68,0,false,false,139,false,7200,11468.502500000548,0.4001898185255015,0.09926628994262825,0
LRM,1.68,0,false,false,140,false,7200,11468.502500000548,0.4001898185255015,0.09926628994262825,0
LRM,1.68,0,false,false,141,false,7200,11468.502500000548,0.4001898185255015,0.09926628994262825,0
LRM,1.68,0,false,false,142,false,7200,11468.502500000548,0.4001898185255015,0.09926628994262825,0
LRM,1.68,0,false,false,143,false,7200,11468.502500000548,0.4001898185255015,0.09926628994262825,0
LRM,1.68,0,false,false,144,false,7200,11468.502500000548,0.4001898185255015,0.09926628994262825,0
LRM,1.68,0,false,false,145,false,7200,11468.502500000548,0.4001898185255015,0.09926628994262825,0
LRM,1.68,0,false,false,146,false,7200,11468.502500000548,0.4001898185255015,0.09926628994262825,0
LRM,1.68,0,false,false,147,false,7200,11468.502500000548,0.4001898185255015,0.09926628994262825,0
LRM,1.68,0,false,false,148,false,7200,11468.502500000548,0.4001898185255015,0.09926628994262825,0
LRM,1.68,0,false,false,149,false,7200,11468.502500000548,0.4001898185255015,0.09926628994262825,0
LRM,1.68,0,false,false,150,false,7200,11468.502500000548,0.4001898185255015,0.09926628994262825,0
LRM,1.68,0,false,false,151,false,7200,11468.502500000548,0.4001898185255015,0.09926628994262825,0
LRM,1.68,0,false,false,152,false,7200,11468.502500000548,0.4001898185255015,0.09926628994262825,0
LRM,1.68,0,false,false,153,false,7200,11468.502500000548,0.4001898185255015,0.09926628994262825,0
LRM,1.68,0,false,false,154,false,7200,11468.502500000548,0.4001898185255015,0.09926628994262825,0
LRM,1.68,0,false,false,155,false,7200,11468.502500000548,0.4001898185255015,0.09926628994262825,0
LRM,1.68,0,false,false,156,false,7200,11468.502500000548,0.4001898185255015,0.09926628994262825,0
LRM,1.68,0,false,false,157,false,7200,11468.502500000548,0.4001898185255015,0.09926628994262825,0
LRM,1.68,0,false,false,158,false,7200,11468.502500000548,0.4001898185255015,0.09926628994262825,0
LRM,1.68,0,false,false,159,false,7200,11468.502500000548,0.4001898185255015,0.09926628994262825,0
LRM,1.68,0,false,false,160,false,7200,11468.502500000548,0.4001898185255015,0.09926628994262825,0
LRM,1.68,0,false,false,161,false,7200,11468.502500000548,0.4001898185255015,0.09926628994262825,0
LRM,1.68,0,false,false,162,false,7200,11468.502500000548,0.4001898185255015,0.09926628994262825,0
LRM,1.68,0,false,false,163,false,7200,11468.502500000548,0.4001898185255015,0.09926628994262825,0
LRM,1.68,0,false,false,164,false,7200,11468.502500000548,0.4001898185255015,0.09926628994262825,0
LRM,1.68,0,false,false,165,false,7200,11468.502500000548,0.4001898185255015,0.09926628994262825,0
LRM,1.68,0,false,false,166,false,7200,11468.502500000548,0.4001898185255015,0.09926628994262825,0
LRM,1.68,0,false,false,167,false,7200,11468.502500000548,0.4001898185255015,0.09926628994262825,0
LRM,1.68,0,false,false,168,false,7200,11468.502500000548,0.4001898185255015,0.09926628994262825,0
LRM,1.68,0,false,false,169,false,7200,11468.502500000548,0.4001898185255015,0.09926628994262825,0
LRM,1.68,0,false,false,170,false,7200,11468.502500000548,0.4001898185255015,0.09926628994262825,0
LRM,1.68,0,false,false,171,false,7200,11468.502500000548,0.4001898185255015,0.09926628994262825,0
LRM,1.68,0,false,false,172,false,7200,11468.502500000548,0.4001898185255015,0.09926628994262825,0
LRM,1.68,0,false,false,173,false,7200,11468.502500000548,0.4001898185255015,0.09926628994262825,0
LRM,1.68,0,false,false,174,false,7200,11468.502500000548,0.4001898185255015,0.09926628994262825,0
LRM,1.68,0,false,false,175,false,7200,11468.502500000548,0.4001898185255015,0.09926628994262825,0
LRM,1.68,0,false,false,176,false,7200,11468.502500000548,0.4001898185255015,0.09926628994262825,0
LRM,1.68,0,false,false,177,false,7200,11468.502500000548,0.4001898185255015,0.09926628994262825,0
LRM,1.68,0,false,false,178,false,7200,11468.502500000548,0.4001898185255015,0.09926628994262825,0
LRM,1.68,0,false,false,179,false,7200,11468.502500000548,0.4001898185255015,0.09926628994262825,0
LRM,1.68,0,false,false,180,false,7200,11468.502500000548,0.4001898185255015,0.09926628994262825,0
LRM,1.68,0,false,false,181,false,7200,11468.502500000548,0.4001898185255015,0.09926628994262825,0
LRM,1.68,0,false,false,182,false,7200,11468.502500000548,0.4001898185255015,0.09926628994262825,0
LRM,1.68,0,false,false,183,false,7200,11468.502500000548,0.4001898185255015,0.09926628994262825,0
LRM,1.68,0,false,false,184,false,7200,11468.502500000548,0.4001898185255015,0.09926628994262825,0
LRM,1.68,0,false,false,185,false,7200,11468.502500000548,0.4001898185255015,0.09926628994262825,0
LRM,1.68,0,false,false,186,false,7200,11468.502500000548,0.4001898185255015,0.09926628994262825,0
LRM,1.68,0,false,false,187,false,7200,11468.502500000548,0.4001898185255015,0.09926628994262825,0
LRM,1.68,0,false,false,188,false,7200,11468.502500000548,0.4001898185255015,0.09926628994262825,0
LRM,1.68,0,false,false,189,false,7200,11468.502500000548,0.4001898185255015,0.09926628994262825,0
LRM,1.68,0,false,false,190,false,7200,11468.502500000548,0.4001898185255015,0.09926628994262825,0
LRM,1.68,0,false,false,191,false,7200,11468.502500000548,0.4001898185255015,0.09926628994262825,0
LRM,1.68,0,false,false,192,false,7200,11468.502500000548,0.4001898185255015,0.09926628994262825,0
LRM,1.68,0,false,false,193,false,7200,11468.502500000548,0.4001898185255015,0.09926628994262825,0
LRM,1.68,0,false,false,194,false,7200,11468.502500000548,0.4001898185255015,0.09926628994262825,0
LRM,1.68,0,false,false,195,false,7200,11468.502500000548,0.4001898185255015,0.09926628994262825,0
LRM,1.68,0,false,false,196,false,7200,11468.502500000548,0.4001898185255015,0.09926628994262825,0
LRM,1.68,0,false,false,197,false,7200,11468.502500000548,0.4001898185255015,0.09926628994262825,0
LRM,1.68,0,false,false,198,false,7200,11468.502500000548,0.4001898185255015,0.09926628994262825,0
LRM,1.68,0,false,false,199,false,7200,11468.502500000548,0.4001898185255015,0.09926628994262825,0
LRM,1.68,0,false,false,200,false,7200,11468.502500000548,0.4001898185255015,0.09926628994262825,0
LRM,1.68,0,false,false,201,false,7200,11468.502500000548,0.4001898185255015,0.09926628994262825,0
LRM,1.68,0,false,false,202,false,7200,11468.502500000548,0.4001898185255015,0.09926628994262825,0
LRM,1.68,0,false,false,203,false,7200,11468.502500000548,0.4001898185255015,0.09926628994262825,0
LRM,1.68,0,false,false,204,false,7200,11468.502500000548,0.4001898185255015,0.09926628994262825,0
LRM,1.68,0,false,false,205,false,7200,11468.502500000548,0.4001898185255015,0.09926628994262825,0
LRM,1.68,0,false,false,206,false,7200,11468.502500000548,0.4001898185255015,0.09926628994262825,0
LRM,1.68,0,false,false,207,false,7200,11468.502500000548,0.4001898185255015,0.09926628994262825,0
LRM,1.68,0,false,false,208,false,7200,11468.502500000548,0.4001898185255015,0.09926628994262825,0
LRM,1.68,0,false,false,209,false,7200,11468.502500000548,0.4001898185255015,0.09926628994262825,0
LRM,1.68,0,false,false,210,false,7200,11468.502500000548,0.4001898185255015,0.09926628994262825,0
LRM,1.68,0,false,false,211,false,7200,11468.502500000548,0.4001898185255015,0.09926628994262825,0
LRM,1.68,0,false,false,212,false,7200,11468.502500000548,0.4001898185255015,0.09926628994262825,0
LRM,1.68,0,false,false,213,false,7200,11468.502500000548,0.4001898185255015,0.09926628994262825,0
LRM,1.68,0,false,false,214,false,7200,11468.502500000548,0.4001898185255015,0.09926628994262825,0
LRM,1.68,0,false,false,215,false,7200,11468.502500000548,0.4001898185255015,0.09926628994262825,0
LRM,1.68,0,false,false,216,false,7200,11468.502500000548,0.4001898185255015,0.09926628994262825,0
LRM,1.68,0,false,false,217,false,7200,11468.502500000548,0.4001898185255015,0.09926628994262825,0
LRM,1.68,0,false,false,218,false,7200,11468.502500000548,0.4001898185255015,0.09926628994262825,0
LRM,1.68,0,false,false,219,false,7200,11468.502500000548,0.4001898185255015,0.09926628994262825,0
LRM,1.68,0,false,false,220,false,7200,11468.502500000548,0.4001898185255015,0.09926628994262825,0
LRM,1.68,0,false,false,221,false,7200,11468.502500000548,0.4001898185255015,0.09926628994262825,0
LRM,1.68,0,false,false,222,false,7200,11468.502500000548,0.4001898185255015,0.09926628994262825,0
LRM,1.68,0,false,false,223,false,7200,11468.502500000548,0.4001898185255015,0.09926628994262825,0
LRM,1.68,0,false,false,224,false,7200,11468.502500000548,0.4001898185255015,0.09926628994262825,0
LRM,1.68,0,false,false,225,false,7200,11468.502500000548,0.4001898185255015,0.09926628994262825,0
LRM,1.68,0,false,false,226,false,7200,11468.502500000548,0.4001898185255015,0.09926628994262825,0
LRM,1.68,0,false,false,227,false,7200,11468.502500000548,0.4001898185255015,0.09926628994262825,0
LRM,1.68,0,false,false,228,false,7200,11468.502500000548,0.4001898185255015,0.09926628994262825,0
LRM,1.68,0,false,false,229,false,7200,11468.502500000548,0.4001898185255015,0.09926628994262825,0
LRM,1.68,0,false,false,230,false,7200,11468.502500000548,0.4001898185255015,0.09926628994262825,0
LRM,1.68,0,false,false,231,false,7200,11468.502500000548,0.4001898185255015,0.09926628994262825,0
LRM,1.68,0,false,false,232,false,7200,11468.502500000548,0.4001898185255015,0.09926628994262825,0
LRM,1.68,0,false,false,233,false,7200,11468.502500000548,0.4001898185255015,0.09926628994262825,0
LRM,1.68,0,false,false,234,false,7200,11468.502500000548,0.4001898185255015,0.09926628994262825,0
LRM,1.68,0,false,false,235,false,7200,11468.502500000548,0.4001898185255015,0.09926628994262825,0
LRM,1.68,0,false,false,236,false,7200,11468.502500000548,0.4001898185255015,0.09926628994262825,0
LRM,1.68,0,false,false,237,false,7200,11468.502500000548,0.4001898185255015,0.09926628994262825,0
LRM,1.68,0,false,false,238,false,7200,11468.502500000548,0.4001898185255015,0.09926628994262825,0
LRM,1.68,0,false,false,239,false,7200,11468.502500000548,0.4001898185255015,0.09926628994262825,0
LRM,1.68,0,false,false,240,false,7200,11468.502500000548,0.4001898185255015,0.09926628994262825,0
LRM,1.68,0,false,false,241,false,7200,11468.502500000548,0.4001898185255015,0.09926628994262825,0
LRM,1.68,0,false,false,242,false,7200,11468.502500000548,0.4001898185255015,0.09926628994262825,0
LRM,1.68,0,false,false,243,false,7200,11468.502500000548,0.4001898185255015,0.09926628994262825,0
LRM,1.68,0,false,false,244,false,7200,11468.502500000548,0.4001898185255015,0.09926628994262825,0
LRM,1.68,0,false,false,245,false,7200,11468.502500000548,0.4001898185255015,0.09926628994262825,0
LRM,1.68,0,false,false,246,false,7200,11468.502500000548,0.4001898185255015,0.09926628994262825,0
LRM,1.68,0,false,false,247,false,7200,11468.502500000548,0.4001898185255015,0.09926628994262825,0
LRM,1.68,0,false,false,248,false,7200,11468.502500000548,0.4001898185255015,0.09926628994262825,0
LRM,1.68,0,false,false,249,false,7200,11468.502500000548,0.4001898185255015,0.09926628994262825,0
LRM,1.68,0,false,false,250,false,7200,11468.502500000548,0.4001898185255015,0.09926628994262825,0
LRM,1.68,0,false,false,251,false,7200,11468.502500000548,0.4001898185255015,0.09926628994262825,0
LRM,1.68,0,false,false,252,false,7200,11468.502500000548,0.4001898185255015,0.09926628994262825,0
LRM,1.68,0,false,false,253,false,7200,11468.502500000548,0.4001898185255015,0.09926628994262825,0
LRM,1.68,0,false,false,254,false,7200,11468.502500000548,0.4001898185255015,0.09926628994262825,0
LRM,1.68,0,false,false,255,false,7200,11468.502500000548,0.4001898185255015,0.09926628994262825,0
LRM,1.68,0,true,false,0,false,7200,7908.298355349244,0.40005316565867166,0,0
LRM,1.68,0,true,false,1,false,7200,7908.301543930385,0.4000531658031745,0,0
LRM,1.68,0,true,false,2,false,7200,7908.297137007503,0.40005316560298093,0,0
LRM,1.68,0,true,false,3,false,7200,7908.300914946308,0.40005316577492217,0,0
LRM,1.68,0,true,false,4,false,7200,7908.295796040669,0.40005316554187964,0,0
LRM,1.68,0,true,false,5,false,7200,7908.302783291069,0.4000531658590214,0,0
LRM,1.68,0,true,false,6,false,7200,7908.296261744562,0.4000531655632651,0,0
LRM,1.68,0,true,false,7,false,7200,7908.29931554436,0.4000531657023028,0,0
LRM,1.68,0,true,false,8,false,7200,7908.301568446286,0.40005316580435246,0,0
LRM,1.68,0,true,false,9,false,7200,7908.295778233627,0.4000531655407489,0,0
LRM,1.68,0,true,false,10,false,7200,7908.30393737493,0.40005316591123535,0,0
LRM,1.68,0,true,false,11,false,7200,7908.303746084181,0.4000531659025586,0,0
LRM,1.68,0,true,false,12,false,7200,7908.2967414782715,0.40005316558505855,0,0
LRM,1.68,0,true,false,13,false,7200,7908.297204987097,0.40005316560624204,0,0
LRM,1.68,0,true,false,14,false,7200,7908.303324303033,0.4000531658835189,0,0
LRM,1.68,0,true,false,15,false,7200,7908.295592260705,0.4000531655324038,0,0
LRM,1.68,0,true,false,16,false,7200,7908.300660138679,0.40005316576318173,0,0
LRM,1.68,0,true,false,17,false,7200,7908.303175216606,0.40005316587695317,0,0
LRM,1.68,0,true,false,18,false,7200,7908.300469665102,0.40005316575490796,0,0
LRM,1.68,0,true,false,19,false,7200,7908.29593943059,0.400053165548401,0,0
LRM,1.68,0,true,false,20,false,7200,7908.301697064317,0.4000531658100704,0,0
LRM,1.68,0,true,false,21,false,7200,7908.301202017657,0.40005316578779976,0,0
LRM,1.68,0,true,false,22,false,7200,7908.298889381754,0.400053165682897,0,0
LRM,1.68,0,true,false,23,false,7200,7908.29842518953,0.4000531656619701,0,0
LRM,1.68,0,true,false,24,false,7200,7908.303417184482,0.40005316588769435,0,0
LRM,1.68,0,true,false,25,false,7200,7908.295573783871,0.40005316553172077,0,0
LRM,1.68,0,true,false,26,false,7200,7908.301084090926,0.40005316578273453,0,0
LRM,1.68,0,true,false,27,false,7200,7908.301590743919,0.4000531658055097,0,0
LRM,1.68,0,true,false,28,false,7200,7908.299065317703,0.4000531656910366,0,0
LRM,1.68,0,true,false,29,false,7200,7908.302751488244,0.4000531658577075,0,0
LRM,1.68,0,true,false,30,false,7200,7908.295532845642,0.40005316552968523,0,0
LRM,1.68,0,true,false,31,false,7200,7908.300159101517,0.40005316574048516,0,0
LRM,1.68,0,true,false,32,false,7200,7908.29596833872,0.4000531655494629,0,0
LRM,1.68,0,true,false,33,false,7200,7908.304105780662,0.40005316591877976,0,0
LRM,1.68,0,true,false,34,false,7200,7908.296319983207,0.40005316556561765,0,0
LRM,1.68,0,true,false,35,false,7200,7908.303916637342,0.4000531659102733,0,0
LRM,1.68,0,true,false,36,false,7200,7908.302901884861,0.40005316586449907,0,0
LRM,1.68,0,true,false,37,false,7200,7908.296166427438,0.4000531655585919,0,0
LRM,1.68,0,true,false,38,false,7200,7908.303934534289,0.4000531659108191,0,0
LRM,1.68,0,true,false,39,false,7200,7908.30153165025,0.400053165802819,0,0
LRM,1.68,0,true,false,40,false,7200,7908.299845061928,0.4000531657265597,0,0
LRM,1.68,0,true,false,41,false,7200,7908.298374064827,0.4000531656593856,0,0
LRM,1.68,0,true,false,42,false,7200,7908.2977501644045,0.400053165631052,0,0
LRM,1.68,0,true,false,43,false,7200,7908.303686496502,0.4000531658998718,0,0
LRM,1.68,0,true,false,44,false,7200,7908.2957880336335,0.40005316554154813,0,0
LRM,1.68,0,true,false,45,false,7200,7908.295401209053,0.40005316552345516,0,0
LRM,1.68,0,true,false,46,false,7200,7908.298500129342,0.40005316566541005,0,0
LRM,1.68,0,true,false,47,false,7200,7908.302509142732,0.4000531658469455,0,0
LRM,1.68,0,true,false,48,false,7200,7908.296884964787,0.40005316559158227,0,0
LRM,1.68,0,true,false,49,false,7200,7908.303660524657,0.4000531658984892,0,0
LRM,1.68,0,true,false,50,false,7200,7908.301495800766,0.40005316580123,0,0
LRM,1.68,0,true,false,51,false,7200,7908.300027392737,0.400053165734515,0,0
LRM,1.68,0,true,false,52,false,7200,7908.295559890674,0.40005316553107045,0,0
LRM,1.68,0,true,false,53,false,7200,7908.302320544308,0.4000531658385078,0,0
LRM,1.68,0,true,false,54,false,7200,7908.30248429347,0.4000531658457742,0,0
LRM,1.68,0,true,false,55,false,7200,7908.303796060904,0.400053165904608,0,0
LRM,1.68,0,true,false,56,false,7200,7908.295906557367,0.40005316554671067,0,0
LRM,1.68,0,true,false,57,false,7200,7908.298857265833,0.40005316568142557,0,0
LRM,1.68,0,true,false,58,false,7200,7908.296625291532,0.40005316557959475,0,0
LRM,1.68,0,true,false,59,false,7200,7908.300055710533,0.4000531657358637,0,0
LRM,1.68,0,true,false,60,false,7200,7908.301325941492,0.4000531657935843,0,0
LRM,1.68,0,true,false,61,false,7200,7908.300679857086,0.4000531657642579,0,0
LRM,1.68,0,true,false,62,false,7200,7908.301948174211,0.4000531658215072,0,0
LRM,1.68,0,true,false,63,false,7200,7908.299767029397,0.40005316572304067,0,0
LRM,1.68,0,true,false,64,false,7200,7908.303538243111,0.4000531658931523,0,0
LRM,1.68,0,true,false,65,false,7200,7908.302173485931,0.4000531658315987,0,0
LRM,1.68,0,true,false,66,false,7200,7908.29905094243,0.4000531656905406,0,0
LRM,1.68,0,true,false,67,false,7200,7908.301293973431,0.40005316579187766,0,0
LRM,1.68,0,true,false,68,false,7200,7908.300108254713,0.40005316573851585,0,0
LRM,1.68,0,true,false,69,false,7200,7908.296339871523,0.40005316556657095,0,0
LRM,1.68,0,true,false,70,false,7200,7908.301237018563,0.400053165789285,0,0
LRM,1.68,0,true,false,71,false,7200,7908.299247990586,0.4000531656991872,0,0
LRM,1.68,0,true,false,72,false,7200,7908.295865406197,0.40005316554510245,0,0
LRM,1.68,0,true,false,73,false,7200,7908.299058505507,0.4000531656905441,0,0
LRM,1.68,0,true,false,74,false,7200,7908.297693966831,0.40005316562874227,0,0
LRM,1.68,0,true,false,75,false,7200,7908.297310989673,0.4000531656110944,0,0
LRM,1.68,0,true,false,76,false,7200,7908.303932299365,0.4000531659110367,0,0
LRM,1.68,0,true,false,77,false,7200,7908.299925592106,0.4000531657301077,0,0
LRM,1.68,0,true,false,78,false,7200,7908.3016589086055,0.40005316580847605,0,0
LRM,1.68,0,true,false,79,false,7200,7908.297172151469,0.40005316560469334,0,0
LRM,1.68,0,true,false,80,false,7200,7908.302956411679,0.4000531658672123,0,0
LRM,1.68,0,true,false,81,false,7200,7908.297185793026,0.40005316560538384,0,0
LRM,1.68,0,true,false,82,false,7200,7908.302858882954,0.40005316586263073,0,0
LRM,1.68,0,true,false,83,false,7200,7908.303526255033,0.400053165892701,0,0
LRM,1.68,0,true,false,84,false,7200,7908.302236232953,0.40005316583470424,0,0
LRM,1.68,0,true,false,85,false,7200,7908.297386992745,0.40005316561465265,0,0
LRM,1.68,0,true,false,86,false,7200,7908.2988396721785,0.4000531656805712,0,0
LRM,1.68,0,true,false,87,false,7200,7908.297922728488,0.4000531656388604,0,0
LRM,1.68,0,true,false,88,false,7200,7908.295875760042,0.40005316554547127,0,0
LRM,1.68,0,true,false,89,false,7200,7908.297037538117,0.40005316559868653,0,0
LRM,1.68,0,true,false,90,false,7200,7908.301315092971,0.4000531657928647,0,0
LRM,1.68,0,true,false,91,false,7200,7908.2959787487725,0.40005316555017756,0,0
LRM,1.68,0,true,false,92,false,7200,7908.301314364115,0.400053165792782,0,0
LRM,1.68,0,true,false,93,false,7200,7908.301987893781,0.4000531658235641,0,0
LRM,1.68,0,true,false,94,false,7200,7908.303007624847,0.40005316586927686,0,0
LRM,1.68,0,true,false,95,false,7200,7908.298537630809,0.4000531656670555,0,0
LRM,1.68,0,true,false,96,false,7200,7908.300667968198,0.40005316576360794,0,0
LRM,1.68,0,true,false,97,false,7200,7908.303493770027,0.4000531658911899,0,0
LRM,1.68,0,true,false,98,false,7200,7908.301719136061,0.4000531658112173,0,0
LRM,1.68,0,true,false,99,false,7200,7908.302107545922,0.400053165828915,0,0
LRM,1.68,0,true,false,100,false,7200,7908.303570151495,0.4000531658947838,0,0
LRM,1.68,0,true,false,101,false,7200,7908.297382574988,0.40005316561417403,0,0
LRM,1.68,0,true,false,102,false,7200,7908.301277108335,0.40005316579143096,0,0
LRM,1.68,0,true,false,103,false,7200,7908.302782774803,0.400053165859095,0,0
LRM,1.68,0,true,false,104,false,7200,7908.302784385143,0.4000531658593463,0,0
LRM,1.68,0,true,false,105,false,7200,7908.296917557611,0.40005316559293175,0,0
LRM,1.68,0,true,false,106,false,7200,7908.295493724529,0.4000531655277786,0,0
LRM,1.68,0,true,false,107,false,7200,7908.295837949662,0.4000531655434682,0,0
LRM,1.68,0,true,false,108,false,7200,7908.298969757646,0.4000531656865079,0,0
LRM,1.68,0,true,false,109,false,7200,7908.302537548998,0.40005316584817185,0,0
LRM,1.68,0,true,false,110,false,7200,7908.29774235964,0.4000531656308674,0,0
LRM,1.68,0,true,false,111,false,7200,7908.30289477488,0.40005316586440653,0,0
LRM,1.68,0,true,false,112,false,7200,7908.297840260026,0.4000531656351761,0,0
LRM,1.68,0,true,false,113,false,7200,7908.3005863775115,0.4000531657598559,0,0
LRM,1.68,0,true,false,114,false,7200,7908.302009131218,0.4000531658242898,0,0
LRM,1.68,0,true,false,115,false,7200,7908.297890841021,0.40005316563745996,0,0
LRM,1.68,0,true,false,116,false,7200,7908.298904390366,0.4000531656837538,0,0
LRM,1.68,0,true,false,117,false,7200,7908.300642479898,0.40005316576260325,0,0
LRM,1.68,0,true,false,118,false,7200,7908.30312927895,0.400053165874616,0,0
LRM,1.68,0,true,false,119,false,7200,7908.3020687199205,0.40005316582721034,0,0
LRM,1.68,0,true,false,120,false,7200,7908.301874143228,0.4000531658184349,0,0
LRM,1.68,0,true,false,121,false,7200,7908.29913812296,0.40005316569430405,0,0
LRM,1.68,0,true,false,122,false,7200,7908.303484332712,0.40005316589070106,0,0
LRM,1.68,0,true,false,123,false,7200,7908.298536747272,0.40005316566678356,0,0
LRM,1.68,0,true,false,124,false,7200,7908.297773197941,0.40005316563236726,0,0
LRM,1.68,0,true,false,125,false,7200,7908.295523383174,0.4000531655290938,0,0
LRM,1.68,0,true,false,126,false,7200,7908.303821005926,0.40005316590592854,0,0
LRM,1.68,0,true,false,127,false,7200,7908.296038078932,0.4000531655529266,0,0
LRM,1.68,0,true,false,128,false,7200,7908.30078114853,0.4000531657689696,0,0
LRM,1.68,0,true,false,129,false,7200,7908.298285573268,0.40005316565533383,0,0
LRM,1.68,0,true,false,130,false,7200,7908.301913980012,0.40005316582003225,0,0
LRM,1.68,0,true,false,131,false,7200,7908.295438352047,0.40005316552549847,0,0
LRM,1.68,0,true,false,132,false,7200,7908.295912360944,0.400053165547233,0,0
LRM,1.68,0,true,false,133,false,7200,7908.297181088845,0.4000531656053179,0,0
LRM,1.68,0,true,false,134,false,7200,7908.295884313816,0.4000531655459466,0,0
LRM,1.68,0,true,false,135,false,7200,7908.303561667916,0.4000531658940463,0,0
LRM,1.68,0,true,false,136,false,7200,7908.301851120091,0.40005316581715733,0,0
LRM,1.68,0,true,false,137,false,7200,7908.300425639683,0.40005316575286265,0,0
LRM,1.68,0,true,false,138,false,7200,7908.296263767796,0.4000531655632043,0,0
LRM,1.68,0,true,false,139,false,7200,7908.2976345038,0.4000531656260229,0,0
LRM,1.68,0,true,false,140,false,7200,7908.300154594535,0.40005316574028055,0,0
LRM,1.68,0,true,false,141,false,7200,7908.299475536626,0.4000531657095026,0,0
LRM,1.68,0,true,false,142,false,7200,7908.2981601524125,0.4000531656498957,0,0
LRM,1.68,0,true,false,143,false,7200,7908.2998899141985,0.4000531657285481,0,0
LRM,1.68,0,true,false,144,false,7200,7908.299181809991,0.40005316569614685,0,0
LRM,1.68,0,true,false,145,false,7200,7908.298716645434,0.40005316567520394,0,0
LRM,1.68,0,true,false,146,false,7200,7908.297157315616,0.40005316560388343,0,0
LRM,1.68,0,true,false,147,false,7200,7908.301286183354,0.400053165791494,0,0
LRM,1.68,0,true,false,148,false,7200,7908.302061999498,0.40005316582691547,0,0
LRM,1.68,0,true,false,149,false,7200,7908.297502416717,0.4000531656197896,0,0
LRM,1.68,0,true,false,150,false,7200,7908.295832762431,0.40005316554320985,0,0
LRM,1.68,0,true,false,151,false,7200,7908.303637581776,0.400053165897593,0,0
LRM,1.68,0,true,false,152,false,7200,7908.297217951851,0.40005316560691695,0,0
LRM,1.68,0,true,false,153,false,7200,7908.302463116593,0.40005316584474915,0,0
LRM,1.68,0,true,false,154,false,7200,7908.297446451168,0.40005316561716603,0,0
LRM,1.68,0,true,false,155,false,7200,7908.303245372342,0.40005316587997936,0,0
LRM,1.68,0,true,false,156,false,7200,7908.2994334981995,0.40005316570773714,0,0
LRM,1.68,0,true,false,157,false,7200,7908.300920824774,0.4000531657751222,0,0
LRM,1.68,0,true,false,158,false,7200,7908.301029667542,0.4000531657799821,0,0
LRM,1.68,0,true,false,159,false,7200,7908.297462746026,0.4000531656181201,0,0
LRM,1.68,0,true,false,160,false,7200,7908.302499545166,0.4000531658465668,0,0
LRM,1.68,0,true,false,161,false,7200,7908.298460479567,0.40005316566360044,0,0
LRM,1.68,0,true,false,162,false,7200,7908.3016697682615,0.400053165809011,0,0
LRM,1.68,0,true,false,163,false,7200,7908.295535768239,0.40005316552982195,0,0
LRM,1.68,0,true,false,164,false,7200,7908.295408304486,0.40005316552410985,0,0
LRM,1.68,0,true,false,165,false,7200,7908.300974871909,0.40005316577752104,0,0
LRM,1.68,0,true,false,166,false,7200,7908.295709778668,0.4000531655375841,0,0
LRM,1.68,0,true,false,167,false,7200,7908.298613899946,0.40005316567065613,0,0
LRM,1.68,0,true,false,168,false,7200,7908.303821931206,0.40005316590601575,0,0
LRM,1.68,0,true,false,169,false,7200,7908.297178774132,0.40005316560489435,0,0
LRM,1.68,0,true,false,170,false,7200,7908.301077375503,0.4000531657822661,0,0
LRM,1.68,0,true,false,171,false,7200,7908.303210527947,0.40005316587852124,0,0
LRM,1.68,0,true,false,172,false,7200,7908.298803839834,0.4000531656790134,0,0
LRM,1.68,0,true,false,173,false,7200,7908.303002011274,0.40005316586888556,0,0
LRM,1.68,0,true,false,174,false,7200,7908.296062980314,0.4000531655539515,0,0
LRM,1.68,0,true,false,175,false,7200,7908.300375470837,0.4000531657505083,0,0
LRM,1.68,0,true,false,176,false,7200,7908.29948184276,0.40005316570990923,0,0
LRM,1.68,0,true,false,177,false,7200,7908.3033652628565,0.4000531658855485,0,0
LRM,1.68,0,true,false,178,false,7200,7908.302170032741,0.4000531658317065,0,0
LRM,1.68,0,true,false,179,false,7200,7908.302280821411,0.40005316583677203,0,0
LRM,1.68,0,true,false,180,false,7200,7908.303522350589,0.40005316589249246,0,0
LRM,1.68,0,true,false,181,false,7200,7908.299873280311,0.4000531657278166,0,0
LRM,1.68,0,true,false,182,false,7200,7908.301998722824,0.40005316582369643,0,0
LRM,1.68,0,true,false,183,false,7200,7908.301809022628,0.40005316581529593,0,0
LRM,1.68,0,true,false,184,false,7200,7908.299940344699,0.4000531657308107,0,0
LRM,1.68,0,true,false,185,false,7200,7908.296756589479,0.40005316558565557,0,0
LRM,1.68,0,true,false,186,false,7200,7908.303254099562,0.40005316588053863,0,0
LRM,1.68,0,true,false,187,false,7200,7908.296727719929,0.4000531655843533,0,0
LRM,1.68,0,true,false,188,false,7200,7908.298739656311,0.40005316567603044,0,0
LRM,1.68,0,true,false,189,false,7200,7908.297388469476,0.4000531656144987,0,0
LRM,1.68,0,true,false,190,false,7200,7908.29639775893,0.4000531655692572,0,0
LRM,1.68,0,true,false,191,false,7200,7908.30381136668,0.400053165905482,0,0
LRM,1.68,0,true,false,192,false,7200,7908.295458361062,0.4000531655261806,0,0
LRM,1.68,0,true,false,193,false,7200,7908.302688064325,0.4000531658550605,0,0
LRM,1.68,0,true,false,194,false,7200,7908.297289037699,0.40005316560989695,0,0
LRM,1.68,0,true,false,195,false,7200,7908.303399707298,0.4000531658869528,0,0
LRM,1.68,0,true,false,196,false,7200,7908.299475307609,0.40005316570971505,0,0
LRM,1.68,0,true,false,197,false,7200,7908.29577984146,0.4000531655410099,0,0
LRM,1.68,0,true,false,198,false,7200,7908.303681918398,0.4000531658994606,0,0
LRM,1.68,0,true,false,199,false,7200,7908.296666527349,0.4000531655816783,0,0
LRM,1.68,0,true,false,200,false,7200,7908.302344638137,0.4000531658396152,0,0
LRM,1.68,0,true,false,201,false,7200,7908.302578691856,0.4000531658498617,0,0
LRM,1.68,0,true,false,202,false,7200,7908.298484100821,0.40005316566476024,0,0
LRM,1.68,0,true,false,203,false,7200,7908.295960636716,0.4000531655490945,0,0
LRM,1.68,0,true,false,204,false,7200,7908.296592749302,0.4000531655783703,0,0
LRM,1.68,0,true,false,205,false,7200,7908.303992543976,0.4000531659134181,0,0
LRM,1.68,0,true,false,206,false,7200,7908.299379657246,0.4000531657054053,0,0
LRM,1.68,0,true,false,207,false,7200,7908.299301830994,0.40005316570179367,0,0
LRM,1.68,0,true,false,208,false,7200,7908.301706514823,0.4000531658107117,0,0
LRM,1.68,0,true,false,209,false,7200,7908.299424454179,0.4000531657072828,0,0
LRM,1.68,0,true,false,210,false,7200,7908.295998307577,0.40005316555093107,0,0
LRM,1.68,0,true,false,211,false,7200,7908.297096870505,0.40005316560144594,0,0
LRM,1.68,0,true,false,212,false,7200,7908.295390615362,0.40005316552326126,0,0
LRM,1.68,0,true,false,213,false,7200,7908.302313050153,0.40005316583787276,0,0
LRM,1.68,0,true,false,214,false,7200,7908.302444101751,0.40005316584389045,0,0
LRM,1.68,0,true,false,215,false,7200,7908.297031105953,0.40005316559845416,0,0
LRM,1.68,0,true,false,216,false,7200,7908.297006826365,0.400053165597087,0,0
LRM,1.68,0,true,false,217,false,7200,7908.30348304619,0.4000531658905906,0,0
LRM,1.68,0,true,false,218,false,7200,7908.2997538200925,0.40005316572246447,0,0
LRM,1.68,0,true,false,219,false,7200,7908.304032856586,0.4000531659151886,0,0
LRM,1.68,0,true,false,220,false,7200,7908.295624286208,0.40005316553401093,0,0
LRM,1.68,0,true,false,221,false,7200,7908.29571540566,0.4000531655381425,0,0
LRM,1.68,0,true,false,222,false,7200,7908.303866304405,0.4000531659077213,0,0
LRM,1.68,0,true,false,223,false,7200,7908.300953928939,0.400053165776759,0,0
LRM,1.68,0,true,false,224,false,7200,7908.302402565172,0.4000531658419461,0,0
LRM,1.68,0,true,false,225,false,7200,7908.30325844444,0.4000531658807219,0,0
LRM,1.68,0,true,false,226,false,7200,7908.301637981435,0.40005316580770156,0,0
LRM,1.68,0,true,false,227,false,7200,7908.301356525099,0.4000531657949877,0,0
LRM,1.68,0,true,false,228,false,7200,7908.303214914985,0.40005316587881284,0,0
LRM,1.68,0,true,false,229,false,7200,7908.304109542184,0.4000531659188836,0,0
LRM,1.68,0,true,false,230,false,7200,7908.3031223451035,0.40005316587456624,0,0
LRM,1.68,0,true,false,231,false,7200,7908.300419677605,0.4000531657523258,0,0
LRM,1.68,0,true,false,232,false,7200,7908.301841015884,0.40005316581655925,0,0
LRM,1.68,0,true,false,233,false,7200,7908.29595023935,0.400053165548645,0,0
LRM,1.68,0,true,false,234,false,7200,7908.296325211917,0.400053165565938,0,0
LRM,1.68,0,true,false,235,false,7200,7908.300800486003,0.40005316576961525,0,0
LRM,1.68,0,true,false,236,false,7200,7908.302495699978,0.4000531658462614,0,0
LRM,1.68,0,true,false,237,false,7200,7908.3040386971115,0.40005316591546053,0,0
LRM,1.68,0,true,false,238,false,7200,7908.300654855778,0.4000531657631731,0,0
LRM,1.68,0,true,false,239,false,7200,7908.298575186431,0.4000531656685635,0,0
LRM,1.68,0,true,false,240,false,7200,7908.300025687144,0.4000531657345516,0,0
LRM,1.68,0,true,false,241,false,7200,7908.297639687013,0.40005316562607784,0,0
LRM,1.68,0,true,false,242,false,7200,7908.304081113337,0.4000531659177137,0,0
LRM,1.68,0,true,false,243,false,7200,7908.296060085171,0.40005316555366877,0,0
LRM,1.68,0,true,false,244,false,7200,7908.303561144176,0.40005316589409234,0,0
LRM,1.68,0,true,false,245,false,7200,7908.300943242738,0.4000531657763804,0,0
LRM,1.68,0,true,false,246,false,7200,7908.297449068128,0.4000531656173879,0,0
LRM,1.68,0,true,false,247,false,7200,7908.301703335037,0.40005316581047445,0,0
LRM,1.68,0,true,false,248,false,7200,7908.295950325757,0.400053165548969,0,0
LRM,1.68,0,true,false,249,false,7200,7908.295656798395,0.4000531655354765,0,0
LRM,1.68,0,true,false,250,false,7200,7908.2977402606575,0.40005316563085563,0,0
LRM,1.68,0,true,false,251,false,7200,7908.296592677533,0.40005316557810894,0,0
LRM,1.68,0,true,false,252,false,7200,7908.295692994349,0.4000531655372025,0,0
LRM,1.68,0,true,false,253,false,7200,7908.29571337643,0.40005316553806686,0,0
LRM,1.68,0,true,false,254,false,7200,7908.295544156877,0.40005316553031944,0,0
LRM,1.68,0,true,false,255,false,7200,7908.297218472411,0.4000531656068671,0,0
LRM,1.4,5000,false,false,0,false,5744.666062298612,8447.841338172553,0.4001898185255015,0.09963958226962748,0
LRM,1.4,5000,false,false,1,true,5744.666062298612,8447.841338172553,0.4001898185255015,0.09963958226962748,0
LRM,1.4,5000,false,false,2,true,5744.666062298612,8447.841338172553,0.4001898185255015,0.09963958226962748,0
LRM,1.4,5000,false,false,3,true,5744.666062298612,8447.841338172553,0.4001898185255015,0.09963958226962748,0
LRM,1.4,5000,false,false,4,true,5744.666062298612,8447.841338172553,0.4001898185255015,0.09963958226962748,0
LRM,1.4,5000,false,false,5,true,5744.666062298612,8447.841338172553,0.4001898185255015,0.09963958226962748,0
LRM,1.4,5000,false,false,6,true,5744.666062298612,8447.841338172553,0.4001898185255015,0.09963958226962748,0
LRM,1.4,5000,false,false,7,true,5744.666062298612,8447.841338172553,0.4001898185255015,0.09963958226962748,0
LRM,1.4,5000,false,false,8,true,5744.666062298612,8447.841338172553,0.4001898185255015,0.09963958226962748,0
LRM,1.4,5000,false,false,9,true,5744.666062298612,8447.841338172553,0.4001898185255015,0.09963958226962748,0
LRM,1.4,5000,false,false,10,true,5744.666062298612,8447.841338172553,0.4001898185255015,0.09963958226962748,0
LRM,1.4,5000,false,false,11,true,5744.666062298612,8447.841338172553,0.4001898185255015,0.09963958226962748,0
LRM,1.4,5000,false,false,12,true,5744.666062298612,8447.841338172553,0.4001898185255015,0.09963958226962748,0
LRM,1.4,5000,false,false,13,true,5744.666062298612,8447.841338172553,0.4001898185255015,0.09963958226962748,0
LRM,1.4,5000,false,false,14,true,5744.666062298612,8447.841338172553,0.4001898185255015,0.09963958226962748,0
LRM,1.4,5000,false,false,15,true,5744.666062298612,8447.841338172553,0.4001898185255015,0.09963958226962748,0
LRM,1.4,5000,false,false,16,true,5744.666062298612,8447.841338172553,0.4001898185255015,0.09963958226962748,0
LRM,1.4,5000,false,false,17,true,5744.666062298612,8447.841338172553,0.4001898185255015,0.09963958226962748,0
LRM,1.4,5000,false,false,18,true,5744.666062298612,8447.841338172553,0.4001898185255015,0.09963958226962748,0
LRM,1.4,5000,false,false,19,true,5744.666062298612,8447.841338172553,0.4001898185255015,0.09963958226962748,0
LRM,1.4,5000,false,false,20,true,5744.666062298612,8447.841338172553,0.4001898185255015,0.09963958226962748,0
LRM,1.4,5000,false,false,21,true,5744.666062298612,8447.841338172553,0.4001898185255015,0.09963958226962748,0
LRM,1.4,5000,false,false,22,false,5744.666062298612,8447.841338172553,0.4001898185255015,0.09963958226962748,0
LRM,1.4,5000,false,false,23,true,5744.666062298612,8447.841338172553,0.4001898185255015,0.09963958226962748,0
LRM,1.4,5000,false,false,24,true,5744.666062298612,8447.841338172553,0.4001898185255015,0.09963958226962748,0
LRM,1.4,5000,false,false,25,false,5744.666062298612,8447.841338172553,0.4001898185255015,0.09963958226962748,0
LRM,1.4,5000,false,false,26,true,5744.666062298612,8447.841338172553,0.4001898185255015,0.09963958226962748,0
LRM,1.4,5000,false,false,27,false,5744.666062298612,8447.841338172553,0.4001898185255015,0.09963958226962748,0
LRM,1.4,5000,false,false,28,false,5744.666062298612,8447.841338172553,0.4001898185255015,0.09963958226962748,0
LRM,1.4,5000,false,false,29,false,5744.666062298612,8447.841338172553,0.4001898185255015,0.09963958226962748,0
LRM,1.4,5000,false,false,30,false,5744.666062298612,8447.841338172553,0.4001898185255015,0.09963958226962748,0
LRM,1.4,5000,false,false,31,true,5744.666062298612,8447.841338172553,0.4001898185255015,0.09963958226962748,0
LRM,1.4,5000,false,false,32,false,5744.666062298612,8447.841338172553,0.4001898185255015,0.09963958226962748,0
LRM,1.4,5000,false,false,33,true,5744.666062298612,8447.841338172553,0.4001898185255015,0.09963958226962748,0
LRM,1.4,5000,false,false,34,true,5744.666062298612,8447.841338172553,0.4001898185255015,0.09963958226962748,0
LRM,1.4,5000,false,false,35,false,5744.666062298612,8447.841338172553,0.4001898185255015,0.09963958226962748,0
LRM,1.4,5000,false,false,36,true,5744.666062298612,8447.841338172553,0.4001898185255015,0.09963958226962748,0
LRM,1.4,5000,false,false,37,true,5744.666062298612,8447.841338172553,0.4001898185255015,0.09963958226962748,0
LRM,1.4,5000,false,false,38,true,5744.666062298612,8447.841338172553,0.4001898185255015,0.09963958226962748,0
LRM,1.4,5000,false,false,39,false,5744.666062298612,8447.841338172553,0.4001898185255015,0.09963958226962748,0
LRM,1.4,5000,false,false,40,true,5744.666062298612,8447.841338172553,0.4001898185255015,0.09963958226962748,0
LRM,1.4,5000,false,false,41,true,5744.666062298612,8447.841338172553,0.4001898185255015,0.09963958226962748,0
LRM,1.4,5000,false,false,42,true,5744.666062298612,8447.841338172553,0.4001898185255015,0.09963958226962748,0
LRM,1.4,5000,false,false,43,false,5744.666062298612,8447.841338172553,0.4001898185255015,0.09963958226962748,0
LRM,1.4,5000,false,false,44,true,5744.666062298612,8447.841338172553,0.4001898185255015,0.09963958226962748,0
LRM,1.4,5000,false,false,45,true,5744.666062298612,8447.841338172553,0.4001898185255015,0.09963958226962748,0
LRM,1.4,5000,false,false,46,true,5744.666062298612,8447.841338172553,0.4001898185255015,0.09963958226962748,0
LRM,1.4,5000,false,false,47,false,5744.666062298612,8447.841338172553,0.4001898185255015,0.09963958226962748,0
LRM,1.4,5000,false,false,48,false,5744.666062298612,8447.841338172553,0.4001898185255015,0.09963958226962748,0
LRM,1.4,5000,false,false,49,true,5744.666062298612,8447.841338172553,0.4001898185255015,0.09963958226962748,0
LRM,1.4,5000,false,false,50,true,5744.666062298612,8447.841338172553,0.4001898185255015,0.09963958226962748,0
LRM,1.4,5000,false,false,51,true,5744.666062298612,8447.841338172553,0.4001898185255015,0.09963958226962748,0
LRM,1.4,5000,false,false,52,false,5744.666062298612,8447.841338172553,0.4001898185255015,0.09963958226962748,0
LRM,1.4,5000,false,false,53,true,5744.666062298612,8447.841338172553,0.4001898185255015,0.09963958226962748,0
LRM,1.4,5000,false,false,54,true,5744.666062298612,8447.841338172553,0.4001898185255015,0.09963958226962748,0
LRM,1.4,5000,false,false,55,false,5744.666062298612,8447.841338172553,0.4001898185255015,0.09963958226962748,0
LRM,1.4,5000,false,false,56,true,5744.666062298612,8447.841338172553,0.4001898185255015,0.09963958226962748,0
LRM,1.4,5000,false,false,57,true,5744.666062298612,8447.841338172553,0.4001898185255015,0.09963958226962748,0
LRM,1.4,5000,false,false,58,true,5744.666062298612,8447.841338172553,0.4001898185255015,0.09963958226962748,0
LRM,1.4,5000,false,false,59,true,5744.666062298612,8447.841338172553,0.4001898185255015,0.09963958226962748,0
LRM,1.4,5000,false,false,60,false,5744.666062298612,8447.841338172553,0.4001898185255015,0.09963958226962748,0
LRM,1.4,5000,false,false,61,false,5744.666062298612,8447.841338172553,0.4001898185255015,0.09963958226962748,0
LRM,1.4,5000,false,false,62,true,5744.666062298612,8447.841338172553,0.4001898185255015,0.09963958226962748,0
LRM,1.4,5000,false,false,63,true,5744.666062298612,8447.841338172553,0.4001898185255015,0.09963958226962748,0
LRM,1.4,5000,false,false,64,true,5744.666062298612,8447.841338172553,0.4001898185255015,0.09963958226962748,0
LRM,1.4,5000,false,false,65,false,5744.666062298612,8447.841338172553,0.4001898185255015,0.09963958226962748,0
LRM,1.4,5000,false,false,66,false,5744.666062298612,8447.841338172553,0.4001898185255015,0.09963958226962748,0
LRM,1.4,5000,false,false,67,true,5744.666062298612,8447.841338172553,0.4001898185255015,0.09963958226962748,0
LRM,1.4,5000,false,false,68,false,5744.666062298612,8447.841338172553,0.4001898185255015,0.09963958226962748,0
LRM,1.4,5000,false,false,69,true,5744.666062298612,8447.841338172553,0.4001898185255015,0.09963958226962748,0
LRM,1.4,5000,false,false,70,true,5744.666062298612,8447.841338172553,0.4001898185255015,0.09963958226962748,0
LRM,1.4,5000,false,false,71,true,5744.666062298612,8447.841338172553,0.4001898185255015,0.09963958226962748,0
LRM,1.4,5000,false,false,72,true,5744.666062298612,8447.841338172553,0.4001898185255015,0.09963958226962748,0
LRM,1.4,5000,false,false,73,true,5744.666062298612,8447.841338172553,0.4001898185255015,0.09963958226962748,0
LRM,1.4,5000,false,false,74,true,5744.666062298612,8447.841338172553,0.4001898185255015,0.09963958226962748,0
LRM,1.4,5000,false,false,75,true,5744.666062298612,8447.841338172553,0.4001898185255015,0.09963958226962748,0
LRM,1.4,5000,false,false,76,true,5744.666062298612,8447.841338172553,0.4001898185255015,0.09963958226962748,0
LRM,1.4,5000,false,false,77,true,5744.666062298612,8447.841338172553,0.4001898185255015,0.09963958226962748,0
LRM,1.4,5000,false,false,78,true,5744.666062298612,8447.841338172553,0.4001898185255015,0.09963958226962748,0
LRM,1.4,5000,false,false,79,false,5744.666062298612,8447.841338172553,0.4001898185255015,0.09963958226962748,0
LRM,1.4,5000,false,false,80,true,5744.666062298612,8447.841338172553,0.4001898185255015,0.09963958226962748,0
LRM,1.4,5000,false,false,81,true,5744.666062298612,8447.841338172553,0.4001898185255015,0.09963958226962748,0
LRM,1.4,5000,false,false,82,true,5744.666062298612,8447.841338172553,0.4001898185255015,0.09963958226962748,0
LRM,1.4,5000,false,false,83,true,5744.666062298612,8447.841338172553,0.4001898185255015,0.09963958226962748,0
LRM,1.4,5000,false,false,84,false,5744.666062298612,8447.841338172553,0.4001898185255015,0.09963958226962748,0
LRM,1.4,5000,false,false,85,true,5744.666062298612,8447.841338172553,0.4001898185255015,0.09963958226962748,0
LRM,1.4,5000,false,false,86,true,5744.666062298612,8447.841338172553,0.4001898185255015,0.09963958226962748,0
LRM,1.4,5000,false,false,87,true,5744.666062298612,8447.841338172553,0.4001898185255015,0.09963958226962748,0
LRM,1.4,5000,false,false,88,true,5744.666062298612,8447.841338172553,0.4001898185255015,0.09963958226962748,0
LRM,1.4,5000,false,false,89,true,5744.666062298612,8447.841338172553,0.4001898185255015,0.09963958226962748,0
LRM,1.4,5000,false,false,90,true,5744.666062298612,8447.841338172553,0.4001898185255015,0.09963958226962748,0
LRM,1.4,5000,false,false,91,true,5744.666062298612,8447.841338172553,0.4001898185255015,0.09963958226962748,0
LRM,1.4,5000,false,false,92,true,5744.666062298612,8447.841338172553,0.4001898185255015,0.09963958226962748,0
LRM,1.4,5000,false,false,93,true,5744.666062298612,8447.841338172553,0.4001898185255015,0.09963958226962748,0
LRM,1.4,5000,false,false,94,true,5744.666062298612,8447.841338172553,0.4001898185255015,0.09963958226962748,0
LRM,1.4,5000,false,false,95,true,5744.666062298612,8447.841338172553,0.4001898185255015,0.09963958226962748,0
LRM,1.4,5000,false,false,96,true,5744.666062298612,8447.841338172553,0.4001898185255015,0.09963958226962748,0
LRM,1.4,5000,false,false,97,false,5744.666062298612,8447.841338172553,0.4001898185255015,0.09963958226962748,0
LRM,1.4,5000,false,false,98,false,5744.666062298612,8447.841338172553,0.4001898185255015,0.09963958226962748,0
LRM,1.4,5000,false,false,99,false,5744.666062298612,8447.841338172553,0.4001898185255015,0.09963958226962748,0
LRM,1.4,5000,false,false,100,true,5744.666062298612,8447.841338172553,0.4001898185255015,0.09963958226962748,0
LRM,1.4,5000,false,false,101,true,5744.666062298612,8447.841338172553,0.4001898185255015,0.09963958226962748,0
LRM,1.4,5000,false,false,102,true,5744.666062298612,8447.841338172553,0.4001898185255015,0.09963958226962748,0
LRM,1.4,5000,false,false,103,true,5744.666062298612,8447.841338172553,0.4001898185255015,0.09963958226962748,0
LRM,1.4,5000,false,false,104,false,5744.666062298612,8447.841338172553,0.4001898185255015,0.09963958226962748,0
LRM,1.4,5000,false,false,105,false,5744.666062298612,8447.841338172553,0.4001898185255015,0.09963958226962748,0
LRM,1.4,5000,false,false,106,true,5744.666062298612,8447.841338172553,0.4001898185255015,0.09963958226962748,0
LRM,1.4,5000,false,false,107,true,5744.666062298612,8447.841338172553,0.4001898185255015,0.09963958226962748,0
LRM,1.4,5000,false,false,108,false,5744.666062298612,8447.841338172553,0.4001898185255015,0.09963958226962748,0
LRM,1.4,5000,false,false,109,true,5744.666062298612,8447.841338172553,0.4001898185255015,0.09963958226962748,0
LRM,1.4,5000,false,false,110,false,5744.666062298612,8447.841338172553,0.4001898185255015,0.09963958226962748,0
LRM,1.4,5000,false,false,111,true,5744.666062298612,8447.841338172553,0.4001898185255015,0.09963958226962748,0
LRM,1.4,5000,false,false,112,true,5744.666062298612,8447.841338172553,0.4001898185255015,0.09963958226962748,0
LRM,1.4,5000,false,false,113,false,5744.666062298612,8447.841338172553,0.4001898185255015,0.09963958226962748,0
LRM,1.4,5000,false,false,114,false,5744.666062298612,8447.841338172553,0.4001898185255015,0.09963958226962748,0
LRM,1.4,5000,false,false,115,true,5744.666062298612,8447.841338172553,0.4001898185255015,0.09963958226962748,0
LRM,1.4,5000,false,false,116,false,5744.666062298612,8447.841338172553,0.4001898185255015,0.09963958226962748,0
LRM,1.4,5000,false,false,117,false,5744.666062298612,8447.841338172553,0.4001898185255015,0.09963958226962748,0
LRM,1.4,5000,false,false,118,false,5744.666062298612,8447.841338172553,0.4001898185255015,0.09963958226962748,0
LRM,1.4,5000,false,false,119,true,5744.666062298612,8447.841338172553,0.4001898185255015,0.09963958226962748,0
LRM,1.4,5000,false,false,120,false,5744.666062298612,8447.841338172553,0.4001898185255015,0.09963958226962748,0
LRM,1.4,5000,false,false,121,true,5744.666062298612,8447.841338172553,0.4001898185255015,0.09963958226962748,0
LRM,1.4,5000,false,false,122,true,5744.666062298612,8447.841338172553,0.4001898185255015,0.09963958226962748,0
LRM,1.4,5000,false,false,123,true,5744.666062298612,8447.841338172553,0.4001898185255015,0.09963958226962748,0
LRM,1.4,5000,false,false,124,true,5744.666062298612,8447.841338172553,0.4001898185255015,0.09963958226962748,0
LRM,1.4,5000,false,false,125,true,5744.666062298612,8447.841338172553,0.4001898185255015,0.09963958226962748,0
LRM,1.4,5000,false,false,126,true,5744.666062298612,8447.841338172553,0.4001898185255015,0.09963958226962748,0
LRM,1.4,5000,false,false,127,true,5744.666062298612,8447.841338172553,0.4001898185255015,0.09963958226962748,0
LRM,1.4,5000,false,false,128,true,5744.666062298612,8447.841338172553,0.4001898185255015,0.09963958226962748,0
LRM,1.4,5000,false,false,129,false,5744.666062298612,8447.841338172553,0.4001898185255015,0.09963958226962748,0
LRM,1.4,5000,false,false,130,true,5744.666062298612,8447.841338172553,0.4001898185255015,0.09963958226962748,0
LRM,1.4,5000,false,false,131,true,5744.666062298612,8447.841338172553,0.4001898185255015,0.09963958226962748,0
LRM,1.4,5000,false,false,132,true,5744.666062298612,8447.841338172553,0.4001898185255015,0.09963958226962748,0
LRM,1.4,5000,false,false,133,true,5744.666062298612,8447.841338172553,0.4001898185255015,0.09963958226962748,0
LRM,1.4,5000,false,false,134,true,5744.666062298612,8447.841338172553,0.4001898185255015,0.09963958226962748,0
LRM,1.4,5000,false,false,135,true,5744.666062298612,8447.841338172553,0.4001898185255015,0.09963958226962748,0
LRM,1.4,5000,false,false,136,true,5744.666062298612,8447.841338172553,0.4001898185255015,0.09963958226962748,0
LRM,1.4,5000,false,false,137,true,5744.666062298612,8447.841338172553,0.4001898185255015,0.09963958226962748,0
LRM,1.4,5000,false,false,138,true,5744.666062298612,8447.841338172553,0.4001898185255015,0.09963958226962748,0
LRM,1.4,5000,false,false,139,true,5744.666062298612,8447.841338172553,0.4001898185255015,0.09963958226962748,0
LRM,1.4,5000,false,false,140,false,5744.666062298612,8447.841338172553,0.4001898185255015,0.09963958226962748,0
LRM,1.4,5000,false,false,141,true,5744.666062298612,8447.841338172553,0.4001898185255015,0.09963958226962748,0
LRM,1.4,5000,false,false,142,true,5744.666062298612,8447.841338172553,0.4001898185255015,0.09963958226962748,0
LRM,1.4,5000,false,false,143,true,5744.666062298612,8447.841338172553,0.4001898185255015,0.09963958226962748,0
LRM,1.4,5000,false,false,144,true,5744.666062298612,8447.841338172553,0.4001898185255015,0.09963958226962748,0
LRM,1.4,5000,false,false,145,true,5744.666062298612,8447.841338172553,0.4001898185255015,0.09963958226962748,0
LRM,1.4,5000,false,false,146,true,5744.666062298612,8447.841338172553,0.4001898185255015,0.09963958226962748,0
LRM,1.4,5000,false,false,147,false,5744.666062298612,8447.841338172553,0.4001898185255015,0.09963958226962748,0
LRM,1.4,5000,false,false,148,true,5744.666062298612,8447.841338172553,0.4001898185255015,0.09963958226962748,0
LRM,1.4,5000,false,false,149,true,5744.666062298612,8447.841338172553,0.4001898185255015,0.09963958226962748,0
LRM,1.4,5000,false,false,150,true,5744.666062298612,8447.841338172553,0.4001898185255015,0.09963958226962748,0
LRM,1.4,5000,false,false,151,true,5744.666062298612,8447.841338172553,0.4001898185255015,0.09963958226962748,0
LRM,1.4,5000,false,false,152,true,5744.666062298612,8447.841338172553,0.4001898185255015,0.09963958226962748,0
LRM,1.4,5000,false,false,153,false,5744.666062298612,8447.841338172553,0.4001898185255015,0.09963958226962748,0
LRM,1.4,5000,false,false,154,true,5744.666062298612,8447.841338172553,0.4001898185255015,0.09963958226962748,0
LRM,1.4,5000,false,false,155,true,5744.666062298612,8447.841338172553,0.4001898185255015,0.09963958226962748,0
LRM,1.4,5000,false,false,156,false,5744.666062298612,8447.841338172553,0.4001898185255015,0.09963958226962748,0
LRM,1.4,5000,false,false,157,true,5744.666062298612,8447.841338172553,0.4001898185255015,0.09963958226962748,0
LRM,1.4,5000,false,false,158,true,5744.666062298612,8447.841338172553,0.4001898185255015,0.09963958226962748,0
LRM,1.4,5000,false,false,159,true,5744.666062298612,8447.841338172553,0.4001898185255015,0.09963958226962748,0
LRM,1.4,5000,false,false,160,true,5744.666062298612,8447.841338172553,0.4001898185255015,0.09963958226962748,0
LRM,1.4,5000,false,false,161,true,5744.666062298612,8447.841338172553,0.4001898185255015,0.09963958226962748,0
LRM,1.4,5000,false,false,162,true,5744.666062298612,8447.841338172553,0.4001898185255015,0.09963958226962748,0
LRM,1.4,5000,false,false,163,true,5744.666062298612,8447.841338172553,0.4001898185255015,0.09963958226962748,0
LRM,1.4,5000,false,false,164,true,5744.666062298612,8447.841338172553,0.4001898185255015,0.09963958226962748,0
LRM,1.4,5000,false,false,165,true,5744.666062298612,8447.841338172553,0.4001898185255015,0.09963958226962748,0
LRM,1.4,5000,false,false,166,false,5744.666062298612,8447.841338172553,0.4001898185255015,0.09963958226962748,0
LRM,1.4,5000,false,false,167,true,5744.666062298612,8447.841338172553,0.4001898185255015,0.09963958226962748,0
LRM,1.4,5000,false,false,168,true,5744.666062298612,8447.841338172553,0.4001898185255015,0.09963958226962748,0
LRM,1.4,5000,false,false,169,true,5744.666062298612,8447.841338172553,0.4001898185255015,0.09963958226962748,0
LRM,1.4,5000,false,false,170,false,5744.666062298612,8447.841338172553,0.4001898185255015,0.09963958226962748,0
LRM,1.4,5000,false,false,171,true,5744.666062298612,8447.841338172553,0.4001898185255015,0.09963958226962748,0
LRM,1.4,5000,false,false,172,true,5744.666062298612,8447.841338172553,0.4001898185255015,0.09963958226962748,0
LRM,1.4,5000,false,false,173,false,5744.666062298612,8447.841338172553,0.4001898185255015,0.09963958226962748,0
LRM,1.4,5000,false,false,174,false,5744.666062298612,8447.841338172553,0.4001898185255015,0.09963958226962748,0
LRM,1.4,5000,false,false,175,true,5744.666062298612,8447.841338172553,0.4001898185255015,0.09963958226962748,0
LRM,1.4,5000,false,false,176,true,5744.666062298612,8447.841338172553,0.4001898185255015,0.09963958226962748,0
LRM,1.4,5000,false,false,177,true,5744.666062298612,8447.841338172553,0.4001898185255015,0.09963958226962748,0
LRM,1.4,5000,false,false,178,true,5744.666062298612,8447.841338172553,0.4001898185255015,0.09963958226962748,0
LRM,1.4,5000,false,false,179,false,5744.666062298612,8447.841338172553,0.4001898185255015,0.09963958226962748,0
LRM,1.4,5000,false,false,180,true,5744.666062298612,8447.841338172553,0.4001898185255015,0.09963958226962748,0
LRM,1.4,5000,false,false,181,true,5744.666062298612,8447.841338172553,0.4001898185255015,0.09963958226962748,0
LRM,1.4,5000,false,false,182,true,5744.666062298612,8447.841338172553,0.4001898185255015,0.09963958226962748,0
LRM,1.4,5000,false,false,183,false,5744.666062298612,8447.841338172553,0.4001898185255015,0.09963958226962748,0
LRM,1.4,5000,false,false,184,true,5744.666062298612,8447.841338172553,0.4001898185255015,0.09963958226962748,0
LRM,1.4,5000,false,false,185,false,5744.666062298612,8447.841338172553,0.4001898185255015,0.09963958226962748,0
LRM,1.4,5000,false,false,186,true,5744.666062298612,8447.841338172553,0.4001898185255015,0.09963958226962748,0
LRM,1.4,5000,false,false,187,false,5744.666062298612,8447.841338172553,0.4001898185255015,0.09963958226962748,0
LRM,1.4,5000,false,false,188,true,5744.666062298612,8447.841338172553,0.4001898185255015,0.09963958226962748,0
LRM,1.4,5000,false,false,189,true,5744.666062298612,8447.841338172553,0.4001898185255015,0.09963958226962748,0
LRM,1.4,5000,false,false,190,true,5744.666062298612,8447.841338172553,0.4001898185255015,0.09963958226962748,0
LRM,1.4,5000,false,false,191,true,5744.666062298612,8447.841338172553,0.4001898185255015,0.09963958226962748,0
LRM,1.4,5000,false,false,192,true,5744.666062298612,8447.841338172553,0.4001898185255015,0.09963958226962748,0
LRM,1.4,5000,false,false,193,true,5744.666062298612,8447.841338172553,0.4001898185255015,0.09963958226962748,0
LRM,1.4,5000,false,false,194,false,5744.666062298612,8447.841338172553,0.4001898185255015,0.09963958226962748,0
LRM,1.4,5000,false,false,195,true,5744.666062298612,8447.841338172553,0.4001898185255015,0.09963958226962748,0
LRM,1.4,5000,false,false,196,true,5744.666062298612,8447.841338172553,0.4001898185255015,0.09963958226962748,0
LRM,1.4,5000,false,false,197,false,5744.666062298612,8447.841338172553,0.4001898185255015,0.09963958226962748,0
LRM,1.4,5000,false,false,198,true,5744.666062298612,8447.841338172553,0.4001898185255015,0.09963958226962748,0
LRM,1.4,5000,false,false,199,true,5744.666062298612,8447.841338172553,0.4001898185255015,0.09963958226962748,0
LRM,1.4,5000,false,false,200,true,5744.666062298612,8447.841338172553,0.4001898185255015,0.09963958226962748,0
LRM,1.4,5000,false,false,201,true,5744.666062298612,8447.841338172553,0.4001898185255015,0.09963958226962748,0
LRM,1.4,5000,false,false,202,false,5744.666062298612,8447.841338172553,0.4001898185255015,0.09963958226962748,0
LRM,1.4,5000,false,false,203,false,5744.666062298612,8447.841338172553,0.4001898185255015,0.09963958226962748,0
LRM,1.4,5000,false,false,204,false,5744.666062298612,8447.841338172553,0.4001898185255015,0.09963958226962748,0
LRM,1.4,5000,false,false,205,true,5744.666062298612,8447.841338172553,0.4001898185255015,0.09963958226962748,0
LRM,1.4,5000,false,false,206,true,5744.666062298612,8447.841338172553,0.4001898185255015,0.09963958226962748,0
LRM,1.4,5000,false,false,207,false,5744.666062298612,8447.841338172553,0.4001898185255015,0.09963958226962748,0
LRM,1.4,5000,false,false,208,false,5744.666062298612,8447.841338172553,0.4001898185255015,0.09963958226962748,0
LRM,1.4,5000,false,false,209,true,5744.666062298612,8447.841338172553,0.4001898185255015,0.09963958226962748,0
LRM,1.4,5000,false,false,210,true,5744.666062298612,8447.841338172553,0.4001898185255015,0.09963958226962748,0
LRM,1.4,5000,false,false,211,true,5744.666062298612,8447.841338172553,0.4001898185255015,0.09963958226962748,0
LRM,1.4,5000,false,false,212,true,5744.666062298612,8447.841338172553,0.4001898185255015,0.09963958226962748,0
LRM,1.4,5000,false,false,213,true,5744.666062298612,8447.841338172553,0.4001898185255015,0.09963958226962748,0
LRM,1.4,5000,false,false,214,true,5744.666062298612,8447.841338172553,0.4001898185255015,0.09963958226962748,0
LRM,1.4,5000,false,false,215,true,5744.666062298612,8447.841338172553,0.4001898185255015,0.09963958226962748,0
LRM,1.4,5000,false,false,216,true,5744.666062298612,8447.841338172553,0.4001898185255015,0.09963958226962748,0
LRM,1.4,5000,false,false,217,false,5744.666062298612,8447.841338172553,0.4001898185255015,0.09963958226962748,0
LRM,1.4,5000,false,false,218,true,5744.666062298612,8447.841338172553,0.4001898185255015,0.09963958226962748,0
LRM,1.4,5000,false,false,219,false,5744.666062298612,8447.841338172553,0.4001898185255015,0.09963958226962748,0
LRM,1.4,5000,false,false,220,true,5744.666062298612,8447.841338172553,0.4001898185255015,0.09963958226962748,0
LRM,1.4,5000,false,false,221,true,5744.666062298612,8447.841338172553,0.4001898185255015,0.09963958226962748,0
LRM,1.4,5000,false,false,222,true,5744.666062298612,8447.841338172553,0.4001898185255015,0.09963958226962748,0
LRM,1.4,5000,false,false,223,true,5744.666062298612,8447.841338172553,0.4001898185255015,0.09963958226962748,0
LRM,1.4,5000,false,false,224,true,5744.666062298612,8447.841338172553,0.4001898185255015,0.09963958226962748,0
LRM,1.4,5000,false,false,225,true,5744.666062298612,8447.841338172553,0.4001898185255015,0.09963958226962748,0
LRM,1.4,5000,false,false,226,true,5744.666062298612,8447.841338172553,0.4001898185255015,0.09963958226962748,0
LRM,1.4,5000,false,false,227,true,5744.666062298612,8447.841338172553,0.4001898185255015,0.09963958226962748,0
LRM,1.4,5000,false,false,228,true,5744.666062298612,8447.841338172553,0.4001898185255015,0.09963958226962748,0
LRM,1.4,5000,false,false,229,false,5744.666062298612,8447.841338172553,0.4001898185255015,0.09963958226962748,0
LRM,1.4,5000,false,false,230,true,5744.666062298612,8447.841338172553,0.4001898185255015,0.09963958226962748,0
LRM,1.4,5000,false,false,231,true,5744.666062298612,8447.841338172553,0.4001898185255015,0.09963958226962748,0
LRM,1.4,5000,false,false,232,true,5744.666062298612,8447.841338172553,0.4001898185255015,0.09963958226962748,0
LRM,1.4,5000,false,false,233,true,5744.666062298612,8447.841338172553,0.4001898185255015,0.09963958226962748,0
LRM,1.4,5000,false,false,234,true,5744.666062298612,8447.841338172553,0.4001898185255015,0.09963958226962748,0
LRM,1.4,5000,false,false,235,true,5744.666062298612,8447.841338172553,0.4001898185255015,0.09963958226962748,0
LRM,1.4,5000,false,false,236,true,5744.666062298612,8447.841338172553,0.4001898185255015,0.09963958226962748,0
LRM,1.4,5000,false,false,237,true,5744.666062298612,8447.841338172553,0.4001898185255015,0.09963958226962748,0
LRM,1.4,5000,false,false,238,true,5744.666062298612,8447.841338172553,0.4001898185255015,0.09963958226962748,0
LRM,1.4,5000,false,false,239,true,5744.666062298612,8447.841338172553,0.4001898185255015,0.09963958226962748,0
LRM,1.4,5000,false,false,240,true,5744.666062298612,8447.841338172553,0.4001898185255015,0.09963958226962748,0
LRM,1.4,5000,false,false,241,true,5744.666062298612,8447.841338172553,0.4001898185255015,0.09963958226962748,0
LRM,1.4,5000,false,false,242,true,5744.666062298612,8447.841338172553,0.4001898185255015,0.09963958226962748,0
LRM,1.4,5000,false,false,243,true,5744.666062298612,8447.841338172553,0.4001898185255015,0.09963958226962748,0
LRM,1.4,5000,false,false,244,true,5744.666062298612,8447.841338172553,0.4001898185255015,0.09963958226962748,0
LRM,1.4,5000,false,false,245,true,5744.666062298612,8447.841338172553,0.4001898185255015,0.09963958226962748,0
LRM,1.4,5000,false,false,246,true,5744.666062298612,8447.841338172553,0.4001898185255015,0.09963958226962748,0
LRM,1.4,5000,false,false,247,false,5744.666062298612,8447.841338172553,0.4001898185255015,0.09963958226962748,0
LRM,1.4,5000,false,false,248,true,5744.666062298612,8447.841338172553,0.4001898185255015,0.09963958226962748,0
LRM,1.4,5000,false,false,249,false,5744.666062298612,8447.841338172553,0.4001898185255015,0.09963958226962748,0
LRM,1.4,5000,false,false,250,true,5744.666062298612,8447.841338172553,0.4001898185255015,0.09963958226962748,0
LRM,1.4,5000,false,false,251,false,5744.666062298612,8447.841338172553,0.4001898185255015,0.09963958226962748,0
LRM,1.4,5000,false,false,252,true,5744.666062298612,8447.841338172553,0.4001898185255015,0.09963958226962748,0
LRM,1.4,5000,false,false,253,true,5744.666062298612,8447.841338172553,0.4001898185255015,0.09963958226962748,0
LRM,1.4,5000,false,false,254,true,5744.666062298612,8447.841338172553,0.4001898185255015,0.09963958226962748,0
LRM,1.4,5000,false,false,255,true,5744.666062298612,8447.841338172553,0.4001898185255015,0.09963958226962748,0
LRM,1.4,-5000,false,false,0,false,7200,8894.256875000527,0.4001898185255015,0.0994453966772109,0
LRM,1.4,-5000,false,false,1,false,7200,8894.256875000527,0.4001898185255015,0.0994453966772109,0
LRM,1.4,-5000,false,false,2,false,7200,8894.256875000527,0.4001898185255015,0.0994453966772109,0
LRM,1.4,-5000,false,false,3,false,7200,8894.256875000527,0.4001898185255015,0.0994453966772109,0
LRM,1.4,-5000,false,false,4,false,7200,8894.256875000527,0.4001898185255015,0.0994453966772109,0
LRM,1.4,-5000,false,false,5,false,7200,8894.256875000527,0.4001898185255015,0.0994453966772109,0
LRM,1.4,-5000,false,false,6,false,7200,8894.256875000527,0.4001898185255015,0.0994453966772109,0
LRM,1.4,-5000,false,false,7,false,7200,8894.256875000527,0.4001898185255015,0.0994453966772109,0
LRM,1.4,-5000,false,false,8,false,7200,8894.256875000527,0.4001898185255015,0.0994453966772109,0
LRM,1.4,-5000,false,false,9,false,7200,8894.256875000527,0.4001898185255015,0.0994453966772109,0
LRM,1.4,-5000,false,false,10,false,7200,8894.256875000527,0.4001898185255015,0.0994453966772109,0
LRM,1.4,-5000,false,false,11,false,7200,8894.256875000527,0.4001898185255015,0.0994453966772109,0
LRM,1.4,-5000,false,false,12,false,7200,8894.256875000527,0.4001898185255015,0.0994453966772109,0
LRM,1.4,-5000,false,false,13,false,7200,8894.256875000527,0.4001898185255015,0.0994453966772109,0
LRM,1.4,-5000,false,false,14,false,7200,8894.256875000527,0.4001898185255015,0.0994453966772109,0
LRM,1.4,-5000,false,false,15,false,7200,8894.256875000527,0.4001898185255015,0.0994453966772109,0
LRM,1.4,-5000,false,false,16,false,7200,8894.256875000527,0.4001898185255015,0.0994453966772109,0
LRM,1.4,-5000,false,false,17,false,7200,8894.256875000527,0.4001898185255015,0.0994453966772109,0
LRM,1.4,-5000,false,false,18,false,7200,8894.256875000527,0.4001898185255015,0.0994453966772109,0
LRM,1.4,-5000,false,false,19,false,7200,8894.256875000527,0.4001898185255015,0.0994453966772109,0
LRM,1.4,-5000,false,false,20,false,7200,8894.256875000527,0.4001898185255015,0.0994453966772109,0
LRM,1.4,-5000,false,false,21,false,7200,8894.256875000527,0.4001898185255015,0.0994453966772109,0
LRM,1.4,-5000,false,false,22,false,7200,8894.256875000527,0.4001898185255015,0.0994453966772109,0
LRM,1.4,-5000,false,false,23,false,7200,8894.256875000527,0.4001898185255015,0.0994453966772109,0
LRM,1.4,-5000,false,false,24,false,7200,8894.256875000527,0.4001898185255015,0.0994453966772109,0
LRM,1.4,-5000,false,false,25,false,7200,8894.256875000527,0.4001898185255015,0.0994453966772109,0
LRM,1.4,-5000,false,false,26,false,7200,8894.256875000527,0.4001898185255015,0.0994453966772109,0
LRM,1.4,-5000,false,false,27,false,7200,8894.256875000527,0.4001898185255015,0.0994453966772109,0
LRM,1.4,-5000,false,false,28,false,7200,8894.256875000527,0.4001898185255015,0.0994453966772109,0
LRM,1.4,-5000,false,false,29,false,7200,8894.256875000527,0.4001898185255015,0.0994453966772109,0
LRM,1.4,-5000,false,false,30,false,7200,8894.256875000527,0.4001898185255015,0.0994453966772109,0
LRM,1.4,-5000,false,false,31,false,7200,8894.256875000527,0.4001898185255015,0.0994453966772109,0
LRM,1.4,-5000,false,false,32,false,7200,8894.256875000527,0.4001898185255015,0.0994453966772109,0
LRM,1.4,-5000,false,false,33,false,7200,8894.256875000527,0.4001898185255015,0.0994453966772109,0
LRM,1.4,-5000,false,false,34,false,7200,8894.256875000527,0.4001898185255015,0.0994453966772109,0
LRM,1.4,-5000,false,false,35,false,7200,8894.256875000527,0.4001898185255015,0.0994453966772109,0
LRM,1.4,-5000,false,false,36,false,7200,8894.256875000527,0.4001898185255015,0.0994453966772109,0
LRM,1.4,-5000,false,false,37,false,7200,8894.256875000527,0.4001898185255015,0.0994453966772109,0
LRM,1.4,-5000,false,false,38,false,7200,8894.256875000527,0.4001898185255015,0.0994453966772109,0
LRM,1.4,-5000,false,false,39,false,7200,8894.256875000527,0.4001898185255015,0.0994453966772109,0
LRM,1.4,-5000,false,false,40,false,7200,8894.256875000527,0.4001898185255015,0.0994453966772109,0
LRM,1.4,-5000,false,false,41,false,7200,8894.256875000527,0.4001898185255015,0.0994453966772109,0
LRM,1.4,-5000,false,false,42,false,7200,8894.256875000527,0.4001898185255015,0.0994453966772109,0
LRM,1.4,-5000,false,false,43,false,7200,8894.256875000527,0.4001898185255015,0.0994453966772109,0
LRM,1.4,-5000,false,false,44,false,7200,8894.256875000527,0.4001898185255015,0.0994453966772109,0
LRM,1.4,-5000,false,false,45,false,7200,8894.256875000527,0.4001898185255015,0.0994453966772109,0
LRM,1.4,-5000,false,false,46,false,7200,8894.256875000527,0.4001898185255015,0.0994453966772109,0
LRM,1.4,-5000,false,false,47,false,7200,8894.256875000527,0.4001898185255015,0.0994453966772109,0
LRM,1.4,-5000,false,false,48,false,7200,8894.256875000527,0.4001898185255015,0.0994453966772109,0
LRM,1.4,-5000,false,false,49,false,7200,8894.256875000527,0.4001898185255015,0.0994453966772109,0
LRM,1.4,-5000,false,false,50,false,7200,8894.256875000527,0.4001898185255015,0.0994453966772109,0
LRM,1.4,-5000,false,false,51,false,7200,8894.256875000527,0.4001898185255015,0.0994453966772109,0
LRM,1.4,-5000,false,false,52,false,7200,8894.256875000527,0.4001898185255015,0.0994453966772109,0
LRM,1.4,-5000,false,false,53,false,7200,8894.256875000527,0.4001898185255015,0.0994453966772109,0
LRM,1.4,-5000,false,false,54,false,7200,8894.256875000527,0.4001898185255015,0.0994453966772109,0
LRM,1.4,-5000,false,false,55,false,7200,8894.256875000527,0.4001898185255015,0.0994453966772109,0
LRM,1.4,-5000,false,false,56,false,7200,8894.256875000527,0.4001898185255015,0.0994453966772109,0
LRM,1.4,-5000,false,false,57,false,7200,8894.256875000527,0.4001898185255015,0.0994453966772109,0
LRM,1.4,-5000,false,false,58,false,7200,8894.256875000527,0.4001898185255015,0.0994453966772109,0
LRM,1.4,-5000,false,false,59,false,7200,8894.256875000527,0.4001898185255015,0.0994453966772109,0
LRM,1.4,-5000,false,false,60,false,7200,8894.256875000527,0.4001898185255015,0.0994453966772109,0
LRM,1.4,-5000,false,false,61,false,7200,8894.256875000527,0.4001898185255015,0.0994453966772109,0
LRM,1.4,-5000,false,false,62,false,7200,8894.256875000527,0.4001898185255015,0.0994453966772109,0
LRM,1.4,-5000,false,false,63,false,7200,8894.256875000527,0.4001898185255015,0.0994453966772109,0
LRM,1.4,-5000,false,false,64,false,7200,8894.256875000527,0.4001898185255015,0.0994453966772109,0
LRM,1.4,-5000,false,false,65,false,7200,8894.256875000527,0.4001898185255015,0.0994453966772109,0
LRM,1.4,-5000,false,false,66,false,7200,8894.256875000527,0.4001898185255015,0.0994453966772109,0
LRM,1.4,-5000,false,false,67,false,7200,8894.256875000527,0.4001898185255015,0.0994453966772109,0
LRM,1.4,-5000,false,false,68,false,7200,8894.256875000527,0.4001898185255015,0.0994453966772109,0
LRM,1.4,-5000,false,false,69,false,7200,8894.256875000527,0.4001898185255015,0.0994453966772109,0
LRM,1.4,-5000,false,false,70,false,7200,8894.256875000527,0.4001898185255015,0.0994453966772109,0
LRM,1.4,-5000,false,false,71,false,7200,8894.256875000527,0.4001898185255015,0.0994453966772109,0
LRM,1.4,-5000,false,false,72,false,7200,8894.256875000527,0.4001898185255015,0.0994453966772109,0
LRM,1.4,-5000,false,false,73,false,7200,8894.256875000527,0.4001898185255015,0.0994453966772109,0
LRM,1.4,-5000,false,false,74,false,7200,8894.256875000527,0.4001898185255015,0.0994453966772109,0
LRM,1.4,-5000,false,false,75,false,7200,8894.256875000527,0.4001898185255015,0.0994453966772109,0
LRM,1.4,-5000,false,false,76,false,7200,8894.256875000527,0.4001898185255015,0.0994453966772109,0
LRM,1.4,-5000,false,false,77,false,7200,8894.256875000527,0.4001898185255015,0.0994453966772109,0
LRM,1.4,-5000,false,false,78,false,7200,8894.256875000527,0.4001898185255015,0.0994453966772109,0
LRM,1.4,-5000,false,false,79,false,7200,8894.256875000527,0.4001898185255015,0.0994453966772109,0
LRM,1.4,-5000,false,false,80,false,7200,8894.256875000527,0.4001898185255015,0.0994453966772109,0
LRM,1.4,-5000,false,false,81,false,7200,8894.256875000527,0.4001898185255015,0.0994453966772109,0
LRM,1.4,-5000,false,false,82,false,7200,8894.256875000527,0.4001898185255015,0.0994453966772109,0
LRM,1.4,-5000,false,false,83,false,7200,8894.256875000527,0.4001898185255015,0.0994453966772109,0
LRM,1.4,-5000,false,false,84,false,7200,8894.256875000527,0.4001898185255015,0.0994453966772109,0
LRM,1.4,-5000,false,false,85,false,7200,8894.256875000527,0.4001898185255015,0.0994453966772109,0
LRM,1.4,-5000,false,false,86,false,7200,8894.256875000527,0.4001898185255015,0.0994453966772109,0
LRM,1.4,-5000,false,false,87,false,7200,8894.256875000527,0.4001898185255015,0.0994453966772109,0
LRM,1.4,-5000,false,false,88,false,7200,8894.256875000527,0.4001898185255015,0.0994453966772109,0
LRM,1.4,-5000,false,false,89,false,7200,8894.256875000527,0.4001898185255015,0.0994453966772109,0
LRM,1.4,-5000,false,false,90,false,7200,8894.256875000527,0.4001898185255015,0.0994453966772109,0
LRM,1.4,-5000,false,false,91,false,7200,8894.256875000527,0.4001898185255015,0.0994453966772109,0
LRM,1.4,-5000,false,false,92,false,7200,8894.256875000527,0.4001898185255015,0.0994453966772109,0
LRM,1.4,-5000,false,false,93,false,7200,8894.256875000527,0.4001898185255015,0.0994453966772109,0
LRM,1.4,-5000,false,false,94,false,7200,8894.256875000527,0.4001898185255015,0.0994453966772109,0
LRM,1.4,-5000,false,false,95,false,7200,8894.256875000527,0.4001898185255015,0.0994453966772109,0
LRM,1.4,-5000,false,false,96,false,7200,8894.256875000527,0.4001898185255015,0.0994453966772109,0
LRM,1.4,-5000,false,false,97,false,7200,8894.256875000527,0.4001898185255015,0.0994453966772109,0
LRM,1.4,-5000,false,false,98,false,7200,8894.256875000527,0.4001898185255015,0.0994453966772109,0
LRM,1.4,-5000,false,false,99,false,7200,8894.256875000527,0.4001898185255015,0.0994453966772109,0
LRM,1.4,-5000,false,false,100,false,7200,8894.256875000527,0.4001898185255015,0.0994453966772109,0
LRM,1.4,-5000,false,false,101,false,7200,8894.256875000527,0.4001898185255015,0.0994453966772109,0
LRM,1.4,-5000,false,false,102,false,7200,8894.256875000527,0.4001898185255015,0.0994453966772109,0
LRM,1.4,-5000,false,false,103,false,7200,8894.256875000527,0.4001898185255015,0.0994453966772109,0
LRM,1.4,-5000,false,false,104,false,7200,8894.256875000527,0.4001898185255015,0.0994453966772109,0
LRM,1.4,-5000,false,false,105,false,7200,8894.256875000527,0.4001898185255015,0.0994453966772109,0
LRM,1.4,-5000,false,false,106,false,7200,8894.256875000527,0.4001898185255015,0.0994453966772109,0
LRM,1.4,-5000,false,false,107,false,7200,8894.256875000527,0.4001898185255015,0.0994453966772109,0
LRM,1.4,-5000,false,false,108,false,7200,8894.256875000527,0.4001898185255015,0.0994453966772109,0
LRM,1.4,-5000,false,false,109,false,7200,8894.256875000527,0.4001898185255015,0.0994453966772109,0
LRM,1.4,-5000,false,false,110,false,7200,8894.256875000527,0.4001898185255015,0.0994453966772109,0
LRM,1.4,-5000,false,false,111,false,7200,8894.256875000527,0.4001898185255015,0.0994453966772109,0
LRM,1.4,-5000,false,false,112,false,7200,8894.256875000527,0.4001898185255015,0.0994453966772109,0
LRM,1.4,-5000,false,false,113,false,7200,8894.256875000527,0.4001898185255015,0.0994453966772109,0
LRM,1.4,-5000,false,false,114,false,7200,8894.256875000527,0.4001898185255015,0.0994453966772109,0
LRM,1.4,-5000,false,false,115,false,7200,8894.256875000527,0.4001898185255015,0.0994453966772109,0
LRM,1.4,-5000,false,false,116,false,7200,8894.256875000527,0.4001898185255015,0.0994453966772109,0
LRM,1.4,-5000,false,false,117,false,7200,8894.256875000527,0.4001898185255015,0.0994453966772109,0
LRM,1.4,-5000,false,false,118,false,7200,8894.256875000527,0.4001898185255015,0.0994453966772109,0
LRM,1.4,-5000,false,false,119,false,7200,8894.256875000527,0.4001898185255015,0.0994453966772109,0
LRM,1.4,-5000,false,false,120,false,7200,8894.256875000527,0.4001898185255015,0.0994453966772109,0
LRM,1.4,-5000,false,false,121,false,7200,8894.256875000527,0.4001898185255015,0.0994453966772109,0
LRM,1.4,-5000,false,false,122,false,7200,8894.256875000527,0.4001898185255015,0.0994453966772109,0
LRM,1.4,-5000,false,false,123,false,7200,8894.256875000527,0.4001898185255015,0.0994453966772109,0
LRM,1.4,-5000,false,false,124,false,7200,8894.256875000527,0.4001898185255015,0.0994453966772109,0
LRM,1.4,-5000,false,false,125,false,7200,8894.256875000527,0.4001898185255015,0.0994453966772109,0
LRM,1.4,-5000,false,false,126,false,7200,8894.256875000527,0.4001898185255015,0.0994453966772109,0
LRM,1.4,-5000,false,false,127,false,7200,8894.256875000527,0.4001898185255015,0.0994453966772109,0
LRM,1.4,-5000,false,false,128,false,7200,8894.256875000527,0.4001898185255015,0.0994453966772109,0
LRM,1.4,-5000,false,false,129,false,7200,8894.256875000527,0.4001898185255015,0.0994453966772109,0
LRM,1.4,-5000,false,false,130,false,7200,8894.256875000527,0.4001898185255015,0.0994453966772109,0
LRM,1.4,-5000,false,false,131,false,7200,8894.256875000527,0.4001898185255015,0.0994453966772109,0
LRM,1.4,-5000,false,false,132,false,7200,8894.256875000527,0.4001898185255015,0.0994453966772109,0
LRM,1.4,-5000,false,false,133,false,7200,8894.256875000527,0.4001898185255015,0.0994453966772109,0
LRM,1.4,-5000,false,false,134,false,7200,8894.256875000527,0.4001898185255015,0.0994453966772109,0
LRM,1.4,-5000,false,false,135,false,7200,8894.256875000527,0.4001898185255015,0.0994453966772109,0
LRM,1.4,-5000,false,false,136,false,7200,8894.256875000527,0.4001898185255015,0.0994453966772109,0
LRM,1.4,-5000,false,false,137,false,7200,8894.256875000527,0.4001898185255015,0.0994453966772109,0
LRM,1.4,-5000,false,false,138,false,7200,8894.256875000527,0.4001898185255015,0.0994453966772109,0
LRM,1.4,-5000,false,false,139,false,7200,8894.256875000527,0.4001898185255015,0.0994453966772109,0
LRM,1.4,-5000,false,false,140,false,7200,8894.256875000527,0.4001898185255015,0.0994453966772109,0
LRM,1.4,-5000,false,false,141,false,7200,8894.256875000527,0.4001898185255015,0.0994453966772109,0
LRM,1.4,-5000,false,false,142,false,7200,8894.256875000527,0.4001898185255015,0.0994453966772109,0
LRM,1.4,-5000,false,false,143,false,7200,8894.256875000527,0.4001898185255015,0.0994453966772109,0
LRM,1.4,-5000,false,false,144,false,7200,8894.256875000527,0.4001898185255015,0.0994453966772109,0
LRM,1.4,-5000,false,false,145,false,7200,8894.256875000527,0.4001898185255015,0.0994453966772109,0
LRM,1.4,-5000,false,false,146,false,7200,8894.256875000527,0.4001898185255015,0.0994453966772109,0
LRM,1.4,-5000,false,false,147,false,7200,8894.256875000527,0.4001898185255015,0.0994453966772109,0
LRM,1.4,-5000,false,false,148,false,7200,8894.256875000527,0.4001898185255015,0.0994453966772109,0
LRM,1.4,-5000,false,false,149,false,7200,8894.256875000527,0.4001898185255015,0.0994453966772109,0
LRM,1.4,-5000,false,false,150,false,7200,8894.256875000527,0.4001898185255015,0.0994453966772109,0
LRM,1.4,-5000,false,false,151,false,7200,8894.256875000527,0.4001898185255015,0.0994453966772109,0
LRM,1.4,-5000,false,false,152,false,7200,8894.256875000527,0.4001898185255015,0.0994453966772109,0
LRM,1.4,-5000,false,false,153,false,7200,8894.256875000527,0.4001898185255015,0.0994453966772109,0
LRM,1.4,-5000,false,false,154,false,7200,8894.256875000527,0.4001898185255015,0.0994453966772109,0
LRM,1.4,-5000,false,false,155,false,7200,8894.256875000527,0.4001898185255015,0.0994453966772109,0
LRM,1.4,-5000,false,false,156,false,7200,8894.256875000527,0.4001898185255015,0.0994453966772109,0
LRM,1.4,-5000,false,false,157,false,7200,8894.256875000527,0.4001898185255015,0.0994453966772109,0
LRM,1.4,-5000,false,false,158,false,7200,8894.256875000527,0.4001898185255015,0.0994453966772109,0
LRM,1.4,-5000,false,false,159,false,7200,8894.256875000527,0.4001898185255015,0.0994453966772109,0
LRM,1.4,-5000,false,false,160,false,7200,8894.256875000527,0.4001898185255015,0.0994453966772109,0
LRM,1.4,-5000,false,false,161,false,7200,8894.256875000527,0.4001898185255015,0.0994453966772109,0
LRM,1.4,-5000,false,false,162,false,7200,8894.256875000527,0.4001898185255015,0.0994453966772109,0
LRM,1.4,-5000,false,false,163,false,7200,8894.256875000527,0.4001898185255015,0.0994453966772109,0
LRM,1.4,-5000,false,false,164,false,7200,8894.256875000527,0.4001898185255015,0.0994453966772109,0
LRM,1.4,-5000,false,false,165,false,7200,8894.256875000527,0.4001898185255015,0.0994453966772109,0
LRM,1.4,-5000,false,false,166,false,7200,8894.256875000527,0.4001898185255015,0.0994453966772109,0
LRM,1.4,-5000,false,false,167,false,7200,8894.256875000527,0.4001898185255015,0.0994453966772109,0
LRM,1.4,-5000,false,false,168,false,7200,8894.256875000527,0.4001898185255015,0.0994453966772109,0
LRM,1.4,-5000,false,false,169,false,7200,8894.256875000527,0.4001898185255015,0.0994453966772109,0
LRM,1.4,-5000,false,false,170,false,7200,8894.256875000527,0.4001898185255015,0.0994453966772109,0
LRM,1.4,-5000,false,false,171,false,7200,8894.256875000527,0.4001898185255015,0.0994453966772109,0
LRM,1.4,-5000,false,false,172,false,7200,8894.256875000527,0.4001898185255015,0.0994453966772109,0
LRM,1.4,-5000,false,false,173,false,7200,8894.256875000527,0.4001898185255015,0.0994453966772109,0
LRM,1.4,-5000,false,false,174,false,7200,8894.256875000527,0.4001898185255015,0.0994453966772109,0
LRM,1.4,-5000,false,false,175,false,7200,8894.256875000527,0.4001898185255015,0.0994453966772109,0
LRM,1.4,-5000,false,false,176,false,7200,8894.256875000527,0.4001898185255015,0.0994453966772109,0
LRM,1.4,-5000,false,false,177,false,7200,8894.256875000527,0.4001898185255015,0.0994453966772109,0
LRM,1.4,-5000,false,false,178,false,7200,8894.256875000527,0.4001898185255015,0.0994453966772109,0
LRM,1.4,-5000,false,false,179,false,7200,8894.256875000527,0.4001898185255015,0.0994453966772109,0
LRM,1.4,-5000,false,false,180,false,7200,8894.256875000527,0.4001898185255015,0.0994453966772109,0
LRM,1.4,-5000,false,false,181,false,7200,8894.256875000527,0.4001898185255015,0.0994453966772109,0
LRM,1.4,-5000,false,false,182,false,7200,8894.256875000527,0.4001898185255015,0.0994453966772109,0
LRM,1.4,-5000,false,false,183,false,7200,8894.256875000527,0.4001898185255015,0.0994453966772109,0
LRM,1.4,-5000,false,false,184,false,7200,8894.256875000527,0.4001898185255015,0.0994453966772109,0
LRM,1.4,-5000,false,false,185,false,7200,8894.256875000527,0.4001898185255015,0.0994453966772109,0
LRM,1.4,-5000,false,false,186,false,7200,8894.256875000527,0.4001898185255015,0.0994453966772109,0
LRM,1.4,-5000,false,false,187,false,7200,8894.256875000527,0.4001898185255015,0.0994453966772109,0
LRM,1.4,-5000,false,false,188,false,7200,8894.256875000527,0.4001898185255015,0.0994453966772109,0
LRM,1.4,-5000,false,false,189,false,7200,8894.256875000527,0.4001898185255015,0.0994453966772109,0
LRM,1.4,-5000,false,false,190,false,7200,8894.256875000527,0.4001898185255015,0.0994453966772109,0
LRM,1.4,-5000,false,false,191,false,7200,8894.256875000527,0.4001898185255015,0.0994453966772109,0
LRM,1.4,-5000,false,false,192,false,7200,8894.256875000527,0.4001898185255015,0.0994453966772109,0
LRM,1.4,-5000,false,false,193,false,7200,8894.256875000527,0.4001898185255015,0.0994453966772109,0
LRM,1.4,-5000,false,false,194,false,7200,8894.256875000527,0.4001898185255015,0.0994453966772109,0
LRM,1.4,-5000,false,false,195,false,7200,8894.256875000527,0.4001898185255015,0.0994453966772109,0
LRM,1.4,-5000,false,false,196,false,7200,8894.256875000527,0.4001898185255015,0.0994453966772109,0
LRM,1.4,-5000,false,false,197,false,7200,8894.256875000527,0.4001898185255015,0.0994453966772109,0
LRM,1.4,-5000,false,false,198,false,7200,8894.256875000527,0.4001898185255015,0.0994453966772109,0
LRM,1.4,-5000,false,false,199,false,7200,8894.256875000527,0.4001898185255015,0.0994453966772109,0
LRM,1.4,-5000,false,false,200,false,7200,8894.256875000527,0.4001898185255015,0.0994453966772109,0
LRM,1.4,-5000,false,false,201,false,7200,8894.256875000527,0.4001898185255015,0.0994453966772109,0
LRM,1.4,-5000,false,false,202,false,7200,8894.256875000527,0.4001898185255015,0.0994453966772109,0
LRM,1.4,-5000,false,false,203,false,7200,8894.256875000527,0.4001898185255015,0.0994453966772109,0
LRM,1.4,-5000,false,false,204,false,7200,8894.256875000527,0.4001898185255015,0.0994453966772109,0
LRM,1.4,-5000,false,false,205,false,7200,8894.256875000527,0.4001898185255015,0.0994453966772109,0
LRM,1.4,-5000,false,false,206,false,7200,8894.256875000527,0.4001898185255015,0.0994453966772109,0
LRM,1.4,-5000,false,false,207,false,7200,8894.256875000527,0.4001898185255015,0.0994453966772109,0
LRM,1.4,-5000,false,false,208,false,7200,8894.256875000527,0.4001898185255015,0.0994453966772109,0
LRM,1.4,-5000,false,false,209,false,7200,8894.256875000527,0.4001898185255015,0.0994453966772109,0
LRM,1.4,-5000,false,false,210,false,7200,8894.256875000527,0.4001898185255015,0.0994453966772109,0
LRM,1.4,-5000,false,false,211,false,7200,8894.256875000527,0.4001898185255015,0.0994453966772109,0
LRM,1.4,-5000,false,false,212,false,7200,8894.256875000527,0.4001898185255015,0.0994453966772109,0
LRM,1.4,-5000,false,false,213,false,7200,8894.256875000527,0.4001898185255015,0.0994453966772109,0
LRM,1.4,-5000,false,false,214,false,7200,8894.256875000527,0.4001898185255015,0.0994453966772109,0
LRM,1.4,-5000,false,false,215,false,7200,8894.256875000527,0.4001898185255015,0.0994453966772109,0
LRM,1.4,-5000,false,false,216,false,7200,8894.256875000527,0.4001898185255015,0.0994453966772109,0
LRM,1.4,-5000,false,false,217,false,7200,8894.256875000527,0.4001898185255015,0.0994453966772109,0
LRM,1.4,-5000,false,false,218,false,7200,8894.256875000527,0.4001898185255015,0.0994453966772109,0
LRM,1.4,-5000,false,false,219,false,7200,8894.256875000527,0.4001898185255015,0.0994453966772109,0
LRM,1.4,-5000,false,false,220,false,7200,8894.256875000527,0.4001898185255015,0.0994453966772109,0
LRM,1.4,-5000,false,false,221,false,7200,8894.256875000527,0.4001898185255015,0.0994453966772109,0
LRM,1.4,-5000,false,false,222,false,7200,8894.256875000527,0.4001898185255015,0.0994453966772109,0
LRM,1.4,-5000,false,false,223,false,7200,8894.256875000527,0.4001898185255015,0.0994453966772109,0
LRM,1.4,-5000,false,false,224,false,7200,8894.256875000527,0.4001898185255015,0.0994453966772109,0
LRM,1.4,-5000,false,false,225,false,7200,8894.256875000527,0.4001898185255015,0.0994453966772109,0
LRM,1.4,-5000,false,false,226,false,7200,8894.256875000527,0.4001898185255015,0.0994453966772109,0
LRM,1.4,-5000,false,false,227,false,7200,8894.256875000527,0.4001898185255015,0.0994453966772109,0
LRM,1.4,-5000,false,false,228,false,7200,8894.256875000527,0.4001898185255015,0.0994453966772109,0
LRM,1.4,-5000,false,false,229,false,7200,8894.256875000527,0.4001898185255015,0.0994453966772109,0
LRM,1.4,-5000,false,false,230,false,7200,8894.256875000527,0.4001898185255015,0.0994453966772109,0
LRM,1.4,-5000,false,false,231,false,7200,8894.256875000527,0.4001898185255015,0.0994453966772109,0
LRM,1.4,-5000,false,false,232,false,7200,8894.256875000527,0.4001898185255015,0.0994453966772109,0
LRM,1.4,-5000,false,false,233,false,7200,8894.256875000527,0.4001898185255015,0.0994453966772109,0
LRM,1.4,-5000,false,false,234,false,7200,8894.256875000527,0.4001898185255015,0.0994453966772109,0
LRM,1.4,-5000,false,false,235,false,7200,8894.256875000527,0.4001898185255015,0.0994453966772109,0
LRM,1.4,-5000,false,false,236,false,7200,8894.256875000527,0.4001898185255015,0.0994453966772109,0
LRM,1.4,-5000,false,false,237,false,7200,8894.256875000527,0.4001898185255015,0.0994453966772109,0
LRM,1.4,-5000,false,false,238,false,7200,8894.256875000527,0.4001898185255015,0.0994453966772109,0
LRM,1.4,-5000,false,false,239,false,7200,8894.256875000527,0.4001898185255015,0.0994453966772109,0
LRM,1.4,-5000,false,false,240,false,7200,8894.256875000527,0.4001898185255015,0.0994453966772109,0
LRM,1.4,-5000,false,false,241,false,7200,8894.256875000527,0.4001898185255015,0.0994453966772109,0
LRM,1.4,-5000,false,false,242,false,7200,8894.256875000527,0.4001898185255015,0.0994453966772109,0
LRM,1.4,-5000,false,false,243,false,7200,8894.256875000527,0.4001898185255015,0.0994453966772109,0
LRM,1.4,-5000,false,false,244,false,7200,8894.256875000527,0.4001898185255015,0.0994453966772109,0
LRM,1.4,-5000,false,false,245,false,7200,8894.256875000527,0.4001898185255015,0.0994453966772109,0
LRM,1.4,-5000,false,false,246,false,7200,8894.256875000527,0.4001898185255015,0.0994453966772109,0
LRM,1.4,-5000,false,false,247,false,7200,8894.256875000527,0.4001898185255015,0.0994453966772109,0
LRM,1.4,-5000,false,false,248,false,7200,8894.256875000527,0.4001898185255015,0.0994453966772109,0
LRM,1.4,-5000,false,false,249,false,7200,8894.256875000527,0.4001898185255015,0.0994453966772109,0
LRM,1.4,-5000,false,false,250,false,7200,8894.256875000527,0.4001898185255015,0.0994453966772109,0
LRM,1.4,-5000,false,false,251,false,7200,8894.256875000527,0.4001898185255015,0.0994453966772109,0
LRM,1.4,-5000,false,false,252,false,7200,8894.256875000527,0.4001898185255015,0.0994453966772109,0
LRM,1.4,-5000,false,false,253,false,7200,8894.256875000527,0.4001898185255015,0.0994453966772109,0
LRM,1.4,-5000,false,false,254,false,7200,8894.256875000527,0.4001898185255015,0.0994453966772109,0
LRM,1.4,-5000,false,false,255,false,7200,8894.256875000527,0.4001898185255015,0.0994453966772109,0
