payload,fraction,closure_kms,target_g,seed,hit,time,fuel
SRM,0.5,5000,-100,0,true,681.7925444229923,19941.697429293148
SRM,0.5,5000,-100,1,true,681.7925450909413,19941.697409642118
SRM,0.5,5000,-100,2,true,681.7925442293324,19941.69743499062
SRM,0.5,5000,-100,3,true,681.7925442543925,19941.69743425334
SRM,0.5,5000,-100,4,true,681.7925441932887,19941.69743605101
SRM,0.5,5000,-100,5,true,681.7925447755553,19941.69741892075
SRM,0.5,5000,-100,6,true,681.792544574333,19941.69742484069
SRM,0.5,5000,-100,7,true,681.7925442645832,19941.697433953523
SRM,0.5,5000,-100,8,true,681.7925447824147,19941.697418718955
SRM,0.5,5000,-100,9,true,681.7925442087126,19941.69743559723
SRM,0.5,5000,-100,10,true,681.7925457629246,19941.69738987239
SRM,0.5,5000,-100,11,true,681.792544982144,19941.697412842914
SRM,0.5,5000,-100,12,true,681.7925448986547,19941.69741529918
SRM,0.5,5000,-100,13,true,681.7925443179884,19941.697432382345
SRM,0.5,5000,-100,14,true,681.7925453326852,19941.697402530026
SRM,0.5,5000,-100,15,true,681.7925445964711,19941.69742418939
SRM,0.5,5000,-100,16,true,681.7925443604494,19941.69743113315
SRM,0.5,5000,-100,17,true,681.7925451088942,19941.697409113927
SRM,0.5,5000,-100,18,true,681.792544941492,19941.69741403889
SRM,0.5,5000,-100,19,true,681.7925457493649,19941.69739027133
SRM,0.5,5000,-100,20,true,681.7925465315476,19941.69736725955
SRM,0.5,5000,-100,21,true,681.7925442501822,19941.697434377194
SRM,0.5,5000,-100,22,true,681.7925444751462,19941.697427758772
SRM,0.5,5000,-100,23,true,681.7925446754443,19941.697421866007
SRM,0.5,5000,-100,24,true,681.7925442144223,19941.697435429254
SRM,0.5,5000,-100,25,true,681.7925450183128,19941.69741177884
SRM,0.5,5000,-100,26,true,681.7925470205835,19941.69735287214
SRM,0.5,5000,-100,27,true,681.7925470871511,19941.697350913728
SRM,0.5,5000,-100,28,true,681.7925459193679,19941.697385269843
SRM,0.5,5000,-100,29,true,681.7925458401381,19941.697387600765
SRM,0.5,5000,-100,30,true,681.7925469007384,19941.697356397966
SRM,0.5,5000,-100,31,true,681.7925444887342,19941.697427359006
SRM,0.5,5000,-100,32,true,681.7925456884619,19941.697392063077
SRM,0.5,5000,-100,33,true,681.7925448786223,19941.697415888535
SRM,0.5,5000,-100,34,true,681.792545961632,19941.697384026455
SRM,0.5,5000,-100,35,true,681.7925463156404,19941.697373611525
SRM,0.5,5000,-100,36,true,681.7925457023827,19941.69739165354
SRM,0.5,5000,-100,37,true,681.7925443049979,19941.697432764533
SRM,0.5,5000,-100,38,true,681.7925448533159,19941.69741663303
SRM,0.5,5000,-100,39,true,681.7925460136369,19941.697382496455
SRM,0.5,5000,-100,40,true,681.7925453030676,19941.69740340137
SRM,0.5,5000,-100,41,true,681.7925457485105,19941.697390296456
SRM,0.5,5000,-100,42,true,681.7925458320378,19941.697387839093
SRM,0.5,5000,-100,43,true,681.7925450222722,19941.697411662353
SRM,0.5,5000,-100,44,true,681.7925460051028,19941.69738274753
SRM,0.5,5000,-100,45,true,681.7925469571301,19941.69735473894
SRM,0.5,5000,-100,46,true,681.7925442414526,19941.69743463403
SRM,0.5,5000,-100,47,true,681.7925445694458,19941.69742498449
SRM,0.5,5000,-100,48,true,681.7925467101247,19941.697362005805
SRM,0.5,5000,-100,49,true,681.7925467608858,19941.69736051243
SRM,0.5,5000,-100,50,true,681.7925469900264,19941.69735377113
SRM,0.5,5000,-100,51,true,681.7925455369344,19941.697396521013
SRM,0.5,5000,-100,52,true,681.7925460095463,19941.697382616785
SRM,0.5,5000,-100,53,true,681.792544690146,19941.697421433495
SRM,0.5,5000,-100,54,true,681.7925470798781,19941.69735112768
SRM,0.5,5000,-100,55,true,681.792544210926,19941.69743553211
SRM,0.5,5000,-100,56,true,681.7925447267396,19941.6974203569
SRM,0.5,5000,-100,57,true,681.7925445545692,19941.697425422153
SRM,0.5,5000,-100,58,true,681.7925442718486,19941.697433739773
SRM,0.5,5000,-100,59,true,681.7925442192832,19941.69743528624
SRM,0.5,5000,-100,60,true,681.7925442440466,19941.697434557707
SRM,0.5,5000,-100,61,true,681.7925463543653,19941.69737247224
SRM,0.5,5000,-100,62,true,681.7925446382493,19941.697422960282
SRM,0.5,5000,-100,63,true,681.7925466251227,19941.697364506566
SRM,0.5,5000,-100,64,true,681.7925442436336,19941.697434569876
SRM,0.5,5000,-100,65,true,681.7925445791633,19941.69742469859
SRM,0.5,5000,-100,66,true,681.7925446913283,19941.697421398712
SRM,0.5,5000,-100,67,true,681.7925443136514,19941.69743250993
SRM,0.5,5000,-100,68,true,681.7925442065533,19941.697435660757
SRM,0.5,5000,-100,69,true,681.7925470868252,19941.69735092331
SRM,0.5,5000,-100,70,true,681.7925452300551,19941.69740554939
SRM,0.5,5000,-100,71,true,681.7925468772879,19941.697357087876
SRM,0.5,5000,-100,72,true,681.7925471929561,19941.697347800928
SRM,0.5,5000,-100,73,true,681.7925469575998,19941.6973547251
SRM,0.5,5000,-100,74,true,681.7925470347839,19941.69735245436
SRM,0.5,5000,-100,75,false,681.7925455608655,19941.697395816962
SRM,0.5,5000,-100,76,true,681.7925448516773,19941.697416681236
SRM,0.5,5000,-100,77,true,681.7925472020139,19941.697347534464
SRM,0.5,5000,-100,78,true,681.7925441941352,19941.697436026105
SRM,0.5,5000,-100,79,true,681.7925461906248,19941.697377289478
SRM,0.5,5000,-100,80,true,681.7925453395451,19941.697402328195
SRM,0.5,5000,-100,81,true,681.7925448715553,19941.69741609643
SRM,0.5,5000,-100,82,true,681.7925461692341,19941.697377918794
SRM,0.5,5000,-100,83,true,681.7925445238176,19941.69742632686
SRM,0.5,5000,-100,84,true,681.7925445269291,19941.697426235332
SRM,0.5,5000,-100,85,true,681.7925452696177,19941.697404385468
SRM,0.5,5000,-100,86,true,681.7925448784781,19941.697415892766
SRM,0.5,5000,-100,87,true,681.7925449447584,19941.6974139428
SRM,0.5,5000,-100,88,true,681.7925470983192,19941.697350585146
SRM,0.5,5000,-100,89,true,681.7925458128443,19941.697388403758
SRM,0.5,5000,-100,90,true,681.7925453729498,19941.69740134544
SRM,0.5,5000,-100,91,true,681.7925467569395,19941.69736062853
SRM,0.5,5000,-100,92,true,681.7925441938346,19941.69743603495
SRM,0.5,5000,-100,93,true,681.7925470926497,19941.697350751943
SRM,0.5,5000,-100,94,true,681.7925442052771,19941.69743569831
SRM,0.5,5000,-100,95,true,681.7925449783271,19941.69741295521
SRM,0.5,5000,-100,96,true,681.7925444818934,19941.697427560262
SRM,0.5,5000,-100,97,true,681.7925459831083,19941.697383394596
SRM,0.5,5000,-100,98,true,681.7925457865528,19941.697389177254
SRM,0.5,5000,-100,99,true,681.7925471503873,19941.697349053306
SRM,0.5,5000,-100,100,true,681.7925457444327,19941.697390416426
SRM,0.5,5000,-100,101,true,681.7925442453779,19941.697434518544
SRM,0.5,5000,-100,102,true,681.7925451157406,19941.697408912507
SRM,0.5,5000,-100,103,true,681.792544960398,19941.69741348268
SRM,0.5,5000,-100,104,true,681.792544191963,19941.697436090006
SRM,0.5,5000,-100,105,true,681.7925456710718,19941.697392574708
SRM,0.5,5000,-100,106,false,681.7925441930868,19941.697436056937
SRM,0.5,5000,-100,107,true,681.792546477879,19941.697368838482
SRM,0.5,5000,-100,108,true,681.792545039435,19941.69741115742
SRM,0.5,5000,-100,109,true,681.7925463184457,19941.697373528987
SRM,0.5,5000,-100,110,true,681.7925445065106,19941.69742683604
SRM,0.5,5000,-100,111,true,681.7925471290758,19941.697349680286
SRM,0.5,5000,-100,112,true,681.7925454043684,19941.6974004211
SRM,0.5,5000,-100,113,true,681.7925468165105,19941.697358875954
SRM,0.5,5000,-100,114,true,681.7925443794401,19941.697430574437
SRM,0.5,5000,-100,115,true,681.7925455608122,19941.697395818523
SRM,0.5,5000,-100,116,true,681.7925459045051,19941.697385707106
SRM,0.5,5000,-100,117,true,681.7925452399918,19941.697405257048
SRM,0.5,5000,-100,118,true,681.7925441909448,19941.697436119965
SRM,0.5,5000,-100,119,true,681.7925466724175,19941.697363115156
SRM,0.5,5000,-100,120,true,681.7925442853747,19941.697433341847
SRM,0.5,5000,-100,121,true,681.7925456754167,19941.697392446877
SRM,0.5,5000,-100,122,true,681.7925456669119,19941.697392697082
SRM,0.5,5000,-100,123,true,681.7925471430485,19941.697349269212
SRM,0.5,5000,-100,124,true,681.7925455861448,19941.69739507324
SRM,0.5,5000,-100,125,true,681.7925451834482,19941.697406920557
SRM,0.5,5000,-100,126,true,681.7925454053543,19941.697400392113
SRM,0.5,5000,-100,127,true,681.7925470200985,19941.697352886407
SRM,0.5,0,0,0,true,844.2918897602165,15160.974814439214
SRM,0.5,0,0,1,true,844.2918903943049,15160.974795784361
SRM,0.5,0,0,2,true,844.2918895763719,15160.974819847912
SRM,0.5,0,0,3,true,844.2918896001603,15160.974819148056
SRM,0.5,0,0,4,true,844.2918895421545,15160.974820854584
SRM,0.5,0,0,5,true,844.2918900949115,15160.974804592499
SRM,0.5,0,0,6,true,844.2918899038781,15160.974810212696
SRM,0.5,0,0,7,true,844.2918896098348,15160.974818863437
SRM,0.5,0,0,8,true,844.2918901014123,15160.974804401252
SRM,0.5,0,0,9,true,844.2918895567958,15160.97482042384
SRM,0.5,0,0,10,true,844.2918910322225,15160.97477701686
SRM,0.5,0,0,11,true,844.2918902910186,15160.974798823041
SRM,0.5,0,0,12,true,844.291890211766,15160.974801154649
SRM,0.5,0,0,13,true,844.2918896605337,15160.974817371884
SRM,0.5,0,0,14,true,844.2918906237795,15160.974789033236
SRM,0.5,0,0,15,true,844.291889924895,15160.974809594385
SRM,0.5,0,0,16,true,844.2918897008403,15160.974816186053
SRM,0.5,0,0,17,true,844.2918904113575,15160.974795282676
SRM,0.5,0,0,18,true,844.2918902524264,15160.97479995843
SRM,0.5,0,0,19,true,844.2918910193712,15160.974777394948
SRM,0.5,0,0,20,true,844.2918917619158,15160.974755549316
SRM,0.5,0,0,21,true,844.291889596164,15160.974819265632
SRM,0.5,0,0,22,true,844.2918898097229,15160.974812982737
SRM,0.5,0,0,23,true,844.2918899998696,15160.974807388635
SRM,0.5,0,0,24,true,844.291889562216,15160.97482026438
SRM,0.5,0,0,25,true,844.2918903253563,15160.974797812838
SRM,0.5,0,0,26,true,844.2918922261683,15160.974741891036
SRM,0.5,0,0,27,true,844.2918922893571,15160.974740032032
SRM,0.5,0,0,28,true,844.2918911807147,15160.974772648231
SRM,0.5,0,0,29,true,844.2918911055028,15160.974774860959
SRM,0.5,0,0,30,true,844.2918921123648,15160.97474523913
SRM,0.5,0,0,31,true,844.2918898226222,15160.97481260324
SRM,0.5,0,0,32,false,844.2918909615416,15160.974779096296
SRM,0.5,0,0,33,true,844.2918901927434,15160.974801714297
SRM,0.5,0,0,34,true,844.2918912208703,15160.974771466854
SRM,0.5,0,0,35,true,844.2918915568963,15160.974761580985
SRM,0.5,0,0,36,true,844.2918909747599,15160.97477870741
SRM,0.5,0,0,37,true,844.2918896482018,15160.974817734683
SRM,0.5,0,0,38,true,844.291890168721,15160.974802421035
SRM,0.5,0,0,39,true,844.2918912702282,15160.97477001475
SRM,0.5,0,0,40,true,844.291890595681,15160.974789859887
SRM,0.5,0,0,41,true,844.2918910185515,15160.974777419056
SRM,0.5,0,0,42,true,844.2918910978525,15160.974775086033
SRM,0.5,0,0,43,true,844.2918903291162,15160.974797702216
SRM,0.5,0,0,44,true,844.291891262138,15160.974770252757
SRM,0.5,0,0,45,true,844.2918921659297,15160.974743663255
SRM,0.5,0,0,46,true,844.2918895878774,15160.974819509418
SRM,0.5,0,0,47,true,844.291889899249,15160.97481034889
SRM,0.5,0,0,48,true,844.2918919314003,15160.974750563093
SRM,0.5,0,0,49,true,844.2918919796251,15160.974749144327
SRM,0.5,0,0,50,true,844.2918921971201,15160.974742745633
SRM,0.5,0,0,51,true,844.2918908176999,15160.974783328104
SRM,0.5,0,0,52,true,844.2918912663483,15160.974770128889
SRM,0.5,0,0,53,true,844.291890013823,15160.974806978125
SRM,0.5,0,0,54,true,844.2918922823931,15160.974740236903
SRM,0.5,0,0,55,true,844.2918895588974,15160.974820362017
SRM,0.5,0,0,56,true,844.29189004857,15160.97480595587
SRM,0.5,0,0,57,true,844.2918898851253,15160.974810764406
SRM,0.5,0,0,58,true,844.2918896167329,15160.974818660497
SRM,0.5,0,0,59,true,844.2918895668304,15160.97482012862
SRM,0.5,0,0,60,true,844.2918895903401,15160.974819436968
SRM,0.5,0,0,61,true,844.2918915936658,15160.974760499232
SRM,0.5,0,0,62,true,844.2918899645533,15160.974808427638
SRM,0.5,0,0,63,true,844.2918918507405,15160.974752936107
SRM,0.5,0,0,64,true,844.2918895899476,15160.974819448515
SRM,0.5,0,0,65,true,844.2918899084641,15160.974810077772
SRM,0.5,0,0,66,true,844.2918900149435,15160.974806945167
SRM,0.5,0,0,67,true,844.2918896564152,15160.97481749304
SRM,0.5,0,0,68,true,844.2918895547475,15160.974820484102
SRM,0.5,0,0,69,true,844.2918922890511,15160.974740041032
SRM,0.5,0,0,70,true,844.2918905263716,15160.97479189897
SRM,0.5,0,0,71,true,844.2918920901373,15160.974745893063
SRM,0.5,0,0,72,true,844.2918923897349,15160.974737078917
SRM,0.5,0,0,73,true,844.2918921663351,15160.97474365133
SRM,0.5,0,0,74,true,844.291892239584,15160.97474149635
SRM,0.5,0,0,75,true,844.2918908404052,15160.974782660118
SRM,0.5,0,0,76,true,844.2918901671613,15160.974802466915
SRM,0.5,0,0,77,true,844.2918923983345,15160.974736825912
SRM,0.5,0,0,78,true,844.2918895429576,15160.974820830963
SRM,0.5,0,0,79,true,844.2918914382533,15160.974765071458
SRM,0.5,0,0,80,true,844.2918906303202,15160.974788840806
SRM,0.5,0,0,81,true,844.2918901860371,15160.974801911592
SRM,0.5,0,0,82,true,844.2918914179112,15160.974765669916
SRM,0.5,0,0,83,true,844.2918898559262,15160.974811623437
SRM,0.5,0,0,84,true,844.2918898588783,15160.974811536593
SRM,0.5,0,0,85,true,844.2918905639203,15160.974790794295
SRM,0.5,0,0,86,true,844.2918901926033,15160.974801718416
SRM,0.5,0,0,87,true,844.2918902555425,15160.974799866746
SRM,0.5,0,0,88,true,844.2918922999132,15160.974739721467
SRM,0.5,0,0,89,true,844.2918910796327,15160.974775622057
SRM,0.5,0,0,90,true,844.2918906620216,15160.974787908155
SRM,0.5,0,0,91,true,844.2918919758596,15160.974749255105
SRM,0.5,0,0,92,true,844.2918895426728,15160.974820839338
SRM,0.5,0,0,93,true,844.2918922945707,15160.97473987864
SRM,0.5,0,0,94,true,844.2918895535364,15160.974820519723
SRM,0.5,0,0,95,true,844.2918902874084,15160.974798929263
SRM,0.5,0,0,96,true,844.2918898161295,15160.97481279426
SRM,0.5,0,0,97,true,844.2918912412666,15160.974770866798
SRM,0.5,0,0,98,true,844.2918910546481,15160.974776357107
SRM,0.5,0,0,99,true,844.2918923493787,15160.97473826619
SRM,0.5,0,0,100,true,844.291891014665,15160.974777533405
SRM,0.5,0,0,101,true,844.2918895916025,15160.974819399828
SRM,0.5,0,0,102,true,844.2918904178584,15160.97479509142
SRM,0.5,0,0,103,true,844.2918902703858,15160.974799430065
SRM,0.5,0,0,104,true,844.2918895408966,15160.974820891593
SRM,0.5,0,0,105,true,844.291890945044,15160.974779581646
SRM,0.5,0,0,106,true,844.2918895419627,15160.974820860227
SRM,0.5,0,0,107,true,844.291891710931,15160.974757049296
SRM,0.5,0,0,108,true,844.291890345418,15160.97479722262
SRM,0.5,0,0,109,true,844.2918915595726,15160.974761502246
SRM,0.5,0,0,110,true,844.2918898395006,15160.974812106682
SRM,0.5,0,0,111,true,844.2918923291506,15160.974738861303
SRM,0.5,0,0,112,true,844.2918906918505,15160.974787030586
SRM,0.5,0,0,113,true,844.2918920323809,15160.974747592241
SRM,0.5,0,0,114,true,844.2918897188707,15160.974815655605
SRM,0.5,0,0,115,true,844.2918908403531,15160.974782661651
SRM,0.5,0,0,116,true,844.2918911666167,15160.974773062995
SRM,0.5,0,0,117,true,844.291890535793,15160.974791621798
SRM,0.5,0,0,118,true,844.2918895399296,15160.974820920042
SRM,0.5,0,0,119,true,844.2918918956406,15160.974751615142
SRM,0.5,0,0,120,true,844.2918896295737,15160.974818282722
SRM,0.5,0,0,121,true,844.2918909491598,15160.974779460568
SRM,0.5,0,0,122,true,844.2918909410706,15160.974779698545
SRM,0.5,0,0,123,true,844.2918923423753,15160.974738472236
SRM,0.5,0,0,124,true,844.2918908643917,15160.97478195444
SRM,0.5,0,0,125,true,844.2918904821146,15160.974793201009
SRM,0.5,0,0,126,true,844.2918906927672,15160.974787003617
SRM,0.5,0,0,127,true,844.2918922256583,15160.974741906039
SRM,0.5,-5000,100,0,true,1053.3693155953608,9009.927400240591
SRM,0.5,-5000,100,1,true,1053.3693160865537,9009.927385789715
SRM,0.5,-5000,100,2,true,1053.3693154529453,9009.927404430446
SRM,0.5,-5000,100,3,true,1053.369315471373,9009.9274038883
SRM,0.5,-5000,100,4,true,1053.3693154264404,9009.92740521021
SRM,0.5,-5000,100,5,true,1053.3693158546316,9009.927392612852
SRM,0.5,-5000,100,6,true,1053.3693157066473,9009.92739696654
SRM,0.5,-5000,100,7,true,1053.369315478868,9009.927403667798
SRM,0.5,-5000,100,8,true,1053.3693158596664,9009.927392464724
SRM,0.5,-5000,100,9,true,1053.3693154377818,9009.927404876556
SRM,0.5,-5000,100,10,true,1053.3693165807128,9009.92737125158
SRM,0.5,-5000,100,11,true,1053.369316006543,9009.92738814363
SRM,0.5,-5000,100,12,true,1053.3693159451504,9009.927389949795
SRM,0.5,-5000,100,13,true,1053.3693155181409,9009.92740251239
SRM,0.5,-5000,100,14,true,1053.3693162643149,9009.927380559991
SRM,0.5,-5000,100,15,true,1053.3693157229277,9009.927396487577
SRM,0.5,-5000,100,16,false,1053.3693155493647,9009.927401593786
SRM,0.5,-5000,100,17,true,1053.3693160997625,9009.927385401115
SRM,0.5,-5000,100,18,true,1053.369315976649,9009.92738902311
SRM,0.5,-5000,100,19,true,1053.3693165707577,9009.927371544456
SRM,0.5,-5000,100,20,true,1053.369317145966,9009.927354621856
SRM,0.5,-5000,100,21,true,1053.3693154682778,9009.92740397936
SRM,0.5,-5000,100,22,true,1053.3693156337106,9009.92739911234
SRM,0.5,-5000,100,23,true,1053.369315781007,9009.927394778892
SRM,0.5,-5000,100,24,true,1053.369315441982,9009.927404752983
SRM,0.5,-5000,100,25,true,1053.3693160331422,9009.927387361076
SRM,0.5,-5000,100,26,true,1053.3693175055967,9009.927344041544
SRM,0.5,-5000,100,27,true,1053.3693175545457,9009.927342601464
SRM,0.5,-5000,100,28,true,1053.369316695742,9009.927367867425
SRM,0.5,-5000,100,29,true,1053.3693166374787,9009.927369581532
SRM,0.5,-5000,100,30,true,1053.36931741744,9009.927346635106
SRM,0.5,-5000,100,31,true,1053.369315643703,9009.92739881837
SRM,0.5,-5000,100,32,true,1053.3693165259601,9009.927372862405
SRM,0.5,-5000,100,33,true,1053.3693159304155,9009.927390383291
SRM,0.5,-5000,100,34,true,1053.3693167268468,9009.92736695233
SRM,0.5,-5000,100,35,true,1053.3693169871485,9009.927359294259
SRM,0.5,-5000,100,36,true,1053.3693165362,9009.92737256114
SRM,0.5,-5000,100,37,true,1053.3693155085894,9009.927402793397
SRM,0.5,-5000,100,38,true,1053.3693159118059,9009.92739093079
SRM,0.5,-5000,100,39,true,1053.3693167650827,9009.927365827429
SRM,0.5,-5000,100,40,true,1053.3693162425482,9009.927381200356
SRM,0.5,-5000,100,41,true,1053.3693165701236,9009.927371563115
SRM,0.5,-5000,100,42,true,1053.3693166315527,9009.927369755873
SRM,0.5,-5000,100,43,true,1053.3693160360551,9009.927387275382
SRM,0.5,-5000,100,44,true,1053.3693167588156,9009.927366011801
SRM,0.5,-5000,100,45,false,1053.3693174589316,9009.927345414426
SRM,0.5,-5000,100,46,true,1053.369315461859,9009.927404168207
SRM,0.5,-5000,100,47,true,1053.369315703061,9009.927397072048
SRM,0.5,-5000,100,48,true,1053.3693172772548,9009.927350759352
SRM,0.5,-5000,100,49,true,1053.3693173146125,9009.927349660291
SRM,0.5,-5000,100,50,true,1053.369317483094,9009.927344703572
SRM,0.5,-5000,100,51,true,1053.369316414534,9009.927376140546
SRM,0.5,-5000,100,52,true,1053.3693167620781,9009.92736591582
SRM,0.5,-5000,100,53,true,1053.3693157918153,9009.927394460907
SRM,0.5,-5000,100,54,true,1053.3693175491512,9009.927342760177
SRM,0.5,-5000,100,55,true,1053.3693154394098,9009.927404828659
SRM,0.5,-5000,100,56,true,1053.3693158187314,9009.927393669039
SRM,0.5,-5000,100,57,true,1053.3693156921204,9009.927397393929
SRM,0.5,-5000,100,58,true,1053.3693154842113,9009.927403510597
SRM,0.5,-5000,100,59,true,1053.3693154455555,9009.927404647851
SRM,0.5,-5000,100,60,true,1053.3693154637658,9009.927404112097
SRM,0.5,-5000,100,61,true,1053.3693170156319,9009.927358456276
SRM,0.5,-5000,100,62,true,1053.3693157536484,9009.927395583778
SRM,0.5,-5000,100,63,true,1053.369317214773,9009.92735259756
SRM,0.5,-5000,100,64,true,1053.3693154634618,9009.927404121041
SRM,0.5,-5000,100,65,true,1053.3693157101993,9009.927396862045
SRM,0.5,-5000,100,66,true,1053.3693157926834,9009.92739443537
SRM,0.5,-5000,100,67,true,1053.3693155149508,9009.927402606252
SRM,0.5,-5000,100,68,true,1053.369315436195,9009.927404923232
SRM,0.5,-5000,100,69,true,1053.3693175543065,9009.927342608504
SRM,0.5,-5000,100,70,true,1053.3693161888593,9009.92738277989
SRM,0.5,-5000,100,71,true,1053.3693174002199,9009.92734714172
SRM,0.5,-5000,100,72,true,1053.3693176323025,9009.927340313865
SRM,0.5,-5000,100,73,true,1053.3693174592468,9009.927345405153
SRM,0.5,-5000,100,74,true,1053.3693175159888,9009.927343735812
SRM,0.5,-5000,100,75,true,1053.3693164321223,9009.927375623101
SRM,0.5,-5000,100,76,true,1053.3693159105974,9009.92739096634
SRM,0.5,-5000,100,77,true,1053.3693176389654,9009.927340117849
SRM,0.5,-5000,100,78,true,1053.3693154270613,9009.927405191947
SRM,0.5,-5000,100,79,true,1053.3693168952434,9009.927361998105
SRM,0.5,-5000,100,80,true,1053.3693162693808,9009.927380410954
SRM,0.5,-5000,100,81,true,1053.3693159252202,9009.927390536135
SRM,0.5,-5000,100,82,true,1053.3693168794853,9009.927362461713
SRM,0.5,-5000,100,83,true,1053.3693156695006,9009.927398059395
SRM,0.5,-5000,100,84,true,1053.369315671788,9009.9273979921
SRM,0.5,-5000,100,85,true,1053.3693162179452,9009.927381924184
SRM,0.5,-5000,100,86,true,1053.3693159303064,9009.927390386501
SRM,0.5,-5000,100,87,true,1053.3693159790614,9009.927388952132
SRM,0.5,-5000,100,88,true,1053.3693175627225,9009.927342360907
SRM,0.5,-5000,100,89,true,1053.3693166174392,9009.92737017109
SRM,0.5,-5000,100,90,false,1053.3693162939376,9009.92737968849
SRM,0.5,-5000,100,91,false,1053.3693173116965,9009.927349746078
SRM,0.5,-5000,100,92,true,1053.3693154268415,9009.927405198414
SRM,0.5,-5000,100,93,true,1053.369317558584,9009.927342482653
SRM,0.5,-5000,100,94,true,1053.369315435256,9009.927404950855
SRM,0.5,-5000,100,95,true,1053.3693160037456,9009.927388225928
SRM,0.5,-5000,100,96,true,1053.369315638673,9009.927398966342
SRM,0.5,-5000,100,97,true,1053.3693167426472,9009.927366487482
SRM,0.5,-5000,100,98,true,1053.3693165980847,9009.927370740505
SRM,0.5,-5000,100,99,true,1053.3693176010402,9009.927341233597
SRM,0.5,-5000,100,100,true,1053.3693165671116,9009.927371651725
SRM,0.5,-5000,100,101,true,1053.3693154647444,9009.927404083313
SRM,0.5,-5000,100,102,true,1053.3693161047984,9009.927385252957
SRM,0.5,-5000,100,103,true,1053.3693159905602,9009.927388613844
SRM,0.5,-5000,100,104,true,1053.3693154254643,9009.927405238934
SRM,0.5,-5000,100,105,true,1053.3693165131797,9009.927373238397
SRM,0.5,-5000,100,106,true,1053.3693154262928,9009.927405214554
SRM,0.5,-5000,100,107,true,1053.3693171064713,9009.927355783795
SRM,0.5,-5000,100,108,true,1053.3693160486828,9009.927386903883
SRM,0.5,-5000,100,109,true,1053.369316989222,9009.927359233257
SRM,0.5,-5000,100,110,true,1053.3693156567767,9009.92739843373
SRM,0.5,-5000,100,111,true,1053.3693175853693,9009.927341694638
SRM,0.5,-5000,100,112,true,1053.3693163170453,9009.927379008663
SRM,0.5,-5000,100,113,true,1053.3693173554796,9009.92734845798
SRM,0.5,-5000,100,114,true,1053.369315563333,9009.927401182844
SRM,0.5,-5000,100,115,true,1053.369316432083,9009.927375624258
SRM,0.5,-5000,100,116,true,1053.36931668482,9009.927368188753
SRM,0.5,-5000,100,117,true,1053.3693161961567,9009.927382565204
SRM,0.5,-5000,100,118,true,1053.369315424715,9009.927405260978
SRM,0.5,-5000,100,119,true,1053.3693172495541,9009.927351574295
SRM,0.5,-5000,100,120,true,1053.3693154941582,9009.927403217962
SRM,0.5,-5000,100,121,true,1053.369316516368,9009.927373144605
SRM,0.5,-5000,100,122,true,1053.3693165101022,9009.927373328937
SRM,0.5,-5000,100,123,true,1053.3693175956155,9009.927341393195
SRM,0.5,-5000,100,124,true,1053.369316450704,9009.927375076433
SRM,0.5,-5000,100,125,true,1053.3693161545748,9009.92738378854
SRM,0.5,-5000,100,126,true,1053.369316317756,9009.927378987753
SRM,0.5,-5000,100,127,true,1053.3693175052006,9009.927344053196
SRM,1,5000,-100,0,true,1021.7919035231835,9938.933284533436
SRM,1,5000,-100,1,false,1021.7919037414432,9938.933278112245
SRM,1,5000,-100,2,true,1021.7919034598971,9938.933286395322
SRM,1,5000,-100,3,true,1021.7919034680855,9938.933286154417
SRM,1,5000,-100,4,true,1021.7919034481195,9938.933286741818
SRM,1,5000,-100,5,false,1021.7919036383955,9938.933281143907
SRM,1,5000,-100,6,true,1021.7919035726268,9938.933283078815
SRM,1,5000,-100,7,true,1021.7919034714167,9938.933286056412
SRM,1,5000,-100,8,false,1021.7919036406195,9938.933281078474
SRM,1,5000,-100,9,true,1021.7919034531609,9938.933286593496
SRM,1,5000,-100,10,true,1021.7919039610221,9938.933271652248
SRM,1,5000,-100,11,true,1021.7919037058866,9938.933279158315
SRM,1,5000,-100,12,true,1021.791903678612,9938.933279960733
SRM,1,5000,-100,13,true,1021.7919034888679,9938.933285542998
SRM,1,5000,-100,14,false,1021.7919038204154,9938.933275788891
SRM,1,5000,-100,15,true,1021.7919035798599,9938.933282866019
SRM,1,5000,-100,16,true,1021.7919035027405,9938.933285134863
SRM,1,5000,-100,17,true,1021.7919037473243,9938.933277939219
SRM,1,5000,-100,18,true,1021.7919036926014,9938.933279549172
SRM,1,5000,-100,19,true,1021.7919039566232,9938.933271781661
SRM,1,5000,-100,20,true,1021.7919042122298,9938.933264261732
SRM,1,5000,-100,21,true,1021.79190346671,9938.93328619488
SRM,1,5000,-100,22,true,1021.7919035402207,9938.933284032202
SRM,1,5000,-100,23,true,1021.7919036056746,9938.93328210655
SRM,1,5000,-100,24,true,1021.7919034550259,9938.933286538635
SRM,1,5000,-100,25,true,1021.7919037177098,9938.933278810482
SRM,1,5000,-100,26,true,1021.7919043720411,9938.933259560086
SRM,1,5000,-100,27,true,1021.7919043937869,9938.933258920326
SRM,1,5000,-100,28,true,1021.7919040121119,9938.93327014918
SRM,1,5000,-100,29,true,1021.7919039862254,9938.93327091077
SRM,1,5000,-100,30,true,1021.7919043328302,9938.933260713673
SRM,1,5000,-100,31,true,1021.7919035446599,9938.933283901599
SRM,1,5000,-100,32,true,1021.7919039367016,9938.933272367753
SRM,1,5000,-100,33,true,1021.7919036720584,9938.93328015354
SRM,1,5000,-100,34,true,1021.7919040259713,9938.933269741443
SRM,1,5000,-100,35,true,1021.7919041415969,9938.933266339742
SRM,1,5000,-100,36,true,1021.7919039412545,9938.933272233806
SRM,1,5000,-100,37,true,1021.7919034846243,9938.933285667847
SRM,1,5000,-100,38,false,1021.7919036637894,9938.933280396817
SRM,1,5000,-100,39,true,1021.7919040429493,9938.933269241947
SRM,1,5000,-100,40,true,1021.7919038107635,9938.93327607285
SRM,1,5000,-100,41,true,1021.7919039563315,9938.933271790249
SRM,1,5000,-100,42,true,1021.7919039836358,9938.933270986952
SRM,1,5000,-100,43,true,1021.7919037190036,9938.933278772423
SRM,1,5000,-100,44,false,1021.7919040401764,9938.933269323528
SRM,1,5000,-100,45,true,1021.7919043513012,9938.933260170248
SRM,1,5000,-100,46,true,1021.7919034638578,9938.933286278794
SRM,1,5000,-100,47,true,1021.7919035710433,9938.933283125398
SRM,1,5000,-100,48,true,1021.7919042705233,9938.93326254673
SRM,1,5000,-100,49,false,1021.791904287164,9938.933262057162
SRM,1,5000,-100,50,true,1021.7919043619967,9938.933259855592
SRM,1,5000,-100,51,true,1021.7919038871939,9938.93327382427
SRM,1,5000,-100,52,true,1021.7919040416186,9938.933269281102
SRM,1,5000,-100,53,false,1021.791903610472,9938.933281965405
SRM,1,5000,-100,54,true,1021.7919043913217,9938.93325899285
SRM,1,5000,-100,55,true,1021.791903453884,9938.933286572224
SRM,1,5000,-100,56,true,1021.7919036224428,9938.933281613236
SRM,1,5000,-100,57,true,1021.7919035661803,9938.933283268474
SRM,1,5000,-100,58,true,1021.7919034737922,9938.933285986519
SRM,1,5000,-100,59,true,1021.7919034566132,9938.933286491927
SRM,1,5000,-100,60,true,1021.7919034647057,9938.933286253852
SRM,1,5000,-100,61,true,1021.7919041542608,9938.933265967173
SRM,1,5000,-100,62,false,1021.7919035935095,9938.93328246445
SRM,1,5000,-100,63,false,1021.7919042427972,9938.933263362436
SRM,1,5000,-100,64,true,1021.791903464571,9938.933286257812
SRM,1,5000,-100,65,true,1021.7919035742053,9938.933283032378
SRM,1,5000,-100,66,true,1021.7919036108563,9938.933281954109
SRM,1,5000,-100,67,true,1021.791903487449,9938.933285584739
SRM,1,5000,-100,68,true,1021.7919034524538,9938.933286614294
SRM,1,5000,-100,69,true,1021.7919043936835,9938.933258923365
SRM,1,5000,-100,70,false,1021.7919037869092,9938.933276774644
SRM,1,5000,-100,71,true,1021.7919043252168,9938.933260937652
SRM,1,5000,-100,72,true,1021.7919044282647,9938.933257905994
SRM,1,5000,-100,73,true,1021.7919043513962,9938.933260167458
SRM,1,5000,-100,74,true,1021.7919043765846,9938.933259426418
SRM,1,5000,-100,75,true,1021.7919038949954,9938.93327359475
SRM,1,5000,-100,76,true,1021.7919036632479,9938.933280412744
SRM,1,5000,-100,77,true,1021.7919044312283,9938.933257818802
SRM,1,5000,-100,78,true,1021.7919034483963,9938.93328673367
SRM,1,5000,-100,79,true,1021.7919041007982,9938.933267540042
SRM,1,5000,-100,80,true,1021.7919038226984,9938.933275721723
SRM,1,5000,-100,81,true,1021.7919036697522,9938.93328022139
SRM,1,5000,-100,82,false,1021.791904093756,9938.93326774722
SRM,1,5000,-100,83,true,1021.7919035561226,9938.933283564362
SRM,1,5000,-100,84,false,1021.7919035571367,9938.933283534532
SRM,1,5000,-100,85,true,1021.7919037998232,9938.933276394713
SRM,1,5000,-100,86,true,1021.791903672005,9938.933280155119
SRM,1,5000,-100,87,false,1021.7919036936909,9938.933279517112
SRM,1,5000,-100,88,true,1021.7919043973681,9938.933258814965
SRM,1,5000,-100,89,true,1021.7919039773657,9938.933271171423
SRM,1,5000,-100,90,true,1021.7919038335995,9938.933275401012
SRM,1,5000,-100,91,true,1021.791904285848,9938.933262095881
SRM,1,5000,-100,92,true,1021.791903448297,9938.933286736592
SRM,1,5000,-100,93,false,1021.7919043955743,9938.933258867737
SRM,1,5000,-100,94,true,1021.7919034520377,9938.933286626543
SRM,1,5000,-100,95,true,1021.7919037046595,9938.933279194429
SRM,1,5000,-100,96,true,1021.7919035424261,9938.933283967317
SRM,1,5000,-100,97,false,1021.7919040330027,9938.933269534584
SRM,1,5000,-100,98,false,1021.791903968737,9938.933271425272
SRM,1,5000,-100,99,true,1021.791904414436,9938.933258312829
SRM,1,5000,-100,100,false,1021.7919039549748,9938.933271830163
SRM,1,5000,-100,101,true,1021.7919034651395,9938.93328624109
SRM,1,5000,-100,102,true,1021.7919037495634,9938.933277873348
SRM,1,5000,-100,103,false,1021.7919036987972,9938.93327936689
SRM,1,5000,-100,104,true,1021.791903447687,9938.933286754538
SRM,1,5000,-100,105,true,1021.7919039310336,9938.933272534505
SRM,1,5000,-100,106,true,1021.7919034480539,9938.933286743748
SRM,1,5000,-100,107,true,1021.7919041946403,9938.933264779213
SRM,1,5000,-100,108,true,1021.7919037246244,9938.933278607052
SRM,1,5000,-100,109,true,1021.7919041425328,9938.933266312208
SRM,1,5000,-100,110,true,1021.7919035504723,9938.933283730601
SRM,1,5000,-100,111,true,1021.791904407476,9938.933258517593
SRM,1,5000,-100,112,true,1021.7919038438702,9938.93327509885
SRM,1,5000,-100,113,true,1021.791904305269,9938.933261524522
SRM,1,5000,-100,114,true,1021.7919035089501,9938.933284952189
SRM,1,5000,-100,115,true,1021.7919038949756,9938.933273595332
SRM,1,5000,-100,116,false,1021.7919040072716,9938.933270291585
SRM,1,5000,-100,117,true,1021.7919037901377,9938.93327667966
SRM,1,5000,-100,118,true,1021.7919034473535,9938.933286764344
SRM,1,5000,-100,119,true,1021.7919042582542,9938.933262907693
SRM,1,5000,-100,120,false,1021.7919034782117,9938.933285856507
SRM,1,5000,-100,121,true,1021.791903932442,9938.93327249307
SRM,1,5000,-100,122,true,1021.7919039296393,9938.933272575528
SRM,1,5000,-100,123,true,1021.7919044119848,9938.933258384943
SRM,1,5000,-100,124,true,1021.7919039032384,9938.933273352233
SRM,1,5000,-100,125,true,1021.7919037716608,9938.933277223245
SRM,1,5000,-100,126,false,1021.791903844164,9938.933275090205
SRM,1,5000,-100,127,true,1021.7919043718091,9938.933259566913
SRM,1,0,0,0,true,1195.1362812851353,4839.15035799571
SRM,1,0,0,1,true,1195.1362814912375,4839.150351932191
SRM,1,0,0,2,true,1195.1362812253747,4839.150359753863
SRM,1,0,0,3,false,1195.1362812331063,4839.150359526399
SRM,1,0,0,4,true,1195.136281214254,4839.150360081033
SRM,1,0,0,5,true,1195.1362813939281,4839.1503547950315
SRM,1,0,0,6,true,1195.1362813318246,4839.150356622113
SRM,1,0,0,7,true,1195.1362812362509,4839.150359433888
SRM,1,0,0,8,true,1195.1362813960284,4839.150354733243
SRM,1,0,0,9,true,1195.136281219012,4839.150359941051
SRM,1,0,0,10,false,1195.1362816985798,4839.150345832191
SRM,1,0,0,11,true,1195.1362814576617,4839.150352919991
SRM,1,0,0,12,true,1195.1362814319045,4839.150353677766
SRM,1,0,0,13,true,1195.1362812527307,4839.150358949053
SRM,1,0,0,14,true,1195.1362815658104,4839.150349738265
SRM,1,0,0,15,true,1195.1362813386568,4839.150356421108
SRM,1,0,0,16,true,1195.1362812658328,4839.150358563586
SRM,1,0,0,17,true,1195.1362814967895,4839.1503517688525
SRM,1,0,0,18,true,1195.1362814451163,4839.150353289076
SRM,1,0,0,19,true,1195.1362816944243,4839.15034595445
SRM,1,0,0,20,true,1195.13628193579,4839.150338853479
SRM,1,0,0,21,true,1195.136281231809,4839.150359564566
SRM,1,0,0,22,false,1195.1362813012247,4839.150357522363
SRM,1,0,0,23,true,1195.1362813630287,4839.150355704086
SRM,1,0,0,24,true,1195.1362812207735,4839.15035988923
SRM,1,0,0,25,false,1195.1362814688234,4839.150352591619
SRM,1,0,0,26,false,1195.136282086695,4839.150334413864
SRM,1,0,0,27,false,1195.1362821072291,4839.15033380975
SRM,1,0,0,28,true,1195.1362817468262,4839.150344412788
SRM,1,0,0,29,false,1195.1362817223837,4839.150345131882
SRM,1,0,0,30,true,1195.1362820496743,4839.150335503009
SRM,1,0,0,31,true,1195.136281305415,4839.150357399082
SRM,1,0,0,32,true,1195.1362816756125,4839.1503465078895
SRM,1,0,0,33,true,1195.1362814257177,4839.150353859783
SRM,1,0,0,34,true,1195.1362817599115,4839.150344027817
SRM,1,0,0,35,false,1195.136281869098,4839.150340815558
SRM,1,0,0,36,true,1195.1362816799149,4839.150346381316
SRM,1,0,0,37,false,1195.1362812487228,4839.150359066963
SRM,1,0,0,38,true,1195.1362814179065,4839.150354089587
SRM,1,0,0,39,false,1195.1362817759446,4839.150343556128
SRM,1,0,0,40,true,1195.1362815566915,4839.150350006539
SRM,1,0,0,41,true,1195.1362816941503,4839.150345962512
SRM,1,0,0,42,false,1195.1362817199308,4839.150345204047
SRM,1,0,0,43,true,1195.136281470047,4839.150352555617
SRM,1,0,0,44,true,1195.136281773323,4839.150343633255
SRM,1,0,0,45,true,1195.1362820671116,4839.150334990004
SRM,1,0,0,46,true,1195.136281229114,4839.150359643853
SRM,1,0,0,47,true,1195.1362813303267,4839.15035666618
SRM,1,0,0,48,true,1195.1362819908404,4839.1503372339
SRM,1,0,0,49,true,1195.13628200655,4839.150336771726
SRM,1,0,0,50,true,1195.1362820772154,4839.150334692753
SRM,1,0,0,51,true,1195.1362816288645,4839.150347883212
SRM,1,0,0,52,true,1195.1362817746856,4839.150343593164
SRM,1,0,0,53,false,1195.1362813675596,4839.150355570791
SRM,1,0,0,54,true,1195.1362821049106,4839.150333877962
SRM,1,0,0,55,true,1195.1362812196985,4839.150359920856
SRM,1,0,0,56,true,1195.1362813788614,4839.150355238292
SRM,1,0,0,57,true,1195.1362813257335,4839.150356801313
SRM,1,0,0,58,true,1195.1362812384943,4839.150359367884
SRM,1,0,0,59,false,1195.1362812222744,4839.150359845071
SRM,1,0,0,60,true,1195.1362812299164,4839.150359620246
SRM,1,0,0,61,true,1195.136281881055,4839.150340463776
SRM,1,0,0,62,false,1195.1362813515434,4839.150356041987
SRM,1,0,0,63,false,1195.136281964654,4839.150338004301
SRM,1,0,0,64,true,1195.1362812297862,4839.150359624075
SRM,1,0,0,65,true,1195.1362813333171,4839.150356578202
SRM,1,0,0,66,false,1195.1362813679239,4839.150355560074
SRM,1,0,0,67,true,1195.1362812513923,4839.150358988426
SRM,1,0,0,68,true,1195.1362812183456,4839.15035996066
SRM,1,0,0,69,true,1195.1362821071318,4839.150333812613
SRM,1,0,0,70,true,1195.136281534168,4839.150350669186
SRM,1,0,0,71,true,1195.1362820424806,4839.150335714647
SRM,1,0,0,72,true,1195.1362821397952,4839.150332851657
SRM,1,0,0,73,false,1195.1362820672061,4839.150334987224
SRM,1,0,0,74,true,1195.136282090994,4839.1503342873875
SRM,1,0,0,75,true,1195.1362816362316,4839.150347666471
SRM,1,0,0,76,false,1195.1362814173965,4839.15035410459
SRM,1,0,0,77,true,1195.1362821425935,4839.150332769333
SRM,1,0,0,78,false,1195.1362812145155,4839.150360073341
SRM,1,0,0,79,true,1195.1362818305681,4839.150341949103
SRM,1,0,0,80,true,1195.136281567962,4839.1503496749665
SRM,1,0,0,81,true,1195.136281423538,4839.150353923907
SRM,1,0,0,82,true,1195.1362818239224,4839.150342144619
SRM,1,0,0,83,true,1195.136281316239,4839.150357080636
SRM,1,0,0,84,true,1195.1362813171984,4839.150357052419
SRM,1,0,0,85,false,1195.1362815463642,4839.150350310367
SRM,1,0,0,86,true,1195.1362814256677,4839.1503538612515
SRM,1,0,0,87,false,1195.1362814461415,4839.150353258916
SRM,1,0,0,88,true,1195.1362821106175,4839.150333710068
SRM,1,0,0,89,true,1195.1362817140118,4839.150345378185
SRM,1,0,0,90,false,1195.136281578258,4839.150349372058
SRM,1,0,0,91,true,1195.1362820053082,4839.1503368082585
SRM,1,0,0,92,true,1195.1362812144232,4839.150360076055
SRM,1,0,0,93,true,1195.1362821089172,4839.150333760087
SRM,1,0,0,94,true,1195.1362812179539,4839.150359972184
SRM,1,0,0,95,true,1195.1362814564995,4839.150352954184
SRM,1,0,0,96,true,1195.1362813033068,4839.150357461105
SRM,1,0,0,97,true,1195.1362817665477,4839.15034383258
SRM,1,0,0,98,false,1195.136281705865,4839.1503456178625
SRM,1,0,0,99,true,1195.1362821267298,4839.15033323604
SRM,1,0,0,100,true,1195.1362816928706,4839.150346000158
SRM,1,0,0,101,true,1195.1362812303269,4839.150359608174
SRM,1,0,0,102,true,1195.1362814989016,4839.150351706719
SRM,1,0,0,103,false,1195.1362814509632,4839.15035311706
SRM,1,0,0,104,true,1195.1362812138468,4839.150360093013
SRM,1,0,0,105,true,1195.1362816702595,4839.150346665376
SRM,1,0,0,106,true,1195.1362812141917,4839.150360082865
SRM,1,0,0,107,true,1195.1362819191836,4839.150339342041
SRM,1,0,0,108,true,1195.1362814753538,4839.15035239949
SRM,1,0,0,109,true,1195.1362818699806,4839.1503407895925
SRM,1,0,0,110,false,1195.1362813109026,4839.150357237635
SRM,1,0,0,111,true,1195.1362821201571,4839.1503334294075
SRM,1,0,0,112,true,1195.1362815879547,4839.150349086775
SRM,1,0,0,113,true,1195.1362820236504,4839.150336268631
SRM,1,0,0,114,true,1195.1362812716936,4839.150358391162
SRM,1,0,0,115,true,1195.1362816362127,4839.150347667031
SRM,1,0,0,116,true,1195.1362817422546,4839.150344547283
SRM,1,0,0,117,true,1195.1362815372172,4839.150350579473
SRM,1,0,0,118,true,1195.1362812135299,4839.150360102339
SRM,1,0,0,119,true,1195.1362819792494,4839.150337574906
SRM,1,0,0,120,true,1195.1362812426703,4839.150359245029
SRM,1,0,0,121,false,1195.136281671591,4839.150346626205
SRM,1,0,0,122,true,1195.1362816689484,4839.150346703943
SRM,1,0,0,123,true,1195.1362821244215,4839.150333303949
SRM,1,0,0,124,true,1195.1362816440187,4839.150347437378
SRM,1,0,0,125,true,1195.1362815197715,4839.150351092726
SRM,1,0,0,126,true,1195.1362815882346,4839.150349078546
SRM,1,0,0,127,true,1195.1362820864824,4839.150334420118
SRM,1,-5000,100,0,false,1320,1312.7657499998306
SRM,1,-5000,100,1,false,1320,1312.7657499998306
SRM,1,-5000,100,2,false,1320,1312.7657499998309
SRM,1,-5000,100,3,false,1320,1312.7657499998309
SRM,1,-5000,100,4,false,1320,1312.765749999831
SRM,1,-5000,100,5,false,1320,1312.7657499998309
SRM,1,-5000,100,6,false,1320,1312.7657499998309
SRM,1,-5000,100,7,false,1320,1312.765749999831
SRM,1,-5000,100,8,false,1320,1312.7657499998306
SRM,1,-5000,100,9,false,1320,1312.7657499998306
SRM,1,-5000,100,10,false,1320,1312.7657499998306
SRM,1,-5000,100,11,false,1320,1312.7657499998306
SRM,1,-5000,100,12,false,1320,1312.7657499998306
SRM,1,-5000,100,13,false,1320,1312.7657499998309
SRM,1,-5000,100,14,false,1320,1312.7657499998309
SRM,1,-5000,100,15,false,1320,1312.7657499998306
SRM,1,-5000,100,16,false,1320,1312.7657499998306
SRM,1,-5000,100,17,false,1320,1312.7657499998306
SRM,1,-5000,100,18,false,1320,1312.7657499998313
SRM,1,-5000,100,19,false,1320,1312.7657499998306
SRM,1,-5000,100,20,false,1320,1312.7657499998309
SRM,1,-5000,100,21,false,1320,1312.7657499998309
SRM,1,-5000,100,22,false,1320,1312.7657499998309
SRM,1,-5000,100,23,false,1320,1312.7657499998313
SRM,1,-5000,100,24,false,1320,1312.7657499998306
SRM,1,-5000,100,25,false,1320,1312.7657499998309
SRM,1,-5000,100,26,false,1320,1312.7657499998309
SRM,1,-5000,100,27,false,1320,1312.7657499998309
SRM,1,-5000,100,28,false,1320,1312.7657499998309
SRM,1,-5000,100,29,false,1320,1312.7657499998313
SRM,1,-5000,100,30,false,1320,1312.7657499998309
SRM,1,-5000,100,31,false,1320,1312.765749999831
SRM,1,-5000,100,32,false,1320,1312.7657499998309
SRM,1,-5000,100,33,false,1320,1312.7657499998309
SRM,1,-5000,100,34,false,1320,1312.7657499998309
SRM,1,-5000,100,35,false,1320,1312.7657499998309
SRM,1,-5000,100,36,false,1320,1312.7657499998313
SRM,1,-5000,100,37,false,1320,1312.7657499998313
SRM,1,-5000,100,38,false,1320,1312.7657499998309
SRM,1,-5000,100,39,false,1320,1312.7657499998306
SRM,1,-5000,100,40,false,1320,1312.7657499998309
SRM,1,-5000,100,41,false,1320,1312.7657499998309
SRM,1,-5000,100,42,false,1320,1312.7657499998306
SRM,1,-5000,100,43,false,1320,1312.7657499998306
SRM,1,-5000,100,44,false,1320,1312.765749999831
SRM,1,-5000,100,45,false,1320,1312.7657499998306
SRM,1,-5000,100,46,false,1320,1312.7657499998306
SRM,1,-5000,100,47,false,1320,1312.7657499998309
SRM,1,-5000,100,48,false,1320,1312.7657499998306
SRM,1,-5000,100,49,false,1320,1312.7657499998306
SRM,1,-5000,100,50,false,1320,1312.765749999831
SRM,1,-5000,100,51,false,1320,1312.765749999831
SRM,1,-5000,100,52,false,1320,1312.7657499998306
SRM,1,-5000,100,53,false,1320,1312.7657499998306
SRM,1,-5000,100,54,false,1320,1312.7657499998306
SRM,1,-5000,100,55,false,1320,1312.7657499998306
SRM,1,-5000,100,56,false,1320,1312.7657499998306
SRM,1,-5000,100,57,false,1320,1312.7657499998306
SRM,1,-5000,100,58,false,1320,1312.7657499998306
SRM,1,-5000,100,59,false,1320,1312.7657499998306
SRM,1,-5000,100,60,false,1320,1312.7657499998306
SRM,1,-5000,100,61,false,1320,1312.7657499998306
SRM,1,-5000,100,62,false,1320,1312.7657499998309
SRM,1,-5000,100,63,false,1320,1312.7657499998306
SRM,1,-5000,100,64,false,1320,1312.7657499998306
SRM,1,-5000,100,65,false,1320,1312.765749999831
SRM,1,-5000,100,66,false,1320,1312.7657499998309
SRM,1,-5000,100,67,false,1320,1312.7657499998309
SRM,1,-5000,100,68,false,1320,1312.7657499998306
SRM,1,-5000,100,69,false,1320,1312.7657499998306
SRM,1,-5000,100,70,false,1320,1312.7657499998309
SRM,1,-5000,100,71,false,1320,1312.7657499998309
SRM,1,-5000,100,72,false,1320,1312.7657499998306
SRM,1,-5000,100,73,false,1320,1312.7657499998309
SRM,1,-5000,100,74,false,1320,1312.7657499998306
SRM,1,-5000,100,75,false,1320,1312.7657499998309
SRM,1,-5000,100,76,false,1320,1312.7657499998309
SRM,1,-5000,100,77,false,1320,1312.7657499998306
SRM,1,-5000,100,78,false,1320,1312.7657499998313
SRM,1,-5000,100,79,false,1320,1312.7657499998306
SRM,1,-5000,100,80,false,1320,1312.7657499998306
SRM,1,-5000,100,81,false,1320,1312.7657499998306
SRM,1,-5000,100,82,false,1320,1312.7657499998306
SRM,1,-5000,100,83,false,1320,1312.7657499998309
SRM,1,-5000,100,84,false,1320,1312.7657499998309
SRM,1,-5000,100,85,false,1320,1312.765749999831
SRM,1,-5000,100,86,false,1320,1312.7657499998309
SRM,1,-5000,100,87,false,1320,1312.7657499998313
SRM,1,-5000,100,88,false,1320,1312.7657499998309
SRM,1,-5000,100,89,false,1320,1312.7657499998309
SRM,1,-5000,100,90,false,1320,1312.7657499998309
SRM,1,-5000,100,91,false,1320,1312.7657499998306
SRM,1,-5000,100,92,false,1320,1312.7657499998313
SRM,1,-5000,100,93,false,1320,1312.765749999831
SRM,1,-5000,100,94,false,1320,1312.7657499998313
SRM,1,-5000,100,95,false,1320,1312.7657499998309
SRM,1,-5000,100,96,false,1320,1312.765749999831
SRM,1,-5000,100,97,false,1320,1312.7657499998309
SRM,1,-5000,100,98,false,1320,1312.7657499998309
SRM,1,-5000,100,99,false,1320,1312.765749999831
SRM,1,-5000,100,100,false,1320,1312.7657499998306
SRM,1,-5000,100,101,false,1320,1312.7657499998306
SRM,1,-5000,100,102,false,1320,1312.7657499998309
SRM,1,-5000,100,103,false,1320,1312.765749999831
SRM,1,-5000,100,104,false,1320,1312.7657499998315
SRM,1,-5000,100,105,false,1320,1312.7657499998309
SRM,1,-5000,100,106,false,1320,1312.7657499998306
SRM,1,-5000,100,107,false,1320,1312.7657499998309
SRM,1,-5000,100,108,false,1320,1312.7657499998309
SRM,1,-5000,100,109,false,1320,1312.7657499998306
SRM,1,-5000,100,110,false,1320,1312.7657499998306
SRM,1,-5000,100,111,false,1320,1312.765749999831
SRM,1,-5000,100,112,false,1320,1312.765749999831
SRM,1,-5000,100,113,false,1320,1312.7657499998306
SRM,1,-5000,100,114,false,1320,1312.7657499998309
SRM,1,-5000,100,115,false,1320,1312.7657499998309
SRM,1,-5000,100,116,false,1320,1312.7657499998306
SRM,1,-5000,100,117,false,1320,1312.7657499998309
SRM,1,-5000,100,118,false,1320,1312.7657499998306
SRM,1,-5000,100,119,false,1320,1312.7657499998306
SRM,1,-5000,100,120,false,1320,1312.7657499998309
SRM,1,-5000,100,121,false,1320,1312.7657499998306
SRM,1,-5000,100,122,false,1320,1312.7657499998309
SRM,1,-5000,100,123,false,1320,1312.7657499998309
SRM,1,-5000,100,124,false,1320,1312.7657499998306
SRM,1,-5000,100,125,false,1320,1312.7657499998306
SRM,1,-5000,100,126,false,1320,1312.7657499998309
SRM,1,-5000,100,127,false,1320,1312.765749999831
SRM,1.1,5000,-100,0,false,1078.7339831565582,8263.700148823536
SRM,1.1,5000,-100,1,true,1078.7339837395543,8263.700131671827
SRM,1.1,5000,-100,2,true,1078.7339829875493,8263.700153795777
SRM,1.1,5000,-100,3,true,1078.7339830094243,8263.700153152215
SRM,1.1,5000,-100,4,false,1078.7339829560906,8263.700154721288
SRM,1.1,5000,-100,5,true,1078.733983464241,8263.700139771527
SRM,1.1,5000,-100,6,true,1078.7339832886928,8263.700144936149
SRM,1.1,5000,-100,7,false,1078.733983018317,8263.700152890588
SRM,1.1,5000,-100,8,true,1078.733983470311,8263.70013959295
SRM,1.1,5000,-100,9,true,1078.7339829695522,8263.700154325246
SRM,1.1,5000,-100,10,true,1078.7339843260725,8263.700114416491
SRM,1.1,5000,-100,11,true,1078.7339836446222,8263.70013446472
SRM,1.1,5000,-100,12,true,1078.7339835717235,8263.700136609401
SRM,1.1,5000,-100,13,false,1078.7339830649255,8263.700151519368
SRM,1.1,5000,-100,14,true,1078.7339839506485,8263.70012546144
SRM,1.1,5000,-100,15,true,1078.7339833080155,8263.700144367676
SRM,1.1,5000,-100,16,true,1078.7339831019963,8263.700150428742
SRM,1.1,5000,-100,17,true,1078.7339837551551,8263.700131212849
SRM,1.1,5000,-100,18,false,1078.7339836091473,8263.70013550839
SRM,1.1,5000,-100,19,true,1078.7339843140885,8263.700114769055
SRM,1.1,5000,-100,20,true,1078.7339849966975,8263.700094686736
SRM,1.1,5000,-100,21,true,1078.7339830057492,8263.700153260334
SRM,1.1,5000,-100,22,true,1078.7339832020984,8263.700147483749
SRM,1.1,5000,-100,23,false,1078.733983376905,8263.70014234095
SRM,1.1,5000,-100,24,true,1078.7339829745365,8263.70015417861
SRM,1.1,5000,-100,25,true,1078.7339836761716,8263.700133536535
SRM,1.1,5000,-100,26,false,1078.7339854234772,8263.700082130892
SRM,1.1,5000,-100,27,false,1078.7339854816069,8263.700080420727
SRM,1.1,5000,-100,28,true,1078.733984462757,8263.700110395237
SRM,1.1,5000,-100,29,true,1078.7339843935902,8263.700112430124
SRM,1.1,5000,-100,30,true,1078.7339853191093,8263.700085201392
SRM,1.1,5000,-100,31,true,1078.7339832139614,8263.700147134743
SRM,1.1,5000,-100,32,false,1078.7339842610265,8263.700116330137
SRM,1.1,5000,-100,33,true,1078.7339835542755,8263.700137122722
SRM,1.1,5000,-100,34,true,1078.7339844994146,8263.700109316771
SRM,1.1,5000,-100,35,false,1078.733984808637,8263.700100219467
SRM,1.1,5000,-100,36,true,1078.7339842731549,8263.700115973328
SRM,1.1,5000,-100,37,true,1078.733983053582,8263.70015185309
SRM,1.1,5000,-100,38,false,1078.7339835321827,8263.700137772688
SRM,1.1,5000,-100,39,true,1078.7339845448782,8263.700107979235
SRM,1.1,5000,-100,40,true,1078.733983924676,8263.700126225549
SRM,1.1,5000,-100,41,false,1078.7339843133977,8263.700114789375
SRM,1.1,5000,-100,42,true,1078.7339843862567,8263.70011264587
SRM,1.1,5000,-100,43,true,1078.7339836796218,8263.700133435033
SRM,1.1,5000,-100,44,false,1078.7339845373574,8263.700108200494
SRM,1.1,5000,-100,45,true,1078.7339853681212,8263.700083759466
SRM,1.1,5000,-100,46,true,1078.7339829981297,8263.700153484499
SRM,1.1,5000,-100,47,true,1078.7339832843643,8263.700145063494
SRM,1.1,5000,-100,48,true,1078.733985152842,8263.700090092963
SRM,1.1,5000,-100,49,false,1078.733985196892,8263.700088797019
SRM,1.1,5000,-100,50,true,1078.733985397087,8263.700082907295
SRM,1.1,5000,-100,51,true,1078.7339841287458,8263.700120221829
SRM,1.1,5000,-100,52,true,1078.7339845412812,8263.700108085059
SRM,1.1,5000,-100,53,false,1078.7339833897645,8263.70014196262
SRM,1.1,5000,-100,54,true,1078.733985475674,8263.700080595268
SRM,1.1,5000,-100,55,true,1078.7339829714856,8263.700154268367
SRM,1.1,5000,-100,56,true,1078.7339834216414,8263.700141024812
SRM,1.1,5000,-100,57,true,1078.7339832713872,8263.700145445278
SRM,1.1,5000,-100,58,false,1078.7339830246517,8263.700152704216
SRM,1.1,5000,-100,59,false,1078.7339829787816,8263.700154053724
SRM,1.1,5000,-100,60,true,1078.7339830003896,8263.700153418014
SRM,1.1,5000,-100,61,false,1078.733984842392,8263.700099226395
SRM,1.1,5000,-100,62,true,1078.7339833444894,8263.700143294616
SRM,1.1,5000,-100,63,true,1078.7339850784176,8263.700092282535
SRM,1.1,5000,-100,64,true,1078.7339830000337,8263.700153428481
SRM,1.1,5000,-100,65,false,1078.7339832929047,8263.700144812236
SRM,1.1,5000,-100,66,false,1078.7339833908072,8263.700141931948
SRM,1.1,5000,-100,67,true,1078.7339830611518,8263.700151630394
SRM,1.1,5000,-100,68,true,1078.7339829676678,8263.700154380682
SRM,1.1,5000,-100,69,true,1078.7339854813094,8263.70008042947
SRM,1.1,5000,-100,70,false,1078.7339838609382,8263.700128100716
SRM,1.1,5000,-100,71,true,1078.7339852984117,8263.700085810327
SRM,1.1,5000,-100,72,true,1078.7339855744012,8263.700077690712
SRM,1.1,5000,-100,73,true,1078.7339853688034,8263.7000837394
SRM,1.1,5000,-100,74,true,1078.7339854363233,8263.700081752968
SRM,1.1,5000,-100,75,true,1078.7339841497171,8263.700119604857
SRM,1.1,5000,-100,76,true,1078.7339835307819,8263.700137813894
SRM,1.1,5000,-100,77,true,1078.7339855822916,8263.700077458583
SRM,1.1,5000,-100,78,true,1078.7339829568286,8263.70015469957
SRM,1.1,5000,-100,79,false,1078.7339846992827,8263.700103436668
SRM,1.1,5000,-100,80,true,1078.733983956443,8263.70012529097
SRM,1.1,5000,-100,81,true,1078.7339835480918,8263.700137304637
SRM,1.1,5000,-100,82,false,1078.7339846808588,8263.70010397869
SRM,1.1,5000,-100,83,true,1078.7339832445891,8263.700146233678
SRM,1.1,5000,-100,84,true,1078.7339832473197,8263.700146153344
SRM,1.1,5000,-100,85,true,1078.73398389553,8263.70012708303
SRM,1.1,5000,-100,86,true,1078.7339835541773,8263.700137125614
SRM,1.1,5000,-100,87,true,1078.7339836118972,8263.700135427489
SRM,1.1,5000,-100,88,true,1078.7339854916736,8263.70008012456
SRM,1.1,5000,-100,89,false,1078.7339843694947,8263.70011313901
SRM,1.1,5000,-100,90,true,1078.7339839856643,8263.700124431283
SRM,1.1,5000,-100,91,true,1078.7339851935765,8263.70008889456
SRM,1.1,5000,-100,92,false,1078.7339829565672,8263.700154707267
SRM,1.1,5000,-100,93,false,1078.7339854864524,8263.700080278164
SRM,1.1,5000,-100,94,false,1078.7339829665539,8263.700154413458
SRM,1.1,5000,-100,95,false,1078.7339836411984,8263.700134565446
SRM,1.1,5000,-100,96,false,1078.7339832079872,8263.700147310501
SRM,1.1,5000,-100,97,false,1078.7339845180993,8263.700108767074
SRM,1.1,5000,-100,98,true,1078.733984346723,8263.700113808953
SRM,1.1,5000,-100,99,true,1078.733985536869,8263.70007879491
SRM,1.1,5000,-100,100,true,1078.7339843099544,8263.700114890687
SRM,1.1,5000,-100,101,true,1078.7339830015578,8263.700153383646
SRM,1.1,5000,-100,102,true,1078.7339837611232,8263.700131037278
SRM,1.1,5000,-100,103,false,1078.7339836255671,8263.70013502533
SRM,1.1,5000,-100,104,true,1078.7339829549346,8263.700154755294
SRM,1.1,5000,-100,105,true,1078.7339842457802,8263.700116778684
SRM,1.1,5000,-100,106,false,1078.7339829559146,8263.700154726463
SRM,1.1,5000,-100,107,false,1078.7339849501018,8263.700096057582
SRM,1.1,5000,-100,108,true,1078.733983694545,8263.700132995991
SRM,1.1,5000,-100,109,false,1078.733984810998,8263.700100150008
SRM,1.1,5000,-100,110,true,1078.7339832294613,8263.700146678735
SRM,1.1,5000,-100,111,true,1078.7339855182493,8263.700079342703
SRM,1.1,5000,-100,112,true,1078.7339840130685,8263.700123625047
SRM,1.1,5000,-100,113,true,1078.7339852457771,8263.700087358822
SRM,1.1,5000,-100,114,true,1078.7339831185504,8263.700149941731
SRM,1.1,5000,-100,115,true,1078.733984149684,8263.700119605832
SRM,1.1,5000,-100,116,true,1078.7339844497087,8263.700110779118
SRM,1.1,5000,-100,117,false,1078.7339838696914,8263.700127843198
SRM,1.1,5000,-100,118,false,1078.7339829540442,8263.700154781493
SRM,1.1,5000,-100,119,false,1078.7339851196812,8263.700091068562
SRM,1.1,5000,-100,120,false,1078.733983036458,8263.700152356883
SRM,1.1,5000,-100,121,true,1078.7339842496285,8263.700116665466
SRM,1.1,5000,-100,122,true,1078.733984242315,8263.70011688063
SRM,1.1,5000,-100,123,false,1078.73398553071,8263.70007897611
SRM,1.1,5000,-100,124,true,1078.7339841718588,8263.700118953444
SRM,1.1,5000,-100,125,false,1078.7339838203422,8263.70012929505
SRM,1.1,5000,-100,126,false,1078.7339840140585,8263.700123595929
SRM,1.1,5000,-100,127,true,1078.7339854233992,8263.700082133191
SRM,1.1,0,0,0,false,1253.7041359190926,3116.087003057416
SRM,1.1,0,0,1,true,1253.7041363943943,3116.0869890740614
SRM,1.1,0,0,2,true,1253.7041357813036,3116.0870071111594
SRM,1.1,0,0,3,true,1253.7041357991363,3116.0870065865197
SRM,1.1,0,0,4,false,1253.7041357556577,3116.0870078656612
SRM,1.1,0,0,5,false,1253.70413616994,3116.0869956774945
SRM,1.1,0,0,6,false,1253.704136026819,3116.086999888108
SRM,1.1,0,0,7,false,1253.7041358063905,3116.0870063731054
SRM,1.1,0,0,8,false,1253.7041361748857,3116.0869955319954
SRM,1.1,0,0,9,true,1253.704135766631,3116.0870075428265
SRM,1.1,0,0,10,true,1253.7041368725659,3116.086975006277
SRM,1.1,0,0,11,true,1253.7041363169972,3116.08699135108
SRM,1.1,0,0,12,true,1253.7041362575653,3116.086993099562
SRM,1.1,0,0,13,true,1253.7041358443892,3116.0870052551854
SRM,1.1,0,0,14,true,1253.7041365664886,3116.0869840110554
SRM,1.1,0,0,15,true,1253.7041360425706,3116.0869994247
SRM,1.1,0,0,16,true,1253.7041358746087,3116.0870043661284
SRM,1.1,0,0,17,false,1253.7041364071165,3116.0869886997766
SRM,1.1,0,0,18,true,1253.7041362880757,3116.0869922019483
SRM,1.1,0,0,19,true,1253.7041368628006,3116.0869752935705
SRM,1.1,0,0,20,true,1253.7041374193163,3116.0869589209055
SRM,1.1,0,0,21,true,1253.704135796144,3116.087006674552
SRM,1.1,0,0,22,true,1253.7041359562204,3116.0870019651156
SRM,1.1,0,0,23,true,1253.7041360987353,3116.0869977723373
SRM,1.1,0,0,24,true,1253.7041357706948,3116.08700742327
SRM,1.1,0,0,25,true,1253.7041363427186,3116.0869905943587
SRM,1.1,0,0,26,true,1253.7041377672595,3116.0869486844376
SRM,1.1,0,0,27,false,1253.7041378146516,3116.0869472901627
SRM,1.1,0,0,28,true,1253.7041369839937,3116.086971728075
SRM,1.1,0,0,29,true,1253.7041369276058,3116.086973387007
SRM,1.1,0,0,30,true,1253.7041376821626,3116.0869511879846
SRM,1.1,0,0,31,true,1253.7041359658915,3116.0870016805925
SRM,1.1,0,0,32,true,1253.7041368195366,3116.0869765663956
SRM,1.1,0,0,33,true,1253.7041362433397,3116.086993518081
SRM,1.1,0,0,34,false,1253.7041370138888,3116.086970848563
SRM,1.1,0,0,35,true,1253.704137265981,3116.086963432023
SRM,1.1,0,0,36,true,1253.7041368294254,3116.0869762754705
SRM,1.1,0,0,37,true,1253.7041358351398,3116.087005527299
SRM,1.1,0,0,38,true,1253.704136225328,3116.086994047981
SRM,1.1,0,0,39,true,1253.7041370509532,3116.0869697581293
SRM,1.1,0,0,40,true,1253.7041365453194,3116.0869846338533
SRM,1.1,0,0,41,true,1253.704136862236,3116.0869753101815
SRM,1.1,0,0,42,true,1253.7041369216358,3116.086973562642
SRM,1.1,0,0,43,false,1253.7041363455319,3116.0869905115906
SRM,1.1,0,0,44,true,1253.7041370448242,3116.0869699384475
SRM,1.1,0,0,45,true,1253.7041377221278,3116.0869500122067
SRM,1.1,0,0,46,false,1253.7041357899293,3116.0870068573913
SRM,1.1,0,0,47,false,1253.7041360232897,3116.086999991942
SRM,1.1,0,0,48,true,1253.7041375466056,3116.086955176063
SRM,1.1,0,0,49,true,1253.704137582528,3116.0869541192296
SRM,1.1,0,0,50,false,1253.7041377457326,3116.0869493177556
SRM,1.1,0,0,51,true,1253.704136711694,3116.086979739121
SRM,1.1,0,0,52,true,1253.7041370480208,3116.086969844402
SRM,1.1,0,0,53,true,1253.7041361092183,3116.0869974639236
SRM,1.1,0,0,54,true,1253.704137809797,3116.0869474329875
SRM,1.1,0,0,55,true,1253.70413576821,3116.087007496371
SRM,1.1,0,0,56,false,1253.7041361352099,3116.0869966992527
SRM,1.1,0,0,57,true,1253.704136012712,3116.0870003031337
SRM,1.1,0,0,58,true,1253.7041358115541,3116.087006221191
SRM,1.1,0,0,59,true,1253.7041357741546,3116.0870073214833
SRM,1.1,0,0,60,true,1253.7041357917733,3116.0870068031413
SRM,1.1,0,0,61,true,1253.7041372935007,3116.086962622397
SRM,1.1,0,0,62,true,1253.7041360723053,3116.086998549903
SRM,1.1,0,0,63,true,1253.7041374859393,3116.086956960863
SRM,1.1,0,0,64,true,1253.7041357914813,3116.0870068117306
SRM,1.1,0,0,65,true,1253.7041360302521,3116.0869997871077
SRM,1.1,0,0,66,false,1253.704136110069,3116.086997438901
SRM,1.1,0,0,67,false,1253.70413584131,3116.087005345773
SRM,1.1,0,0,68,true,1253.704135765096,3116.087007587986
SRM,1.1,0,0,69,false,1253.7041378144088,3116.086947297308
SRM,1.1,0,0,70,false,1253.704136493355,3116.0869861626434
SRM,1.1,0,0,71,true,1253.7041376652983,3116.086951684131
SRM,1.1,0,0,72,true,1253.7041378902843,3116.0869450650534
SRM,1.1,0,0,73,true,1253.704137722674,3116.0869499961395
SRM,1.1,0,0,74,true,1253.7041377777152,3116.0869483768297
SRM,1.1,0,0,75,true,1253.7041367287875,3116.0869792362296
SRM,1.1,0,0,76,true,1253.704136224185,3116.0869940816106
SRM,1.1,0,0,77,false,1253.7041378967183,3116.086944875765
SRM,1.1,0,0,78,true,1253.7041357562603,3116.0870078479334
SRM,1.1,0,0,79,true,1253.7041371768378,3116.0869660546155
SRM,1.1,0,0,80,true,1253.7041365712203,3116.086983871851
SRM,1.1,0,0,81,true,1253.704136238298,3116.0869936664085
SRM,1.1,0,0,82,true,1253.704137161807,3116.086966496818
SRM,1.1,0,0,83,true,1253.7041359908603,3116.0870009460114
SRM,1.1,0,0,84,true,1253.7041359930868,3116.0870008805086
SRM,1.1,0,0,85,false,1253.7041365215548,3116.0869853330073
SRM,1.1,0,0,86,true,1253.7041362432587,3116.0869935204623
SRM,1.1,0,0,87,true,1253.7041362903205,3116.0869921359076
SRM,1.1,0,0,88,true,1253.704137822845,3116.0869470491125
SRM,1.1,0,0,89,true,1253.7041369079716,3116.0869739646437
SRM,1.1,0,0,90,true,1253.7041365950408,3116.0869831710493
SRM,1.1,0,0,91,true,1253.7041375798199,3116.0869541989005
SRM,1.1,0,0,92,true,1253.7041357560465,3116.0870078542207
SRM,1.1,0,0,93,true,1253.7041378186,3116.086947174003
SRM,1.1,0,0,94,true,1253.7041357641863,3116.0870076147503
SRM,1.1,0,0,95,true,1253.7041363142093,3116.0869914330992
SRM,1.1,0,0,96,true,1253.7041359610205,3116.087001823897
SRM,1.1,0,0,97,false,1253.7041370291256,3116.086970400299
SRM,1.1,0,0,98,true,1253.7041368893997,3116.0869745110276
SRM,1.1,0,0,99,true,1253.7041378597023,3116.0869459647733
SRM,1.1,0,0,100,true,1253.704136859424,3116.0869753929146
SRM,1.1,0,0,101,false,1253.7041357927242,3116.0870067751675
SRM,1.1,0,0,102,true,1253.7041364119802,3116.0869885566844
SRM,1.1,0,0,103,true,1253.704136301465,3116.086991808036
SRM,1.1,0,0,104,true,1253.7041357547137,3116.0870078934327
SRM,1.1,0,0,105,true,1253.70413680711,3116.0869769319875
SRM,1.1,0,0,106,true,1253.7041357555158,3116.0870078698354
SRM,1.1,0,0,107,true,1253.7041373813177,3116.086960038828
SRM,1.1,0,0,108,true,1253.704136357701,3116.0869901535802
SRM,1.1,0,0,109,true,1253.7041372679091,3116.0869633752986
SRM,1.1,0,0,110,false,1253.7041359785294,3116.087001308788
SRM,1.1,0,0,111,true,1253.7041378445222,3116.086946411371
SRM,1.1,0,0,112,true,1253.7041366173844,3116.0869825137047
SRM,1.1,0,0,113,false,1253.704137622369,3116.0869529471065
SRM,1.1,0,0,114,true,1253.704135888106,3116.0870039690367
SRM,1.1,0,0,115,false,1253.7041367287602,3116.086979237035
SRM,1.1,0,0,116,true,1253.7041369733593,3116.086972040941
SRM,1.1,0,0,117,true,1253.7041365004902,3116.086985952725
SRM,1.1,0,0,118,true,1253.7041357539879,3116.0870079147867
SRM,1.1,0,0,119,true,1253.7041375195806,3116.0869559711373
SRM,1.1,0,0,120,false,1253.7041358211786,3116.0870059380377
SRM,1.1,0,0,121,true,1253.704136810245,3116.0869768397542
SRM,1.1,0,0,122,false,1253.704136804278,3116.086977015302
SRM,1.1,0,0,123,true,1253.7041378546703,3116.086946112814
SRM,1.1,0,0,124,true,1253.7041367468348,3116.086978705279
SRM,1.1,0,0,125,true,1253.7041364602553,3116.0869871364325
SRM,1.1,0,0,126,true,1253.7041366181843,3116.086982490171
SRM,1.1,0,0,127,true,1253.7041377671828,3116.086948686693
SRM,1.1,-5000,100,0,false,1320,1312.7657499998309
SRM,1.1,-5000,100,1,false,1320,1312.765749999831
SRM,1.1,-5000,100,2,false,1320,1312.7657499998309
SRM,1.1,-5000,100,3,false,1320,1312.7657499998309
SRM,1.1,-5000,100,4,false,1320,1312.765749999831
SRM,1.1,-5000,100,5,false,1320,1312.7657499998313
SRM,1.1,-5000,100,6,false,1320,1312.7657499998306
SRM,1.1,-5000,100,7,false,1320,1312.7657499998306
SRM,1.1,-5000,100,8,false,1320,1312.7657499998313
SRM,1.1,-5000,100,9,false,1320,1312.7657499998315
SRM,1.1,-5000,100,10,false,1320,1312.765749999831
SRM,1.1,-5000,100,11,false,1320,1312.7657499998309
SRM,1.1,-5000,100,12,false,1320,1312.7657499998306
SRM,1.1,-5000,100,13,false,1320,1312.7657499998309
SRM,1.1,-5000,100,14,false,1320,1312.7657499998306
SRM,1.1,-5000,100,15,false,1320,1312.765749999831
SRM,1.1,-5000,100,16,false,1320,1312.7657499998309
SRM,1.1,-5000,100,17,false,1320,1312.7657499998309
SRM,1.1,-5000,100,18,false,1320,1312.7657499998309
SRM,1.1,-5000,100,19,false,1320,1312.7657499998309
SRM,1.1,-5000,100,20,false,1320,1312.7657499998309
SRM,1.1,-5000,100,21,false,1320,1312.7657499998309
SRM,1.1,-5000,100,22,false,1320,1312.7657499998309
SRM,1.1,-5000,100,23,false,1320,1312.765749999831
SRM,1.1,-5000,100,24,false,1320,1312.7657499998306
SRM,1.1,-5000,100,25,false,1320,1312.7657499998306
SRM,1.1,-5000,100,26,false,1320,1312.7657499998309
SRM,1.1,-5000,100,27,false,1320,1312.7657499998309
SRM,1.1,-5000,100,28,false,1320,1312.765749999831
SRM,1.1,-5000,100,29,false,1320,1312.7657499998306
SRM,1.1,-5000,100,30,false,1320,1312.7657499998313
SRM,1.1,-5000,100,31,false,1320,1312.7657499998309
SRM,1.1,-5000,100,32,false,1320,1312.7657499998309
SRM,1.1,-5000,100,33,false,1320,1312.7657499998309
SRM,1.1,-5000,100,34,false,1320,1312.7657499998309
SRM,1.1,-5000,100,35,false,1320,1312.7657499998306
SRM,1.1,-5000,100,36,false,1320,1312.7657499998313
SRM,1.1,-5000,100,37,false,1320,1312.7657499998306
SRM,1.1,-5000,100,38,false,1320,1312.7657499998309
SRM,1.1,-5000,100,39,false,1320,1312.7657499998306
SRM,1.1,-5000,100,40,false,1320,1312.7657499998309
SRM,1.1,-5000,100,41,false,1320,1312.7657499998309
SRM,1.1,-5000,100,42,false,1320,1312.7657499998306
SRM,1.1,-5000,100,43,false,1320,1312.7657499998309
SRM,1.1,-5000,100,44,false,1320,1312.7657499998309
SRM,1.1,-5000,100,45,false,1320,1312.7657499998306
SRM,1.1,-5000,100,46,false,1320,1312.7657499998309
SRM,1.1,-5000,100,47,false,1320,1312.7657499998309
SRM,1.1,-5000,100,48,false,1320,1312.7657499998309
SRM,1.1,-5000,100,49,false,1320,1312.765749999831
SRM,1.1,-5000,100,50,false,1320,1312.765749999831
SRM,1.1,-5000,100,51,false,1320,1312.7657499998306
SRM,1.1,-5000,100,52,false,1320,1312.7657499998313
SRM,1.1,-5000,100,53,false,1320,1312.7657499998309
SRM,1.1,-5000,100,54,false,1320,1312.7657499998306
SRM,1.1,-5000,100,55,false,1320,1312.7657499998306
SRM,1.1,-5000,100,56,false,1320,1312.765749999831
SRM,1.1,-5000,100,57,false,1320,1312.7657499998309
SRM,1.1,-5000,100,58,false,1320,1312.7657499998309
SRM,1.1,-5000,100,59,false,1320,1312.7657499998306
SRM,1.1,-5000,100,60,false,1320,1312.7657499998309
SRM,1.1,-5000,100,61,false,1320,1312.7657499998309
SRM,1.1,-5000,100,62,false,1320,1312.7657499998309
SRM,1.1,-5000,100,63,false,1320,1312.7657499998309
SRM,1.1,-5000,100,64,false,1320,1312.7657499998306
SRM,1.1,-5000,100,65,false,1320,1312.7657499998309
SRM,1.1,-5000,100,66,false,1320,1312.7657499998306
SRM,1.1,-5000,100,67,false,1320,1312.7657499998306
SRM,1.1,-5000,100,68,false,1320,1312.7657499998306
SRM,1.1,-5000,100,69,false,1320,1312.765749999831
SRM,1.1,-5000,100,70,false,1320,1312.7657499998306
SRM,1.1,-5000,100,71,false,1320,1312.7657499998313
SRM,1.1,-5000,100,72,false,1320,1312.7657499998309
SRM,1.1,-5000,100,73,false,1320,1312.7657499998309
SRM,1.1,-5000,100,74,false,1320,1312.765749999831
SRM,1.1,-5000,100,75,false,1320,1312.7657499998306
SRM,1.1,-5000,100,76,false,1320,1312.7657499998306
SRM,1.1,-5000,100,77,false,1320,1312.7657499998306
SRM,1.1,-5000,100,78,false,1320,1312.7657499998309
SRM,1.1,-5000,100,79,false,1320,1312.7657499998309
SRM,1.1,-5000,100,80,false,1320,1312.7657499998309
SRM,1.1,-5000,100,81,false,1320,1312.7657499998309
SRM,1.1,-5000,100,82,false,1320,1312.7657499998306
SRM,1.1,-5000,100,83,false,1320,1312.7657499998309
SRM,1.1,-5000,100,84,false,1320,1312.7657499998306
SRM,1.1,-5000,100,85,false,1320,1312.7657499998309
SRM,1.1,-5000,100,86,false,1320,1312.7657499998309
SRM,1.1,-5000,100,87,false,1320,1312.7657499998306
SRM,1.1,-5000,100,88,false,1320,1312.765749999831
SRM,1.1,-5000,100,89,false,1320,1312.7657499998306
SRM,1.1,-5000,100,90,false,1320,1312.7657499998313
SRM,1.1,-5000,100,91,false,1320,1312.7657499998309
SRM,1.1,-5000,100,92,false,1320,1312.7657499998309
SRM,1.1,-5000,100,93,false,1320,1312.7657499998309
SRM,1.1,-5000,100,94,false,1320,1312.7657499998309
SRM,1.1,-5000,100,95,false,1320,1312.7657499998309
SRM,1.1,-5000,100,96,false,1320,1312.7657499998306
SRM,1.1,-5000,100,97,false,1320,1312.7657499998313
SRM,1.1,-5000,100,98,false,1320,1312.7657499998309
SRM,1.1,-5000,100,99,false,1320,1312.7657499998313
SRM,1.1,-5000,100,100,false,1320,1312.765749999831
SRM,1.1,-5000,100,101,false,1320,1312.7657499998313
SRM,1.1,-5000,100,102,false,1320,1312.7657499998309
SRM,1.1,-5000,100,103,false,1320,1312.7657499998309
SRM,1.1,-5000,100,104,false,1320,1312.7657499998309
SRM,1.1,-5000,100,105,false,1320,1312.7657499998309
SRM,1.1,-5000,100,106,false,1320,1312.7657499998306
SRM,1.1,-5000,100,107,false,1320,1312.765749999831
SRM,1.1,-5000,100,108,false,1320,1312.7657499998306
SRM,1.1,-5000,100,109,false,1320,1312.7657499998306
SRM,1.1,-5000,100,110,false,1320,1312.7657499998309
SRM,1.1,-5000,100,111,false,1320,1312.765749999831
SRM,1.1,-5000,100,112,false,1320,1312.7657499998306
SRM,1.1,-5000,100,113,false,1320,1312.7657499998309
SRM,1.1,-5000,100,114,false,1320,1312.7657499998306
SRM,1.1,-5000,100,115,false,1320,1312.7657499998306
SRM,1.1,-5000,100,116,false,1320,1312.7657499998313
SRM,1.1,-5000,100,117,false,1320,1312.7657499998309
SRM,1.1,-5000,100,118,false,1320,1312.7657499998306
SRM,1.1,-5000,100,119,false,1320,1312.7657499998309
SRM,1.1,-5000,100,120,false,1320,1312.7657499998306
SRM,1.1,-5000,100,121,false,1320,1312.765749999831
SRM,1.1,-5000,100,122,false,1320,1312.7657499998309
SRM,1.1,-5000,100,123,false,1320,1312.7657499998309
SRM,1.1,-5000,100,124,false,1320,1312.7657499998306
SRM,1.1,-5000,100,125,false,1320,1312.7657499998309
SRM,1.1,-5000,100,126,false,1320,1312.7657499998309
SRM,1.1,-5000,100,127,false,1320,1312.7657499998306
LRM,0.5,5000,-100,0,true,3381.554113862761,8714.263487284838
LRM,0.5,5000,-100,1,false,3381.554118933682,8714.259380731664
LRM,0.5,5000,-100,2,true,3381.554112392427,8714.265976434057
LRM,0.5,5000,-100,3,true,3381.554112582663,8714.265490557225
LRM,0.5,5000,-100,4,true,3381.554112118784,8714.267252964037
LRM,0.5,5000,-100,5,true,3381.5541165395616,8714.261005263514
LRM,0.5,5000,-100,6,true,3381.5541150114695,8714.26228363529
LRM,0.5,5000,-100,7,true,3381.554112660036,8714.265321265435
LRM,0.5,5000,-100,8,true,3381.554116591174,8714.260966184296
LRM,0.5,5000,-100,9,true,3381.5541122358773,8714.266519349714
LRM,0.5,5000,-100,10,true,3381.5541240352213,8714.256671258052
LRM,0.5,5000,-100,11,true,3381.554118107557,8714.259904030008
LRM,0.5,5000,-100,12,true,3381.554117473888,8714.26032977286
LRM,0.5,5000,-100,13,true,3381.554113065503,8714.26458079922
LRM,0.5,5000,-100,14,true,3381.554120768412,8714.258319226405
LRM,0.5,5000,-100,15,true,3381.554115179536,8714.26212897173
LRM,0.5,5000,-100,16,true,3381.554113387793,8714.26409886793
LRM,0.5,5000,-100,17,true,3381.55411907035,8714.259297228307
LRM,0.5,5000,-100,18,true,3381.5541177989007,8714.260108499975
LRM,0.5,5000,-100,19,true,3381.554123933094,8714.256719224075
LRM,0.5,5000,-100,20,true,3381.554129871754,8714.254200825539
LRM,0.5,5000,-100,21,true,3381.5541125507016,8714.265564413787
LRM,0.5,5000,-100,22,true,3381.5541142585917,8714.263037840774
LRM,0.5,5000,-100,23,true,3381.554115779306,8714.261608385095
LRM,0.5,5000,-100,24,true,3381.5541122792224,8714.26634674246
LRM,0.5,5000,-100,25,true,3381.554118382253,8714.259726337561
LRM,0.5,5000,-100,26,true,3381.5541335847156,8714.252831539332
LRM,0.5,5000,-100,27,true,3381.554134089919,8714.25265430665
LRM,0.5,5000,-100,28,true,3381.554125222134,8714.25612817177
LRM,0.5,5000,-100,29,true,3381.5541246207144,8714.25640022788
LRM,0.5,5000,-100,30,true,3381.5541326735893,8714.253156236915
LRM,0.5,5000,-100,31,true,3381.554114361733,8714.262927584237
LRM,0.5,5000,-100,32,false,3381.5541234702055,8714.256938965204
LRM,0.5,5000,-100,33,true,3381.5541173215993,8714.260435680706
LRM,0.5,5000,-100,34,false,3381.5541255442727,8714.255984996766
LRM,0.5,5000,-100,35,true,3381.554128230504,8714.25484969407
LRM,0.5,5000,-100,36,false,3381.5541235760143,8714.256888361593
LRM,0.5,5000,-100,37,true,3381.554112966906,8714.264743789292
LRM,0.5,5000,-100,38,true,3381.554117129513,8714.260571470559
LRM,0.5,5000,-100,39,true,3381.5541259386787,8714.255811841836
LRM,0.5,5000,-100,40,true,3381.554120544235,8714.258442661403
LRM,0.5,5000,-100,41,false,3381.5541239263093,8714.256722401586
LRM,0.5,5000,-100,42,false,3381.554124560683,8714.25642780512
LRM,0.5,5000,-100,43,true,3381.5541184123376,8714.259707112138
LRM,0.5,5000,-100,44,true,3381.5541258742956,8714.255839961483
LRM,0.5,5000,-100,45,true,3381.5541331028508,8714.253002443995
LRM,0.5,5000,-100,46,true,3381.554112484426,8714.265726382604
LRM,0.5,5000,-100,47,true,3381.5541149747137,8714.262318077355
LRM,0.5,5000,-100,48,true,3381.5541312259174,8714.253686739594
LRM,0.5,5000,-100,49,true,3381.554131612694,8714.253543224155
LRM,0.5,5000,-100,50,true,3381.5541333511833,8714.252914073793
LRM,0.5,5000,-100,51,true,3381.5541223199934,8714.257504651432
LRM,0.5,5000,-100,52,true,3381.5541259077704,8714.25582532982
LRM,0.5,5000,-100,53,true,3381.5541158907618,8714.261516352537
LRM,0.5,5000,-100,54,true,3381.5541340324207,8714.252674288591
LRM,0.5,5000,-100,55,true,3381.554112252678,8714.266449574823
LRM,0.5,5000,-100,56,true,3381.5541161689107,8714.261292379848
LRM,0.5,5000,-100,57,true,3381.554114861732,8714.262425211818
LRM,0.5,5000,-100,58,false,3381.55411271524,8714.265207512733
LRM,0.5,5000,-100,59,true,3381.554112316118,8714.26621574106
LRM,0.5,5000,-100,60,false,3381.554112504141,8714.26567685107
LRM,0.5,5000,-100,61,true,3381.554128524742,8714.254731100025
LRM,0.5,5000,-100,62,false,3381.554115496659,8714.261848046901
LRM,0.5,5000,-100,63,true,3381.5541305818983,8714.253928995655
LRM,0.5,5000,-100,64,true,3381.5541125009845,8714.26568468804
LRM,0.5,5000,-100,65,true,3381.5541150481613,8714.26224950534
LRM,0.5,5000,-100,66,true,3381.554115899682,8714.261509042119
LRM,0.5,5000,-100,67,true,3381.55411303252,8714.264634353427
LRM,0.5,5000,-100,68,true,3381.5541122194873,8714.266591755228
LRM,0.5,5000,-100,69,true,3381.5541340875247,8714.252655144983
LRM,0.5,5000,-100,70,true,3381.554119990007,8714.258754752347
LRM,0.5,5000,-100,71,true,3381.5541324968176,8714.253220087829
LRM,0.5,5000,-100,72,true,3381.5541348907095,8714.252377240491
LRM,0.5,5000,-100,73,true,3381.5541331049053,8714.253001648636
LRM,0.5,5000,-100,74,true,3381.5541336900314,8714.252794331764
LRM,0.5,5000,-100,75,true,3381.5541225011984,8714.257413528487
LRM,0.5,5000,-100,76,true,3381.55411711691,8714.260580452556
LRM,0.5,5000,-100,77,true,3381.55413495956,8714.252353650589
LRM,0.5,5000,-100,78,true,3381.554112125216,8714.267183457296
LRM,0.5,5000,-100,79,true,3381.5541272827304,8714.25523906643
LRM,0.5,5000,-100,80,true,3381.554120821554,8714.258290271298
LRM,0.5,5000,-100,81,true,3381.554117268034,8714.26047330142
LRM,0.5,5000,-100,82,true,3381.5541271189772,8714.255307440879
LRM,0.5,5000,-100,83,false,3381.554114628042,8714.262653868485
LRM,0.5,5000,-100,84,true,3381.5541146515857,8714.262630363664
LRM,0.5,5000,-100,85,true,3381.5541202900226,8714.25858451266
LRM,0.5,5000,-100,86,true,3381.5541173203537,8714.260436540026
LRM,0.5,5000,-100,87,true,3381.5541178242634,8714.26009154184
LRM,0.5,5000,-100,88,true,3381.5541341729495,8714.252625296731
LRM,0.5,5000,-100,89,true,3381.554124415021,8714.256494799876
LRM,0.5,5000,-100,90,true,3381.5541210747965,8714.258153114506
LRM,0.5,5000,-100,91,true,3381.5541315820337,8714.253554526347
LRM,0.5,5000,-100,92,true,3381.554112122922,8714.267206939961
LRM,0.5,5000,-100,93,true,3381.5541341314133,8714.252639828474
LRM,0.5,5000,-100,94,true,3381.554112209799,8714.266636916751
LRM,0.5,5000,-100,95,true,3381.554118079092,8714.25992270431
LRM,0.5,5000,-100,96,true,3381.554114309818,8714.262982762955
LRM,0.5,5000,-100,97,true,3381.554125707642,8714.255913004376
LRM,0.5,5000,-100,98,true,3381.554124214449,8714.256587624497
LRM,0.5,5000,-100,99,false,3381.55413456962,8714.252487808273
LRM,0.5,5000,-100,100,false,3381.5541238947153,8714.256737237276
LRM,0.5,5000,-100,101,true,3381.5541125142113,8714.265651995447
LRM,0.5,5000,-100,102,true,3381.5541191223806,8714.259265644272
LRM,0.5,5000,-100,103,true,3381.554117942883,8714.260012493534
LRM,0.5,5000,-100,104,true,3381.554112108704,8714.267394739689
LRM,0.5,5000,-100,105,true,3381.554123338567,8714.257002274942
LRM,0.5,5000,-100,106,true,3381.554112117262,8714.267271301038
LRM,0.5,5000,-100,107,true,3381.554129462953,8714.254359612905
LRM,0.5,5000,-100,108,true,3381.5541185429547,8714.259624163531
LRM,0.5,5000,-100,109,true,3381.554128252285,8714.254840900021
LRM,0.5,5000,-100,110,true,3381.5541144967733,8714.262786920504
LRM,0.5,5000,-100,111,true,3381.554134407933,8714.252543736373
LRM,0.5,5000,-100,112,true,3381.5541213134215,8714.258025613202
LRM,0.5,5000,-100,113,true,3381.5541320331413,8714.253388613495
LRM,0.5,5000,-100,114,true,3381.5541135320846,8714.263902763825
LRM,0.5,5000,-100,115,true,3381.554122500726,8714.257413760883
LRM,0.5,5000,-100,116,true,3381.5541251097197,8714.256178577949
LRM,0.5,5000,-100,117,true,3381.5541200649945,8714.258711887227
LRM,0.5,5000,-100,118,true,3381.5541121009846,8714.267636088727
LRM,0.5,5000,-100,119,true,3381.554130941034,8714.253793446185
LRM,0.5,5000,-100,120,true,3381.5541128179148,8714.265008669763
LRM,0.5,5000,-100,121,true,3381.5541233712424,8714.25698651517
LRM,0.5,5000,-100,122,false,3381.554123306075,8714.257017901884
LRM,0.5,5000,-100,123,true,3381.554134512546,8714.252507474268
LRM,0.5,5000,-100,124,true,3381.554122692693,8714.25731807111
LRM,0.5,5000,-100,125,false,3381.554119635708,8714.258959852463
LRM,0.5,5000,-100,126,true,3381.5541213201955,8714.258021973044
LRM,0.5,5000,-100,127,true,3381.5541335791336,8714.252833433553
LRM,0.5,0,0,0,true,3916.6172008887906,7977.837574979829
LRM,0.5,0,0,1,true,3916.6172068258484,7977.834276416624
LRM,0.5,0,0,2,true,3916.6171991673345,7977.839565546077
LRM,0.5,0,0,3,true,3916.617199390037,7977.839177525826
LRM,0.5,0,0,4,true,3916.617198846934,7977.840583738139
LRM,0.5,0,0,5,true,3916.617204022812,7977.835583446283
LRM,0.5,0,0,6,true,3916.6172022337005,7977.836610018747
LRM,0.5,0,0,7,true,3916.6171994806195,7977.8390422681605
LRM,0.5,0,0,8,true,3916.6172040832366,7977.8355520432115
LRM,0.5,0,0,9,true,3916.617198984047,7977.839998809989
LRM,0.5,0,0,10,true,3916.6172127987506,7977.832090379198
LRM,0.5,0,0,11,true,3916.617205858609,7977.834697745508
LRM,0.5,0,0,12,true,3916.617205116712,7977.835040313532
LRM,0.5,0,0,13,true,3916.6171999553653,7977.838450294487
LRM,0.5,0,0,14,true,3916.6172089739534,7977.833420888253
LRM,0.5,0,0,15,true,3916.617202430471,7977.836485912375
LRM,0.5,0,0,16,true,3916.6172003327065,7977.838064689909
LRM,0.5,0,0,17,true,3916.6172069858576,7977.834209154665
LRM,0.5,0,0,18,true,3916.61720549724,7977.834862294393
LRM,0.5,0,0,19,true,3916.6172126791917,7977.83212913762
LRM,0.5,0,0,20,true,3916.6172196321963,7977.830090668461
LRM,0.5,0,0,21,true,3916.6171993526464,7977.839236523927
LRM,0.5,0,0,22,true,3916.617201352219,7977.837214845337
LRM,0.5,0,0,23,true,3916.617203132692,7977.836067988266
LRM,0.5,0,0,24,true,3916.6171990347534,7977.839861100281
LRM,0.5,0,0,25,true,3916.6172061802326,7977.834554709451
LRM,0.5,0,0,26,false,3916.6172239793614,7977.828979660196
LRM,0.5,0,0,27,true,3916.617224570858,7977.828835723086
LRM,0.5,0,0,28,false,3916.6172141884,7977.831651310421
LRM,0.5,0,0,29,false,3916.6172134842473,7977.831871299563
LRM,0.5,0,0,30,false,3916.617222912595,7977.829243288496
LRM,0.5,0,0,31,true,3916.6172014729755,7977.837126464548
LRM,0.5,0,0,32,false,3916.617212137231,7977.832306702201
LRM,0.5,0,0,33,true,3916.617204938409,7977.835125504156
LRM,0.5,0,0,34,true,3916.61721456556,7977.831535496654
LRM,0.5,0,0,35,true,3916.6172177106114,7977.830616507362
LRM,0.5,0,0,36,true,3916.617212261113,7977.83226581565
LRM,0.5,0,0,37,true,3916.6171998399027,7977.838580649559
LRM,0.5,0,0,38,true,3916.6172047135087,7977.835234710689
LRM,0.5,0,0,39,true,3916.6172150273387,7977.831395419195
LRM,0.5,0,0,40,true,3916.6172087114874,7977.8335204259965
LRM,0.5,0,0,41,true,3916.6172126712368,7977.832131708098
LRM,0.5,0,0,42,true,3916.617213413975,7977.831893583189
LRM,0.5,0,0,43,true,3916.6172062154506,7977.834539231634
LRM,0.5,0,0,44,true,3916.6172149519502,7977.831418166864
LRM,0.5,0,0,45,true,3916.6172234151813,7977.829118430703
LRM,0.5,0,0,46,true,3916.6171992750064,7977.8393658886325
LRM,0.5,0,0,47,true,3916.617202190671,7977.836637647044
LRM,0.5,0,0,48,true,3916.6172212176602,7977.829673779651
LRM,0.5,0,0,49,true,3916.6172216705077,7977.829557339445
LRM,0.5,0,0,50,true,3916.617223705933,7977.829046688906
LRM,0.5,0,0,51,true,3916.6172107905595,7977.832763572422
LRM,0.5,0,0,52,true,3916.617214991153,7977.831406330776
LRM,0.5,0,0,53,true,3916.6172032631894,7977.835994077713
LRM,0.5,0,0,54,true,3916.6172245035214,7977.828851966872
LRM,0.5,0,0,55,true,3916.617199003721,7977.839943146174
LRM,0.5,0,0,56,true,3916.6172035888476,7977.835814159956
LRM,0.5,0,0,57,true,3916.617202058393,7977.836723596403
LRM,0.5,0,0,58,true,3916.6171995452473,7977.838951365209
LRM,0.5,0,0,59,true,3916.617199077952,7977.839756562272
LRM,0.5,0,0,60,false,3916.6171992981167,7977.839326329646
LRM,0.5,0,0,61,true,3916.617218055097,7977.830520432021
LRM,0.5,0,0,62,true,3916.617202801762,7977.836260425713
LRM,0.5,0,0,63,true,3916.6172204636364,7977.829870262111
LRM,0.5,0,0,64,true,3916.6171992944123,7977.8393325897305
LRM,0.5,0,0,65,true,3916.617202276661,7977.836582633766
LRM,0.5,0,0,66,false,3916.617203273624,7977.835988207152
LRM,0.5,0,0,67,true,3916.6171999167314,7977.838493130962
LRM,0.5,0,0,68,true,3916.617198964852,7977.840056567309
LRM,0.5,0,0,69,false,3916.6172245680523,7977.828836403579
LRM,0.5,0,0,70,true,3916.6172080626084,7977.833772040154
LRM,0.5,0,0,71,true,3916.61722270565,7977.829295108244
LRM,0.5,0,0,72,false,3916.617225508418,7977.828610658772
LRM,0.5,0,0,73,true,3916.6172234175874,7977.829117794251
LRM,0.5,0,0,74,true,3916.617224102654,7977.828949460283
LRM,0.5,0,0,75,true,3916.61721100271,7977.832690004006
LRM,0.5,0,0,76,true,3916.617204698766,7977.835241935407
LRM,0.5,0,0,77,true,3916.617225589023,7977.828591491211
LRM,0.5,0,0,78,true,3916.617198854459,7977.84052834474
LRM,0.5,0,0,79,true,3916.6172166009546,7977.83093183153
LRM,0.5,0,0,80,true,3916.617209036174,7977.8333975252835
LRM,0.5,0,0,81,true,3916.617204875703,7977.835155760835
LRM,0.5,0,0,82,true,3916.617216409237,7977.830987198572
LRM,0.5,0,0,83,true,3916.617201784784,7977.836906999108
LRM,0.5,0,0,84,true,3916.61720181235,7977.836888150469
LRM,0.5,0,0,85,true,3916.617208413852,7977.833634804873
LRM,0.5,0,0,86,true,3916.6172049369648,7977.83512619691
LRM,0.5,0,0,87,true,3916.617205526944,7977.834848642394
LRM,0.5,0,0,88,true,3916.6172246680603,7977.828812170692
LRM,0.5,0,0,89,true,3916.617213243429,7977.831947742581
LRM,0.5,0,0,90,true,3916.617209332677,7977.833286896042
LRM,0.5,0,0,91,true,3916.6172216346067,7977.829566513977
LRM,0.5,0,0,92,true,3916.617198851817,7977.840547059196
LRM,0.5,0,0,93,true,3916.6172246194305,7977.82882396504
LRM,0.5,0,0,94,true,3916.6171989534746,7977.8400925898995
LRM,0.5,0,0,95,true,3916.617205825284,7977.834712769903
LRM,0.5,0,0,96,true,3916.617201412202,7977.837170696724
LRM,0.5,0,0,97,true,3916.6172147568395,7977.831477256778
LRM,0.5,0,0,98,true,3916.617213008597,7977.832022783765
LRM,0.5,0,0,99,true,3916.617225132496,7977.828700476794
LRM,0.5,0,0,100,false,3916.6172126342503,7977.832143702512
LRM,0.5,0,0,101,true,3916.6171993099265,7977.839306479311
LRM,0.5,0,0,102,true,3916.617207046776,7977.8341837127755
LRM,0.5,0,0,103,true,3916.6172056658233,7977.834785032843
LRM,0.5,0,0,104,false,3916.6171988351516,7977.840696709564
LRM,0.5,0,0,105,true,3916.6172119831135,7977.83235784681
LRM,0.5,0,0,106,true,3916.617198845137,7977.8405983509265
LRM,0.5,0,0,107,true,3916.6172191535757,7977.830219393097
LRM,0.5,0,0,108,true,3916.6172063683825,7977.834472445146
LRM,0.5,0,0,109,true,3916.6172177361145,7977.830609380334
LRM,0.5,0,0,110,true,3916.6172016311,7977.837013688353
LRM,0.5,0,0,111,true,3916.6172249431866,7977.828745910309
LRM,0.5,0,0,112,true,3916.617209612053,7977.833184033595
LRM,0.5,0,0,113,true,3916.617222162764,7977.829431895961
LRM,0.5,0,0,114,false,3916.6172005016106,7977.837907707388
LRM,0.5,0,0,115,false,3916.6172110021635,7977.832690192129
LRM,0.5,0,0,116,true,3916.6172140567846,7977.83169207225
LRM,0.5,0,0,117,true,3916.617208150392,7977.8337374917655
LRM,0.5,0,0,118,true,3916.6171988260994,7977.840888973395
LRM,0.5,0,0,119,true,3916.617220884129,7977.8297603261235
LRM,0.5,0,0,120,true,3916.617199665458,7977.838792432941
LRM,0.5,0,0,121,true,3916.6172120213687,7977.832345117433
LRM,0.5,0,0,122,true,3916.617211945072,7977.832370478611
LRM,0.5,0,0,123,true,3916.617225065659,7977.828716461437
LRM,0.5,0,0,124,true,3916.6172112269214,7977.832612926173
LRM,0.5,0,0,125,true,3916.6172076477833,7977.833937346377
LRM,0.5,0,0,126,true,3916.6172096199875,7977.833181102993
LRM,0.5,0,0,127,true,3916.6172239728166,7977.828981210145
LRM,0.5,-5000,100,0,true,4739.054797937074,6765.183947744864
LRM,0.5,-5000,100,1,true,4739.054805644006,6765.18194605187
LRM,0.5,-5000,100,2,true,4739.054795702348,6765.18513626107
LRM,0.5,-5000,100,3,true,4739.054795991535,6765.184905764064
LRM,0.5,-5000,100,4,false,4739.05479528648,6765.185738344094
LRM,0.5,-5000,100,5,true,4739.054802005295,6765.182743908038
LRM,0.5,-5000,100,6,true,4739.054799682935,6765.183366271838
LRM,0.5,-5000,100,7,true,4739.054796109163,6765.184825279972
LRM,0.5,-5000,100,8,true,4739.054802083782,6765.182724822824
LRM,0.5,-5000,100,9,false,4739.0547954644735,6765.185392950588
LRM,0.5,-5000,100,10,true,4739.054813397513,6765.180598189508
LRM,0.5,-5000,100,11,true,4739.054804388453,6765.18220391574
LRM,0.5,-5000,100,12,true,4739.054803425303,6765.182413105348
LRM,0.5,-5000,100,13,true,4739.054796725317,6765.184472217959
LRM,0.5,-5000,100,14,true,4739.054808432577,6765.181420540349
LRM,0.5,-5000,100,15,true,4739.054799938358,6765.183291237253
LRM,0.5,-5000,100,16,true,4739.054797215238,6765.184241528362
LRM,0.5,-5000,100,17,true,4739.054805851673,6765.181904820058
LRM,0.5,-5000,100,18,true,4739.054803919346,6765.182304452366
LRM,0.5,-5000,100,19,true,4739.0548132421545,6765.18062221794
LRM,0.5,-5000,100,20,true,4739.054822267856,6765.179350890104
LRM,0.5,-5000,100,21,true,4739.05479594297,6765.184940847988
LRM,0.5,-5000,100,22,true,4739.054798538618,6765.183731136791
LRM,0.5,-5000,100,23,true,4739.054800849835,6765.183038140949
LRM,0.5,-5000,100,24,true,4739.054795530316,6765.185311442877
LRM,0.5,-5000,100,25,true,4739.054804805928,6765.182116443327
LRM,0.5,-5000,100,26,true,4739.054827910914,6765.178652165241
LRM,0.5,-5000,100,27,true,4739.054828678781,6765.178561348028
LRM,0.5,-5000,100,28,true,4739.054815201481,6765.180325496699
LRM,0.5,-5000,100,29,true,4739.054814287475,6765.180462212022
LRM,0.5,-5000,100,30,true,4739.054826526359,6765.17881834466
LRM,0.5,-5000,100,31,true,4739.054798695441,6765.18367790386
LRM,0.5,-5000,100,32,true,4739.054812538738,6765.180732301057
LRM,0.5,-5000,100,33,true,4739.054803193919,6765.182465067395
LRM,0.5,-5000,100,34,true,4739.054815690883,6765.180253436292
LRM,0.5,-5000,100,35,true,4739.054819773732,6765.179680201192
LRM,0.5,-5000,100,36,true,4739.05481269952,6765.18070696251
LRM,0.5,-5000,100,37,true,4739.054796575442,6765.18455007604
LRM,0.5,-5000,100,38,true,4739.054802901978,6765.182531633254
LRM,0.5,-5000,100,39,true,4739.054816290431,6765.18016624691
LRM,0.5,-5000,100,40,false,4739.054808091741,6765.181481802197
LRM,0.5,-5000,100,41,true,4739.054813231906,6765.18062381663
LRM,0.5,-5000,100,42,true,4739.054814195986,6765.180476029112
LRM,0.5,-5000,100,43,true,4739.054804851595,6765.182106974086
LRM,0.5,-5000,100,44,true,4739.054816192492,6765.180180405616
LRM,0.5,-5000,100,45,true,4739.0548271785565,6765.178739662187
LRM,0.5,-5000,100,46,true,4739.054795842246,6765.185017729508
LRM,0.5,-5000,100,47,true,4739.054799626996,6765.183382956791
LRM,0.5,-5000,100,48,true,4739.054824326183,6765.179089201218
LRM,0.5,-5000,100,49,true,4739.05482491381,6765.179015984057
LRM,0.5,-5000,100,50,true,4739.0548275562,6765.178694453186
LRM,0.5,-5000,100,51,true,4739.054810790565,6765.18101502232
LRM,0.5,-5000,100,52,true,4739.054816243402,6765.180173039756
LRM,0.5,-5000,100,53,true,4739.0548010193115,6765.182993319282
LRM,0.5,-5000,100,54,true,4739.054828591725,6765.178571627021
LRM,0.5,-5000,100,55,true,4739.05479548998,6765.185360014361
LRM,0.5,-5000,100,56,true,4739.054801441985,6765.182884110058
LRM,0.5,-5000,100,57,true,4739.054799455321,6765.183434880916
LRM,0.5,-5000,100,58,true,4739.054796193025,6765.184771147689
LRM,0.5,-5000,100,59,true,4739.054795586469,6765.185249519227
LRM,0.5,-5000,100,60,true,4739.054795872172,6765.184994224894
LRM,0.5,-5000,100,61,true,4739.054820220935,6765.179620102874
LRM,0.5,-5000,100,62,true,4739.054800420333,6765.18315476562
LRM,0.5,-5000,100,63,true,4739.054823347191,6765.179212601493
LRM,0.5,-5000,100,64,false,4739.054795867393,6765.184997946294
LRM,0.5,-5000,100,65,true,4739.054799738648,6765.1833497197085
LRM,0.5,-5000,100,66,true,4739.054801032866,6765.1829897598245
LRM,0.5,-5000,100,67,true,4739.054796675274,6765.184497813292
LRM,0.5,-5000,100,68,true,4739.054795439597,6765.185427114135
LRM,0.5,-5000,100,69,true,4739.054828675096,6765.178561777114
LRM,0.5,-5000,100,70,true,4739.054807249396,6765.181636537522
LRM,0.5,-5000,100,71,true,4739.054826257482,6765.1788509652015
LRM,0.5,-5000,100,72,true,4739.054829896207,6765.178419233788
LRM,0.5,-5000,100,73,true,4739.054827181945,6765.17873927836
LRM,0.5,-5000,100,74,true,4739.054828071348,6765.178633144841
LRM,0.5,-5000,100,75,true,4739.054811066042,6765.180969552734
LRM,0.5,-5000,100,76,true,4739.054802882852,6765.182536039849
LRM,0.5,-5000,100,77,true,4739.054830000827,6765.178407119739
LRM,0.5,-5000,100,78,false,4739.0547952962415,6765.185705692497
LRM,0.5,-5000,100,79,true,4739.054818333103,6765.179877197462
LRM,0.5,-5000,100,80,false,4739.054808513149,6765.181406133621
LRM,0.5,-5000,100,81,true,4739.0548031125045,6765.182483512426
LRM,0.5,-5000,100,82,true,4739.05481808443,6765.179911775823
LRM,0.5,-5000,100,83,true,4739.05479910019,6765.183545594255
LRM,0.5,-5000,100,84,true,4739.054799135922,6765.183534226372
LRM,0.5,-5000,100,85,true,4739.054807705395,6765.181552175447
LRM,0.5,-5000,100,86,true,4739.054803192082,6765.182465493223
LRM,0.5,-5000,100,87,true,4739.054803957785,6765.182296102053
LRM,0.5,-5000,100,88,true,4739.054828805244,6765.178546500986
LRM,0.5,-5000,100,89,true,4739.0548139746115,6765.180509657126
LRM,0.5,-5000,100,90,true,4739.054808898113,6765.181337988592
LRM,0.5,-5000,100,91,true,4739.054824867347,6765.17902176142
LRM,0.5,-5000,100,92,true,4739.054795292809,6765.185716724617
LRM,0.5,-5000,100,93,true,4739.054828741862,6765.178553929257
LRM,0.5,-5000,100,94,true,4739.054795424828,6765.185448415953
LRM,0.5,-5000,100,95,true,4739.05480434509,6765.18221308772
LRM,0.5,-5000,100,96,true,4739.054798616528,6765.183704548459
LRM,0.5,-5000,100,97,true,4739.054815939159,6765.1802171862255
LRM,0.5,-5000,100,98,false,4739.054813669912,6765.180556251515
LRM,0.5,-5000,100,99,true,4739.054829407866,6765.178475956104
LRM,0.5,-5000,100,100,true,4739.0548131839805,6765.180631265853
LRM,0.5,-5000,100,101,true,4739.054795887467,6765.184982432804
LRM,0.5,-5000,100,102,true,4739.054805930724,6765.181889222314
LRM,0.5,-5000,100,103,true,4739.054804138116,6765.182257248624
LRM,0.5,-5000,100,104,false,4739.054795271204,6765.185804898126
LRM,0.5,-5000,100,105,true,4739.054812338579,6765.180763980552
LRM,0.5,-5000,100,106,true,4739.054795284111,6765.185746955747
LRM,0.5,-5000,100,107,true,4739.054821646774,6765.179431600425
LRM,0.5,-5000,100,108,true,4739.054805050081,6765.182066096714
LRM,0.5,-5000,100,109,true,4739.0548198068,6765.179675737197
LRM,0.5,-5000,100,110,true,4739.054798900689,6765.18360993229
LRM,0.5,-5000,100,111,true,4739.054829162135,6765.1785046486075
LRM,0.5,-5000,100,112,true,4739.0548092607005,6765.181274582526
LRM,0.5,-5000,100,113,true,4739.054825553145,6765.178937096449
LRM,0.5,-5000,100,114,true,4739.054797434481,6765.184147446746
LRM,0.5,-5000,100,115,true,4739.054811065341,6765.1809696702585
LRM,0.5,-5000,100,116,true,4739.054815030586,6765.180350834806
LRM,0.5,-5000,100,117,true,4739.0548073634145,6765.181615313309
LRM,0.5,-5000,100,118,true,4739.054795259489,6765.185918051013
LRM,0.5,-5000,100,119,true,4739.0548238930005,6765.179143562197
LRM,0.5,-5000,100,120,true,4739.0547963490635,6765.184676434818
LRM,0.5,-5000,100,121,true,4739.054812388319,6765.180756099866
LRM,0.5,-5000,100,122,true,4739.054812289357,6765.180771819638
LRM,0.5,-5000,100,123,true,4739.054829321321,6765.1784860676435
LRM,0.5,-5000,100,124,true,4739.054811357144,6765.180921893022
LRM,0.5,-5000,100,125,true,4739.054806710977,6765.181738085738
LRM,0.5,-5000,100,126,true,4739.054809271205,6765.1812727871675
LRM,0.5,-5000,100,127,true,4739.054827902722,6765.1786531648895
LRM,1,5000,-100,0,true,5436.717948949426,8858.949184453382
LRM,1,5000,-100,1,true,5436.717981162957,8858.940760059328
LRM,1,5000,-100,2,true,5436.717939608979,8858.954187544272
LRM,1,5000,-100,3,false,5436.717940817424,8858.953217201566
LRM,1,5000,-100,4,true,5436.717937870563,8858.95672235539
LRM,1,5000,-100,5,true,5436.71796595411,8858.944117677926
LRM,1,5000,-100,6,true,5436.717956246764,8858.94673703074
LRM,1,5000,-100,7,false,5436.717941308941,8858.952878388078
LRM,1,5000,-100,8,true,5436.717966281951,8858.944037372159
LRM,1,5000,-100,9,false,5436.717938614455,8858.955268200023
LRM,1,5000,-100,10,true,5436.718013570956,8858.93508856696
LRM,1,5000,-100,11,true,5436.7179759149185,8858.941845199415
LRM,1,5000,-100,12,true,5436.717971889499,8858.942725521692
LRM,1,5000,-100,13,true,5436.717943884775,8858.95139213455
LRM,1,5000,-100,14,true,5436.71799281819,8858.938548737195
LRM,1,5000,-100,15,false,5436.717957314338,8858.946421222945
LRM,1,5000,-100,16,true,5436.717945932135,8858.950421075044
LRM,1,5000,-100,17,false,5436.7179820312085,8858.940586540846
LRM,1,5000,-100,18,false,5436.717973954195,8858.942268284176
LRM,1,5000,-100,19,true,5436.718012922265,8858.935189642687
LRM,1,5000,-100,20,true,5436.7180506480945,8858.929840963408
LRM,1,5000,-100,21,true,5436.717940614423,8858.953364896142
LRM,1,5000,-100,22,false,5436.717951463939,8858.948272725514
LRM,1,5000,-100,23,true,5436.717961124495,8858.945355992555
LRM,1,5000,-100,24,true,5436.717938889789,8858.954925050615
LRM,1,5000,-100,25,true,5436.717977659939,8858.941477093287
LRM,1,5000,-100,26,false,5436.718074234951,8858.926901630606
LRM,1,5000,-100,27,false,5436.718077444325,8858.926519609375
LRM,1,5000,-100,28,true,5436.718021110843,8858.933941262061
LRM,1,5000,-100,29,false,5436.718017290326,8858.93451647187
LRM,1,5000,-100,30,false,5436.718068446896,8858.927600707004
LRM,1,5000,-100,31,true,5436.7179521192265,8858.94804866933
LRM,1,5000,-100,32,true,5436.7180099816815,8858.935652829587
LRM,1,5000,-100,33,true,5436.717970922053,8858.942944205963
LRM,1,5000,-100,34,true,5436.718023157369,8858.933638050534
LRM,1,5000,-100,35,true,5436.718040221779,8858.931226401877
LRM,1,5000,-100,36,true,5436.718010653826,8858.93554621431
LRM,1,5000,-100,37,true,5436.717943258429,8858.951719875695
LRM,1,5000,-100,38,true,5436.717969701777,8858.943224340886
LRM,1,5000,-100,39,true,5436.718025662819,8858.93327123609
LRM,1,5000,-100,40,true,5436.717991394166,8858.938806497265
LRM,1,5000,-100,41,true,5436.718012879098,8858.935196378749
LRM,1,5000,-100,42,true,5436.7180169090225,8858.934574567458
LRM,1,5000,-100,43,true,5436.71797785106,8858.941437240823
LRM,1,5000,-100,44,false,5436.718025253857,8858.933330793558
LRM,1,5000,-100,45,true,5436.718071173845,8858.927269694297
LRM,1,5000,-100,46,false,5436.717940193438,8858.953688550388
LRM,1,5000,-100,47,true,5436.717956013261,8858.946807239905
LRM,1,5000,-100,48,true,5436.718059250428,8858.928740124531
LRM,1,5000,-100,49,true,5436.718061707527,8858.928432089044
LRM,1,5000,-100,50,true,5436.718072751361,8858.927079549172
LRM,1,5000,-100,51,false,5436.718002674857,8858.936842394682
LRM,1,5000,-100,52,false,5436.718025466499,8858.933299809461
LRM,1,5000,-100,53,true,5436.717961832483,8858.945167363103
LRM,1,5000,-100,54,true,5436.7180770788655,8858.926562897335
LRM,1,5000,-100,55,true,5436.717938721145,8858.955129537671
LRM,1,5000,-100,56,true,5436.7179635995135,8858.94470772821
LRM,1,5000,-100,57,true,5436.717955295543,8858.947025785817
LRM,1,5000,-100,58,true,5436.717941659651,8858.95265050309
LRM,1,5000,-100,59,true,5436.717939124174,8858.954664359697
LRM,1,5000,-100,60,true,5436.717940318629,8858.953589597271
LRM,1,5000,-100,61,true,5436.718042090972,8858.930973565546
LRM,1,5000,-100,62,true,5436.717959328904,8858.945846844948
LRM,1,5000,-100,63,true,5436.718055159307,8858.9292592128
LRM,1,5000,-100,64,true,5436.7179402985685,8858.953605266624
LRM,1,5000,-100,65,true,5436.717956479776,8858.946667362541
LRM,1,5000,-100,66,true,5436.717961889187,8858.945152383465
LRM,1,5000,-100,67,true,5436.717943675229,8858.951499886927
LRM,1,5000,-100,68,true,5436.717938510346,8858.955412032092
LRM,1,5000,-100,69,true,5436.718077429097,8858.926521410958
LRM,1,5000,-100,70,true,5436.717987873377,8858.939457607517
LRM,1,5000,-100,71,true,5436.718067324026,8858.927737900218
LRM,1,5000,-100,72,false,5436.718082531247,8858.925921860591
LRM,1,5000,-100,73,true,5436.7180711868195,8858.927268114625
LRM,1,5000,-100,74,true,5436.718074903836,8858.926821673973
LRM,1,5000,-100,75,true,5436.718003825957,8858.936651088135
LRM,1,5000,-100,76,false,5436.717969621682,8858.943242891604
LRM,1,5000,-100,77,false,5436.718082968586,8858.925870901814
LRM,1,5000,-100,78,true,5436.717937911435,8858.956584883697
LRM,1,5000,-100,79,false,5436.718034201069,8858.932055146579
LRM,1,5000,-100,80,true,5436.71799315589,8858.93848808323
LRM,1,5000,-100,81,true,5436.717970581816,8858.943021826706
LRM,1,5000,-100,82,true,5436.718033160721,8858.932200654093
LRM,1,5000,-100,83,true,5436.717953810936,8858.947491780995
LRM,1,5000,-100,84,true,5436.717953960517,8858.947443933419
LRM,1,5000,-100,85,true,5436.717989779237,8858.93910262624
LRM,1,5000,-100,86,true,5436.7179709141565,8858.942946004692
LRM,1,5000,-100,87,false,5436.71797411532,8858.942233124442
LRM,1,5000,-100,88,true,5436.718077971673,8858.926457193342
LRM,1,5000,-100,89,false,5436.7180159836935,8858.934716053274
LRM,1,5000,-100,90,true,5436.71799476459,8858.93820135342
LRM,1,5000,-100,91,true,5436.718061512706,8858.928456410411
LRM,1,5000,-100,92,true,5436.717937896899,8858.956631333853
LRM,1,5000,-100,93,false,5436.71807770788,8858.926488406809
LRM,1,5000,-100,94,true,5436.717938448756,8858.955501712173
LRM,1,5000,-100,95,true,5436.717975734155,8858.941883779042
LRM,1,5000,-100,96,true,5436.717951789405,8858.948160816524
LRM,1,5000,-100,97,false,5436.7180241952055,8858.93348553087
LRM,1,5000,-100,98,false,5436.718014709487,8858.934912118657
LRM,1,5000,-100,99,true,5436.718080491624,8858.926160415025
LRM,1,5000,-100,100,true,5436.718012678331,8858.93522773739
LRM,1,5000,-100,101,true,5436.717940382601,8858.953539957529
LRM,1,5000,-100,102,true,5436.717982361704,8858.940520902077
LRM,1,5000,-100,103,true,5436.717974868836,8858.942069624398
LRM,1,5000,-100,104,true,5436.71793780663,8858.95700256684
LRM,1,5000,-100,105,true,5436.71800914546,8858.935786109578
LRM,1,5000,-100,106,true,5436.717937860823,8858.956758609796
LRM,1,5000,-100,107,true,5436.718048051032,8858.930180534879
LRM,1,5000,-100,108,true,5436.717978680873,8858.941265212286
LRM,1,5000,-100,109,true,5436.7180403601915,8858.93120761256
LRM,1,5000,-100,110,true,5436.717952977126,8858.947762573009
LRM,1,5000,-100,111,true,5436.718079464469,8858.926281109096
LRM,1,5000,-100,112,false,5436.717996280508,8858.937934547088
LRM,1,5000,-100,113,false,5436.718064378348,8858.92810027676
LRM,1,5000,-100,114,true,5436.717946848704,8858.950025047294
LRM,1,5000,-100,115,true,5436.718003822941,8858.936651585047
LRM,1,5000,-100,116,false,5436.718020396782,8858.934047857783
LRM,1,5000,-100,117,true,5436.717988349693,8858.939368309599
LRM,1,5000,-100,118,true,5436.717937757567,8858.957478979262
LRM,1,5000,-100,119,true,5436.7180574407475,8858.928968777438
LRM,1,5000,-100,120,true,5436.717942311934,8858.952251796461
LRM,1,5000,-100,121,true,5436.718009352981,8858.935752961963
LRM,1,5000,-100,122,true,5436.718008938963,8858.935819118271
LRM,1,5000,-100,123,false,5436.71808012895,8858.926202977997
LRM,1,5000,-100,124,true,5436.718005042382,8858.936450566434
LRM,1,5000,-100,125,true,5436.7179856226285,8858.939884932717
LRM,1,5000,-100,126,true,5436.717996323506,8858.937927018507
LRM,1,5000,-100,127,true,5436.718074199343,8858.926905877623
LRM,1,0,0,0,true,6430.816842329499,7989.614142398624
LRM,1,0,0,1,true,6430.816842329499,7989.614142398624
LRM,1,0,0,2,true,6430.816842329499,7989.614142398624
LRM,1,0,0,3,true,6430.816842329499,7989.614142398624
LRM,1,0,0,4,true,6430.816842329499,7989.614142398624
LRM,1,0,0,5,false,6430.816842329499,7989.614142398624
LRM,1,0,0,6,false,6430.816842329499,7989.614142398624
LRM,1,0,0,7,true,6430.816842329499,7989.614142398624
LRM,1,0,0,8,true,6430.816842329499,7989.614142398624
LRM,1,0,0,9,true,6430.816842329499,7989.614142398624
LRM,1,0,0,10,true,6430.816842329499,7989.614142398624
LRM,1,0,0,11,true,6430.816842329499,7989.614142398624
LRM,1,0,0,12,true,6430.816842329499,7989.614142398624
LRM,1,0,0,13,true,6430.816842329499,7989.614142398624
LRM,1,0,0,14,true,6430.816842329499,7989.614142398624
LRM,1,0,0,15,true,6430.816842329499,7989.614142398624
LRM,1,0,0,16,true,6430.816842329499,7989.614142398624
LRM,1,0,0,17,true,6430.816842329499,7989.614142398624
LRM,1,0,0,18,true,6430.816842329499,7989.614142398624
LRM,1,0,0,19,false,6430.816842329499,7989.614142398624
LRM,1,0,0,20,true,6430.816842329499,7989.614142398624
LRM,1,0,0,21,false,6430.816842329499,7989.614142398624
LRM,1,0,0,22,false,6430.816842329499,7989.614142398624
LRM,1,0,0,23,true,6430.816842329499,7989.614142398624
LRM,1,0,0,24,true,6430.816842329499,7989.614142398624
LRM,1,0,0,25,true,6430.816842329499,7989.614142398624
LRM,1,0,0,26,false,6430.816842329499,7989.614142398624
LRM,1,0,0,27,true,6430.816842329499,7989.614142398624
LRM,1,0,0,28,true,6430.816842329499,7989.614142398624
LRM,1,0,0,29,true,6430.816842329499,7989.614142398624
LRM,1,0,0,30,true,6430.816842329499,7989.614142398624
LRM,1,0,0,31,true,6430.816842329499,7989.614142398624
LRM,1,0,0,32,true,6430.816842329499,7989.614142398624
LRM,1,0,0,33,true,6430.816842329499,7989.614142398624
LRM,1,0,0,34,true,6430.816842329499,7989.614142398624
LRM,1,0,0,35,true,6430.816842329499,7989.614142398624
LRM,1,0,0,36,true,6430.816842329499,7989.614142398624
LRM,1,0,0,37,true,6430.816842329499,7989.614142398624
LRM,1,0,0,38,false,6430.816842329499,7989.614142398624
LRM,1,0,0,39,true,6430.816842329499,7989.614142398624
LRM,1,0,0,40,true,6430.816842329499,7989.614142398624
LRM,1,0,0,41,true,6430.816842329499,7989.614142398624
LRM,1,0,0,42,true,6430.816842329499,7989.614142398624
LRM,1,0,0,43,true,6430.816842329499,7989.614142398624
LRM,1,0,0,44,false,6430.816842329499,7989.614142398624
LRM,1,0,0,45,true,6430.816842329499,7989.614142398624
LRM,1,0,0,46,true,6430.816842329499,7989.614142398624
LRM,1,0,0,47,true,6430.816842329499,7989.614142398624
LRM,1,0,0,48,false,6430.816842329499,7989.614142398624
LRM,1,0,0,49,true,6430.816842329499,7989.614142398624
LRM,1,0,0,50,false,6430.816842329499,7989.614142398624
LRM,1,0,0,51,true,6430.816842329499,7989.614142398624
LRM,1,0,0,52,true,6430.816842329499,7989.614142398624
LRM,1,0,0,53,true,6430.816842329499,7989.614142398624
LRM,1,0,0,54,true,6430.816842329499,7989.614142398624
LRM,1,0,0,55,false,6430.816842329499,7989.614142398624
LRM,1,0,0,56,true,6430.816842329499,7989.614142398624
LRM,1,0,0,57,true,6430.816842329499,7989.614142398624
LRM,1,0,0,58,false,6430.816842329499,7989.614142398624
LRM,1,0,0,59,true,6430.816842329499,7989.614142398624
LRM,1,0,0,60,false,6430.816842329499,7989.614142398624
LRM,1,0,0,61,true,6430.816842329499,7989.614142398624
LRM,1,0,0,62,true,6430.816842329499,7989.614142398624
LRM,1,0,0,63,true,6430.816842329499,7989.614142398624
LRM,1,0,0,64,true,6430.816842329499,7989.614142398624
LRM,1,0,0,65,true,6430.816842329499,7989.614142398624
LRM,1,0,0,66,false,6430.816842329499,7989.614142398624
LRM,1,0,0,67,true,6430.816842329499,7989.614142398624
LRM,1,0,0,68,true,6430.816842329499,7989.614142398624
LRM,1,0,0,69,true,6430.816842329499,7989.614142398624
LRM,1,0,0,70,true,6430.816842329499,7989.614142398624
LRM,1,0,0,71,true,6430.816842329499,7989.614142398624
LRM,1,0,0,72,true,6430.816842329499,7989.614142398624
LRM,1,0,0,73,true,6430.816842329499,7989.614142398624
LRM,1,0,0,74,true,6430.816842329499,7989.614142398624
LRM,1,0,0,75,false,6430.816842329499,7989.614142398624
LRM,1,0,0,76,true,6430.816842329499,7989.614142398624
LRM,1,0,0,77,false,6430.816842329499,7989.614142398624
LRM,1,0,0,78,false,6430.816842329499,7989.614142398624
LRM,1,0,0,79,false,6430.816842329499,7989.614142398624
LRM,1,0,0,80,true,6430.816842329499,7989.614142398624
LRM,1,0,0,81,true,6430.816842329499,7989.614142398624
LRM,1,0,0,82,true,6430.816842329499,7989.614142398624
LRM,1,0,0,83,true,6430.816842329499,7989.614142398624
LRM,1,0,0,84,false,6430.816842329499,7989.614142398624
LRM,1,0,0,85,true,6430.816842329499,7989.614142398624
LRM,1,0,0,86,true,6430.816842329499,7989.614142398624
LRM,1,0,0,87,true,6430.816842329499,7989.614142398624
LRM,1,0,0,88,true,6430.816842329499,7989.614142398624
LRM,1,0,0,89,true,6430.816842329499,7989.614142398624
LRM,1,0,0,90,true,6430.816842329499,7989.614142398624
LRM,1,0,0,91,false,6430.816842329499,7989.614142398624
LRM,1,0,0,92,true,6430.816842329499,7989.614142398624
LRM,1,0,0,93,false,6430.816842329499,7989.614142398624
LRM,1,0,0,94,true,6430.816842329499,7989.614142398624
LRM,1,0,0,95,false,6430.816842329499,7989.614142398624
LRM,1,0,0,96,true,6430.816842329499,7989.614142398624
LRM,1,0,0,97,false,6430.816842329499,7989.614142398624
LRM,1,0,0,98,true,6430.816842329499,7989.614142398624
LRM,1,0,0,99,true,6430.816842329499,7989.614142398624
LRM,1,0,0,100,true,6430.816842329499,7989.614142398624
LRM,1,0,0,101,true,6430.816842329499,7989.614142398624
LRM,1,0,0,102,true,6430.816842329499,7989.614142398624
LRM,1,0,0,103,true,6430.816842329499,7989.614142398624
LRM,1,0,0,104,false,6430.816842329499,7989.614142398624
LRM,1,0,0,105,true,6430.816842329499,7989.614142398624
LRM,1,0,0,106,false,6430.816842329499,7989.614142398624
LRM,1,0,0,107,true,6430.816842329499,7989.614142398624
LRM,1,0,0,108,true,6430.816842329499,7989.614142398624
LRM,1,0,0,109,true,6430.816842329499,7989.614142398624
LRM,1,0,0,110,true,6430.816842329499,7989.614142398624
LRM,1,0,0,111,false,6430.816842329499,7989.614142398624
LRM,1,0,0,112,true,6430.816842329499,7989.614142398624
LRM,1,0,0,113,true,6430.816842329499,7989.614142398624
LRM,1,0,0,114,true,6430.816842329499,7989.614142398624
LRM,1,0,0,115,false,6430.816842329499,7989.614142398624
LRM,1,0,0,116,true,6430.816842329499,7989.614142398624
LRM,1,0,0,117,true,6430.816842329499,7989.614142398624
LRM,1,0,0,118,false,6430.816842329499,7989.614142398624
LRM,1,0,0,119,true,6430.816842329499,7989.614142398624
LRM,1,0,0,120,true,6430.816842329499,7989.614142398624
LRM,1,0,0,121,true,6430.816842329499,7989.614142398624
LRM,1,0,0,122,true,6430.816842329499,7989.614142398624
LRM,1,0,0,123,false,6430.816842329499,7989.614142398624
LRM,1,0,0,124,true,6430.816842329499,7989.614142398624
LRM,1,0,0,125,true,6430.816842329499,7989.614142398624
LRM,1,0,0,126,true,6430.816842329499,7989.614142398624
LRM,1,0,0,127,true,6430.816842329499,7989.614142398624
LRM,1,-5000,100,0,false,7200,12894.881565012853
LRM,1,-5000,100,1,false,7200,12894.408093120375
LRM,1,-5000,100,2,false,7200,12902.864170795176
LRM,1,-5000,100,3,false,7200,12900.804382400647
LRM,1,-5000,100,4,false,7200,12908.290257794984
LRM,1,-5000,100,5,false,7200,12894.59473273918
LRM,1,-5000,100,6,false,7200,12894.742197467163
LRM,1,-5000,100,7,false,7200,12900.08763410905
LRM,1,-5000,100,8,false,7200,12894.590225915883
LRM,1,-5000,100,9,false,7200,12905.169613584098
LRM,1,-5000,100,10,false,7200,12894.098744406452
LRM,1,-5000,100,11,false,7200,12894.468095662134
LRM,1,-5000,100,12,false,7200,12894.51699901106
LRM,1,-5000,100,13,false,7200,12896.955767462168
LRM,1,-5000,100,14,false,7200,12894.286551682564
LRM,1,-5000,100,15,false,7200,12894.724314910547
LRM,1,-5000,100,16,false,7200,12894.95258060191
LRM,1,-5000,100,17,false,7200,12894.398554374515
LRM,1,-5000,100,18,false,7200,12894.491561214758
LRM,1,-5000,100,19,false,7200,12894.104152182112
LRM,1,-5000,100,20,false,7200,12893.818744228418
LRM,1,-5000,100,21,false,7200,12901.118026178936
LRM,1,-5000,100,22,false,7200,12894.829474006927
LRM,1,-5000,100,23,false,7200,12894.664228486996
LRM,1,-5000,100,24,false,7200,12904.43624069614
LRM,1,-5000,100,25,false,7200,12894.447684148914
LRM,1,-5000,100,26,false,7200,12893.664401671713
LRM,1,-5000,100,27,false,7200,12893.644341281826
LRM,1,-5000,100,28,false,7200,12894.036926649702
LRM,1,-5000,100,29,false,7200,12894.068082613727
LRM,1,-5000,100,30,false,7200,12893.700943118876
LRM,1,-5000,100,31,false,7200,12894.816699560091
LRM,1,-5000,100,32,false,7200,12894.129055460175
LRM,1,-5000,100,33,false,7200,12894.529106897397
LRM,1,-5000,100,34,false,7200,12894.020637018863
LRM,1,-5000,100,35,false,7200,12893.891968280801
LRM,1,-5000,100,36,false,7200,12894.1234951149
LRM,1,-5000,100,37,false,7200,12897.644656565852
LRM,1,-5000,100,38,false,7200,12894.544777104777
LRM,1,-5000,100,39,false,7200,12894.001045705778
LRM,1,-5000,100,40,false,7200,12894.300611125585
LRM,1,-5000,100,41,false,7200,12894.104412648487
LRM,1,-5000,100,42,false,7200,12894.071218030342
LRM,1,-5000,100,43,false,7200,12894.445540464007
LRM,1,-5000,100,44,false,7200,12894.004277365222
LRM,1,-5000,100,45,false,7200,12893.68352386783
LRM,1,-5000,100,46,false,7200,12901.80429325408
LRM,1,-5000,100,47,false,7200,12894.746194531266
LRM,1,-5000,100,48,false,7200,12893.76064767426
LRM,1,-5000,100,49,false,7200,12893.74445399866
LRM,1,-5000,100,50,false,7200,12893.673526834657
LRM,1,-5000,100,51,false,7200,12894.193610506167
LRM,1,-5000,100,52,false,7200,12894.002507336474
LRM,1,-5000,100,53,false,7200,12894.653602948196
LRM,1,-5000,100,54,false,7200,12893.646552767083
LRM,1,-5000,100,55,false,7200,12904.873202587576
LRM,1,-5000,100,56,false,7200,12894.627849875473
LRM,1,-5000,100,57,false,7200,12894.758648930303
LRM,1,-5000,100,58,false,7200,12899.605657698565
LRM,1,-5000,100,59,false,7200,12903.879395205222
LRM,1,-5000,100,60,false,7200,12901.59444704964
LRM,1,-5000,100,61,false,7200,12893.8785909547
LRM,1,-5000,100,62,false,7200,12894.691908515584
LRM,1,-5000,100,63,false,7200,12893.787852405982
LRM,1,-5000,100,64,false,7200,12901.62657169479
LRM,1,-5000,100,65,false,7200,12894.738268054247
LRM,1,-5000,100,66,false,7200,12894.652828475928
LRM,1,-5000,100,67,false,7200,12897.181875892358
LRM,1,-5000,100,68,false,7200,12905.477649592809
LRM,1,-5000,100,69,false,7200,12893.644378697985
LRM,1,-5000,100,70,false,7200,12894.33641393368
LRM,1,-5000,100,71,false,7200,12893.708240031181
LRM,1,-5000,100,72,false,7200,12893.613349180234
LRM,1,-5000,100,73,false,7200,12893.683397287468
LRM,1,-5000,100,74,false,7200,12893.66004690217
LRM,1,-5000,100,75,false,7200,12894.183169547918
LRM,1,-5000,100,76,false,7200,12894.545751401125
LRM,1,-5000,100,77,false,7200,12893.610361957088
LRM,1,-5000,100,78,false,7200,12907.994463674206
LRM,1,-5000,100,79,false,7200,12893.936290327038
LRM,1,-5000,100,80,false,7200,12894.28328723616
LRM,1,-5000,100,81,false,7200,12894.533513591605
LRM,1,-5000,100,82,false,7200,12893.9438492398
LRM,1,-5000,100,83,false,7200,12894.785054774497
LRM,1,-5000,100,84,false,7200,12894.782229587114
LRM,1,-5000,100,85,false,7200,12894.316927685428
LRM,1,-5000,100,86,false,7200,12894.5293083643
LRM,1,-5000,100,87,false,7200,12894.48966504233
LRM,1,-5000,100,88,false,7200,12893.641236406342
LRM,1,-5000,100,89,false,7200,12894.078779606092
LRM,1,-5000,100,90,false,7200,12894.267631231289
LRM,1,-5000,100,91,false,7200,12893.745784980974
LRM,1,-5000,100,92,false,7200,12908.09439563784
LRM,1,-5000,100,93,false,7200,12893.642922606366
LRM,1,-5000,100,94,false,7200,12905.669621873243
LRM,1,-5000,100,95,false,7200,12894.470294254257
LRM,1,-5000,100,96,false,7200,12894.823052190934
LRM,1,-5000,100,97,false,7200,12894.012470723565
LRM,1,-5000,100,98,false,7200,12894.08933032752
LRM,1,-5000,100,99,false,7200,12893.62562634803
LRM,1,-5000,100,100,false,7200,12894.106243041871
LRM,1,-5000,100,101,false,7200,12901.488098352533
LRM,1,-5000,100,102,false,7200,12894.394779291079
LRM,1,-5000,100,103,false,7200,12894.480625782986
LRM,1,-5000,100,104,false,7200,12908.894337703488
LRM,1,-5000,100,105,false,7200,12894.136359837294
LRM,1,-5000,100,106,false,7200,12908.368703572249
LRM,1,-5000,100,107,false,7200,12893.836656798096
LRM,1,-5000,100,108,false,7200,12894.435981506385
LRM,1,-5000,100,109,false,7200,12893.890995360951
LRM,1,-5000,100,110,false,7200,12894.800413575054
LRM,1,-5000,100,111,false,7200,12893.631877150316
LRM,1,-5000,100,112,false,7200,12894.253009879845
LRM,1,-5000,100,113,false,7200,12893.727099792652
LRM,1,-5000,100,114,false,7200,12894.929816757074
LRM,1,-5000,100,115,false,7200,12894.183314840642
LRM,1,-5000,100,116,false,7200,12894.042578178523
LRM,1,-5000,100,117,false,7200,12894.331495970906
LRM,1,-5000,100,118,false,7200,12911.273911236927
LRM,1,-5000,100,119,false,7200,12893.772621899112
LRM,1,-5000,100,120,false,7200,12898.764455587676
LRM,1,-5000,100,121,false,7200,12894.13453292597
LRM,1,-5000,100,122,false,7200,12894.1381495067
LRM,1,-5000,100,123,false,7200,12893.627841762673
LRM,1,-5000,100,124,false,7200,12894.172306271157
LRM,1,-5000,100,125,false,7200,12894.359894922416
LRM,1,-5000,100,126,false,7200,12894.252527689214
LRM,1,-5000,100,127,false,7200,12893.664615486352
LRM,1.1,5000,-100,0,true,5838.358686884786,8908.372012235983
LRM,1.1,5000,-100,1,false,5838.358686886168,8908.371977662695
LRM,1.1,5000,-100,2,true,5838.35868688441,8908.372033388
LRM,1.1,5000,-100,3,true,5838.358686884457,8908.372029247534
LRM,1.1,5000,-100,4,true,5838.35868688434,8908.372044294236
LRM,1.1,5000,-100,5,true,5838.358686885474,8908.371991292564
LRM,1.1,5000,-100,6,true,5838.358686885082,8908.372002062073
LRM,1.1,5000,-100,7,true,5838.358686884479,8908.37202780612
LRM,1.1,5000,-100,8,true,5838.358686885485,8908.37199096491
LRM,1.1,5000,-100,9,false,5838.358686884371,8908.372038021527
LRM,1.1,5000,-100,10,true,5838.358686887481,8908.371955066852
LRM,1.1,5000,-100,11,false,5838.35868688596,8908.371982046447
LRM,1.1,5000,-100,12,true,5838.35868688571,8908.371985618463
LRM,1.1,5000,-100,13,true,5838.358686884582,8908.37202150994
LRM,1.1,5000,-100,14,true,5838.358686886645,8908.371968790854
LRM,1.1,5000,-100,15,false,5838.358686885123,8908.372000757183
LRM,1.1,5000,-100,16,true,5838.358686884664,8908.372017419568
LRM,1.1,5000,-100,17,false,5838.358686886203,8908.371976963204
LRM,1.1,5000,-100,18,true,5838.358686885795,8908.371983762318
LRM,1.1,5000,-100,19,true,5838.358686887452,8908.371955464432
LRM,1.1,5000,-100,20,false,5838.358686889052,8908.371934606988
LRM,1.1,5000,-100,21,false,5838.358686884449,8908.372029876517
LRM,1.1,5000,-100,22,false,5838.358686884885,8908.372008433125
LRM,1.1,5000,-100,23,true,5838.358686885276,8908.371996368693
LRM,1.1,5000,-100,24,true,5838.358686884383,8908.37203654767
LRM,1.1,5000,-100,25,true,5838.358686886027,8908.371980557122
LRM,1.1,5000,-100,26,true,5838.358686890003,8908.371923326325
LRM,1.1,5000,-100,27,true,5838.358686890231,8908.371921867958
LRM,1.1,5000,-100,28,true,5838.358686887783,8908.371950558778
LRM,1.1,5000,-100,29,true,5838.3586868876255,8908.371952816658
LRM,1.1,5000,-100,30,false,5838.358686889768,8908.371925998692
LRM,1.1,5000,-100,31,true,5838.35868688492,8908.372007500784
LRM,1.1,5000,-100,32,true,5838.358686887333,8908.371957291605
LRM,1.1,5000,-100,33,true,5838.358686885671,8908.371986507851
LRM,1.1,5000,-100,34,true,5838.358686887865,8908.371949369677
LRM,1.1,5000,-100,35,true,5838.35868688855,8908.37193997036
LRM,1.1,5000,-100,36,false,5838.358686887364,8908.371956870687
LRM,1.1,5000,-100,37,true,5838.358686884556,8908.372022894553
LRM,1.1,5000,-100,38,true,5838.358686885625,8908.371987647954
LRM,1.1,5000,-100,39,false,5838.358686887968,8908.371947934449
LRM,1.1,5000,-100,40,true,5838.3586868865905,8908.371969820228
LRM,1.1,5000,-100,41,true,5838.358686887448,8908.371955491246
LRM,1.1,5000,-100,42,false,5838.358686887613,8908.371953043874
LRM,1.1,5000,-100,43,true,5838.358686886035,8908.371980395976
LRM,1.1,5000,-100,44,true,5838.358686887952,8908.371948167116
LRM,1.1,5000,-100,45,true,5838.358686889881,8908.371924732122
LRM,1.1,5000,-100,46,false,5838.358686884434,8908.37203125644
LRM,1.1,5000,-100,47,true,5838.3586868850725,8908.372002351856
LRM,1.1,5000,-100,48,true,5838.358686889403,8908.371930368445
LRM,1.1,5000,-100,49,true,5838.358686889504,8908.371929184455
LRM,1.1,5000,-100,50,false,5838.358686889943,8908.371924006475
LRM,1.1,5000,-100,51,false,5838.358686887042,8908.371961998537
LRM,1.1,5000,-100,52,false,5838.35868688796,8908.371948046082
LRM,1.1,5000,-100,53,false,5838.358686885305,8908.37199559396
LRM,1.1,5000,-100,54,true,5838.358686890216,8908.371922034261
LRM,1.1,5000,-100,55,true,5838.358686884375,8908.372037425723
LRM,1.1,5000,-100,56,false,5838.3586868853745,8908.371993707893
LRM,1.1,5000,-100,57,false,5838.3586868850425,8908.372003256274
LRM,1.1,5000,-100,58,false,5838.358686884493,8908.372026837802
LRM,1.1,5000,-100,59,false,5838.358686884392,8908.372035429575
LRM,1.1,5000,-100,60,true,5838.358686884438,8908.372030834245
LRM,1.1,5000,-100,61,false,5838.358686888712,8908.371938988475
LRM,1.1,5000,-100,62,true,5838.358686885203,8908.371998388628
LRM,1.1,5000,-100,63,true,5838.3586868892335,8908.37193236456
LRM,1.1,5000,-100,64,false,5838.358686884438,8908.372030901139
LRM,1.1,5000,-100,65,true,5838.35868688509,8908.372001774018
LRM,1.1,5000,-100,66,true,5838.358686885306,8908.371995532552
LRM,1.1,5000,-100,67,false,5838.358686884575,8908.372021965115
LRM,1.1,5000,-100,68,true,5838.358686884366,8908.372038640053
LRM,1.1,5000,-100,69,true,5838.358686890231,8908.371921874748
LRM,1.1,5000,-100,70,true,5838.358686886437,8908.371972427098
LRM,1.1,5000,-100,71,true,5838.358686889726,8908.371926523034
LRM,1.1,5000,-100,72,true,5838.358686890432,8908.371919593767
LRM,1.1,5000,-100,73,false,5838.358686889881,8908.371924726944
LRM,1.1,5000,-100,74,true,5838.358686890029,8908.371923022647
LRM,1.1,5000,-100,75,true,5838.358686887086,8908.37196124043
LRM,1.1,5000,-100,76,true,5838.358686885621,8908.37198772372
LRM,1.1,5000,-100,77,true,5838.358686890448,8908.37191939997
LRM,1.1,5000,-100,78,true,5838.35868688434,8908.37204369938
LRM,1.1,5000,-100,79,true,5838.358686888308,8908.371943189888
LRM,1.1,5000,-100,80,false,5838.35868688666,8908.371968547668
LRM,1.1,5000,-100,81,true,5838.358686885657,8908.371986823528
LRM,1.1,5000,-100,82,true,5838.3586868882685,8908.371943757262
LRM,1.1,5000,-100,83,true,5838.358686884986,8908.372005187797
LRM,1.1,5000,-100,84,false,5838.358686884991,8908.372004989482
LRM,1.1,5000,-100,85,true,5838.358686886519,8908.371971005272
LRM,1.1,5000,-100,86,true,5838.35868688567,8908.371986515367
LRM,1.1,5000,-100,87,true,5838.358686885799,8908.371983619116
LRM,1.1,5000,-100,88,true,5838.358686890252,8908.37192163113
LRM,1.1,5000,-100,89,true,5838.358686887573,8908.37195360015
LRM,1.1,5000,-100,90,false,5838.358686886722,8908.371967403764
LRM,1.1,5000,-100,91,false,5838.358686889496,8908.371929278213
LRM,1.1,5000,-100,92,true,5838.35868688434,8908.372043900332
LRM,1.1,5000,-100,93,true,5838.358686890241,8908.371921749202
LRM,1.1,5000,-100,94,true,5838.358686884361,8908.372039025939
LRM,1.1,5000,-100,95,true,5838.358686885951,8908.371982202108
LRM,1.1,5000,-100,96,true,5838.358686884907,8908.372007967255
LRM,1.1,5000,-100,97,false,5838.358686887912,8908.371948772274
LRM,1.1,5000,-100,98,true,5838.358686887524,8908.371954372267
LRM,1.1,5000,-100,99,true,5838.358686890349,8908.371920500167
LRM,1.1,5000,-100,100,true,5838.35868688744,8908.371955615317
LRM,1.1,5000,-100,101,true,5838.3586868844395,8908.372030622719
LRM,1.1,5000,-100,102,true,5838.358686886216,8908.371976698829
LRM,1.1,5000,-100,103,true,5838.358686885918,8908.371982955061
LRM,1.1,5000,-100,104,true,5838.358686884338,8908.37204550794
LRM,1.1,5000,-100,105,true,5838.358686887301,8908.371957817575
LRM,1.1,5000,-100,106,true,5838.35868688434,8908.37204445113
LRM,1.1,5000,-100,107,true,5838.358686888951,8908.371935919069
LRM,1.1,5000,-100,108,true,5838.358686886067,8908.371979700585
LRM,1.1,5000,-100,109,false,5838.358686888555,8908.371939897144
LRM,1.1,5000,-100,110,true,5838.358686884951,8908.372006311653
LRM,1.1,5000,-100,111,true,5838.358686890312,8908.371920959538
LRM,1.1,5000,-100,112,false,5838.358686886783,8908.371966340153
LRM,1.1,5000,-100,113,true,5838.358686889607,8908.371927912729
LRM,1.1,5000,-100,114,true,5838.358686884701,8908.372015756207
LRM,1.1,5000,-100,115,true,5838.358686887086,8908.371961242456
LRM,1.1,5000,-100,116,true,5838.358686887756,8908.371950976478
LRM,1.1,5000,-100,117,true,5838.358686886459,8908.371972069554
LRM,1.1,5000,-100,118,true,5838.358686884336,8908.37204757535
LRM,1.1,5000,-100,119,true,5838.358686889327,8908.371931246764
LRM,1.1,5000,-100,120,true,5838.358686884517,8908.37202514638
LRM,1.1,5000,-100,121,true,5838.35868688731,8908.371957686877
LRM,1.1,5000,-100,122,false,5838.358686887292,8908.371957948684
LRM,1.1,5000,-100,123,false,5838.358686890338,8908.37192066294
LRM,1.1,5000,-100,124,true,5838.358686887136,8908.371960446342
LRM,1.1,5000,-100,125,true,5838.358686886347,8908.371974142123
LRM,1.1,5000,-100,126,true,5838.358686886785,8908.371966310784
LRM,1.1,5000,-100,127,true,5838.35868689,8908.371923343662
LRM,1.1,0,0,0,true,6933.886294692707,8018.012449969245
LRM,1.1,0,0,1,false,6933.886294692707,8018.012449969245
LRM,1.1,0,0,2,true,6933.886294692707,8018.012449969245
LRM,1.1,0,0,3,true,6933.886294692707,8018.012449969245
LRM,1.1,0,0,4,true,6933.886294692707,8018.012449969245
LRM,1.1,0,0,5,true,6933.886294692707,8018.012449969245
LRM,1.1,0,0,6,false,6933.886294692707,8018.012449969245
LRM,1.1,0,0,7,false,6933.886294692707,8018.012449969245
LRM,1.1,0,0,8,true,6933.886294692707,8018.012449969245
LRM,1.1,0,0,9,true,6933.886294692707,8018.012449969245
LRM,1.1,0,0,10,true,6933.886294692707,8018.012449969245
LRM,1.1,0,0,11,false,6933.886294692707,8018.012449969245
LRM,1.1,0,0,12,true,6933.886294692707,8018.012449969245
LRM,1.1,0,0,13,true,6933.886294692707,8018.012449969245
LRM,1.1,0,0,14,false,6933.886294692707,8018.012449969245
LRM,1.1,0,0,15,true,6933.886294692707,8018.012449969245
LRM,1.1,0,0,16,true,6933.886294692707,8018.012449969245
LRM,1.1,0,0,17,false,6933.886294692707,8018.012449969245
LRM,1.1,0,0,18,false,6933.886294692707,8018.012449969245
LRM,1.1,0,0,19,false,6933.886294692707,8018.012449969245
LRM,1.1,0,0,20,false,6933.886294692707,8018.012449969245
LRM,1.1,0,0,21,false,6933.886294692707,8018.012449969245
LRM,1.1,0,0,22,true,6933.886294692707,8018.012449969245
LRM,1.1,0,0,23,false,6933.886294692707,8018.012449969245
LRM,1.1,0,0,24,true,6933.886294692707,8018.012449969245
LRM,1.1,0,0,25,false,6933.886294692707,8018.012449969245
LRM,1.1,0,0,26,false,6933.886294692707,8018.012449969245
LRM,1.1,0,0,27,true,6933.886294692707,8018.012449969245
LRM,1.1,0,0,28,true,6933.886294692707,8018.012449969245
LRM,1.1,0,0,29,false,6933.886294692707,8018.012449969245
LRM,1.1,0,0,30,true,6933.886294692707,8018.012449969245
LRM,1.1,0,0,31,true,6933.886294692707,8018.012449969245
LRM,1.1,0,0,32,true,6933.886294692707,8018.012449969245
LRM,1.1,0,0,33,false,6933.886294692707,8018.012449969245
LRM,1.1,0,0,34,true,6933.886294692707,8018.012449969245
LRM,1.1,0,0,35,true,6933.886294692707,8018.012449969245
LRM,1.1,0,0,36,false,6933.886294692707,8018.012449969245
LRM,1.1,0,0,37,false,6933.886294692707,8018.012449969245
LRM,1.1,0,0,38,true,6933.886294692707,8018.012449969245
LRM,1.1,0,0,39,true,6933.886294692707,8018.012449969245
LRM,1.1,0,0,40,false,6933.886294692707,8018.012449969245
LRM,1.1,0,0,41,true,6933.886294692707,8018.012449969245
LRM,1.1,0,0,42,true,6933.886294692707,8018.012449969245
LRM,1.1,0,0,43,true,6933.886294692707,8018.012449969245
LRM,1.1,0,0,44,true,6933.886294692707,8018.012449969245
LRM,1.1,0,0,45,true,6933.886294692707,8018.012449969245
LRM,1.1,0,0,46,true,6933.886294692707,8018.012449969245
LRM,1.1,0,0,47,false,6933.886294692707,8018.012449969245
LRM,1.1,0,0,48,true,6933.886294692707,8018.012449969245
LRM,1.1,0,0,49,true,6933.886294692707,8018.012449969245
LRM,1.1,0,0,50,true,6933.886294692707,8018.012449969245
LRM,1.1,0,0,51,true,6933.886294692707,8018.012449969245
LRM,1.1,0,0,52,true,6933.886294692707,8018.012449969245
LRM,1.1,0,0,53,false,6933.886294692707,8018.012449969245
LRM,1.1,0,0,54,false,6933.886294692707,8018.012449969245
LRM,1.1,0,0,55,true,6933.886294692707,8018.012449969245
LRM,1.1,0,0,56,true,6933.886294692707,8018.012449969245
LRM,1.1,0,0,57,false,6933.886294692707,8018.012449969245
LRM,1.1,0,0,58,true,6933.886294692707,8018.012449969245
LRM,1.1,0,0,59,true,6933.886294692707,8018.012449969245
LRM,1.1,0,0,60,true,6933.886294692707,8018.012449969245
LRM,1.1,0,0,61,true,6933.886294692707,8018.012449969245
LRM,1.1,0,0,62,true,6933.886294692707,8018.012449969245
LRM,1.1,0,0,63,true,6933.886294692707,8018.012449969245
LRM,1.1,0,0,64,true,6933.886294692707,8018.012449969245
LRM,1.1,0,0,65,false,6933.886294692707,8018.012449969245
LRM,1.1,0,0,66,false,6933.886294692707,8018.012449969245
LRM,1.1,0,0,67,true,6933.886294692707,8018.012449969245
LRM,1.1,0,0,68,true,6933.886294692707,8018.012449969245
LRM,1.1,0,0,69,true,6933.886294692707,8018.012449969245
LRM,1.1,0,0,70,true,6933.886294692707,8018.012449969245
LRM,1.1,0,0,71,true,6933.886294692707,8018.012449969245
LRM,1.1,0,0,72,true,6933.886294692707,8018.012449969245
LRM,1.1,0,0,73,true,6933.886294692707,8018.012449969245
LRM,1.1,0,0,74,true,6933.886294692707,8018.012449969245
LRM,1.1,0,0,75,true,6933.886294692707,8018.012449969245
LRM,1.1,0,0,76,true,6933.886294692707,8018.012449969245
LRM,1.1,0,0,77,true,6933.886294692707,8018.012449969245
LRM,1.1,0,0,78,true,6933.886294692707,8018.012449969245
LRM,1.1,0,0,79,true,6933.886294692707,8018.012449969245
LRM,1.1,0,0,80,true,6933.886294692707,8018.012449969245
LRM,1.1,0,0,81,true,6933.886294692707,8018.012449969245
LRM,1.1,0,0,82,true,6933.886294692707,8018.012449969245
LRM,1.1,0,0,83,true,6933.886294692707,8018.012449969245
LRM,1.1,0,0,84,true,6933.886294692707,8018.012449969245
LRM,1.1,0,0,85,true,6933.886294692707,8018.012449969245
LRM,1.1,0,0,86,false,6933.886294692707,8018.012449969245
LRM,1.1,0,0,87,false,6933.886294692707,8018.012449969245
LRM,1.1,0,0,88,true,6933.886294692707,8018.012449969245
LRM,1.1,0,0,89,true,6933.886294692707,8018.012449969245
LRM,1.1,0,0,90,true,6933.886294692707,8018.012449969245
LRM,1.1,0,0,91,true,6933.886294692707,8018.012449969245
LRM,1.1,0,0,92,true,6933.886294692707,8018.012449969245
LRM,1.1,0,0,93,true,6933.886294692707,8018.012449969245
LRM,1.1,0,0,94,true,6933.886294692707,8018.012449969245
LRM,1.1,0,0,95,false,6933.886294692707,8018.012449969245
LRM,1.1,0,0,96,true,6933.886294692707,8018.012449969245
LRM,1.1,0,0,97,true,6933.886294692707,8018.012449969245
LRM,1.1,0,0,98,true,6933.886294692707,8018.012449969245
LRM,1.1,0,0,99,false,6933.886294692707,8018.012449969245
LRM,1.1,0,0,100,true,6933.886294692707,8018.012449969245
LRM,1.1,0,0,101,true,6933.886294692707,8018.012449969245
LRM,1.1,0,0,102,true,6933.886294692707,8018.012449969245
LRM,1.1,0,0,103,false,6933.886294692707,8018.012449969245
LRM,1.1,0,0,104,false,6933.886294692707,8018.012449969245
LRM,1.1,0,0,105,true,6933.886294692707,8018.012449969245
LRM,1.1,0,0,106,false,6933.886294692707,8018.012449969245
LRM,1.1,0,0,107,true,6933.886294692707,8018.012449969245
LRM,1.1,0,0,108,false,6933.886294692707,8018.012449969245
LRM,1.1,0,0,109,true,6933.886294692707,8018.012449969245
LRM,1.1,0,0,110,false,6933.886294692707,8018.012449969245
LRM,1.1,0,0,111,false,6933.886294692707,8018.012449969245
LRM,1.1,0,0,112,false,6933.886294692707,8018.012449969245
LRM,1.1,0,0,113,true,6933.886294692707,8018.012449969245
LRM,1.1,0,0,114,true,6933.886294692707,8018.012449969245
LRM,1.1,0,0,115,true,6933.886294692707,8018.012449969245
LRM,1.1,0,0,116,false,6933.886294692707,8018.012449969245
LRM,1.1,0,0,117,false,6933.886294692707,8018.012449969245
LRM,1.1,0,0,118,true,6933.886294692707,8018.012449969245
LRM,1.1,0,0,119,true,6933.886294692707,8018.012449969245
LRM,1.1,0,0,120,true,6933.886294692707,8018.012449969245
LRM,1.1,0,0,121,true,6933.886294692707,8018.012449969245
LRM,1.1,0,0,122,true,6933.886294692707,8018.012449969245
LRM,1.1,0,0,123,true,6933.886294692707,8018.012449969245
LRM,1.1,0,0,124,true,6933.886294692707,8018.012449969245
LRM,1.1,0,0,125,true,6933.886294692707,8018.012449969245
LRM,1.1,0,0,126,true,6933.886294692707,8018.012449969245
LRM,1.1,0,0,127,true,6933.886294692707,8018.012449969245
LRM,1.1,-5000,100,0,false,7200,12892.79472657471
LRM,1.1,-5000,100,1,false,7200,12890.29105862644
LRM,1.1,-5000,100,2,false,7200,12894.325911854796
LRM,1.1,-5000,100,3,false,7200,12894.02288074996
LRM,1.1,-5000,100,4,false,7200,12895.110256887585
LRM,1.1,-5000,100,5,false,7200,12891.279758124709
LRM,1.1,-5000,100,6,false,7200,12892.06849372783
LRM,1.1,-5000,100,7,false,7200,12893.920715055616
LRM,1.1,-5000,100,8,false,7200,12891.264545296017
LRM,1.1,-5000,100,9,false,7200,12894.6566348986
LRM,1.1,-5000,100,10,false,7200,12888.6662048186
LRM,1.1,-5000,100,11,false,7200,12890.600900230123
LRM,1.1,-5000,100,12,false,7200,12890.859149248945
LRM,1.1,-5000,100,13,false,7200,12893.470990028602
LRM,1.1,-5000,100,14,false,7200,12889.672331499323
LRM,1.1,-5000,100,15,false,7200,12891.975818753765
LRM,1.1,-5000,100,16,false,7200,12893.175097527488
LRM,1.1,-5000,100,17,false,7200,12890.254608954088
LRM,1.1,-5000,100,18,false,7200,12890.75558185683
LRM,1.1,-5000,100,19,false,7200,12888.720206678137
LRM,1.1,-5000,100,20,false,7200,12887.1786713879
LRM,1.1,-5000,100,21,false,7200,12894.068715545443
LRM,1.1,-5000,100,22,false,7200,12892.519711432818
LRM,1.1,-5000,100,23,false,7200,12891.643347162886
LRM,1.1,-5000,100,24,false,7200,12894.553471575526
LRM,1.1,-5000,100,25,false,7200,12890.524283931109
LRM,1.1,-5000,100,26,false,7200,12886.374726997105
LRM,1.1,-5000,100,27,false,7200,12886.248901151706
LRM,1.1,-5000,100,28,false,7200,12888.323130739718
LRM,1.1,-5000,100,29,false,7200,12888.513028999096
LRM,1.1,-5000,100,30,false,7200,12886.578615541166
LRM,1.1,-5000,100,31,false,7200,12892.451265875661
LRM,1.1,-5000,100,32,false,7200,12888.819271639502
LRM,1.1,-5000,100,33,false,7200,12890.947682897015
LRM,1.1,-5000,100,34,false,7200,12888.272897369072
LRM,1.1,-5000,100,35,false,7200,12887.58334938207
LRM,1.1,-5000,100,36,false,7200,12888.80474379516
LRM,1.1,-5000,100,37,false,7200,12893.56865164344
LRM,1.1,-5000,100,38,false,7200,12891.018771856836
LRM,1.1,-5000,100,39,false,7200,12888.169906281644
LRM,1.1,-5000,100,40,false,7200,12889.717939823588
LRM,1.1,-5000,100,41,false,7200,12888.70658934052
LRM,1.1,-5000,100,42,false,7200,12888.502345740317
LRM,1.1,-5000,100,43,false,7200,12890.495719510345
LRM,1.1,-5000,100,44,false,7200,12888.193886799843
LRM,1.1,-5000,100,45,false,7200,12886.470081000874
LRM,1.1,-5000,100,46,false,7200,12894.170087656086
LRM,1.1,-5000,100,47,false,7200,12892.08480788428
LRM,1.1,-5000,100,48,false,7200,12886.878369770937
LRM,1.1,-5000,100,49,false,7200,12886.77490782511
LRM,1.1,-5000,100,50,false,7200,12886.441420723775
LRM,1.1,-5000,100,51,false,7200,12889.151484514145
LRM,1.1,-5000,100,52,false,7200,12888.200805785753
LRM,1.1,-5000,100,53,false,7200,12891.59023489168
LRM,1.1,-5000,100,54,false,7200,12886.275460218452
LRM,1.1,-5000,100,55,false,7200,12894.616719013075
LRM,1.1,-5000,100,56,false,7200,12891.462407651941
LRM,1.1,-5000,100,57,false,7200,12892.146017660112
LRM,1.1,-5000,100,58,false,7200,12893.84678573311
LRM,1.1,-5000,100,59,false,7200,12894.471541470903
LRM,1.1,-5000,100,60,false,7200,12894.139443895432
LRM,1.1,-5000,100,61,false,7200,12887.525750087076
LRM,1.1,-5000,100,62,false,7200,12891.791349941952
LRM,1.1,-5000,100,63,false,7200,12887.032123304118
LRM,1.1,-5000,100,64,false,7200,12894.147099061212
LRM,1.1,-5000,100,65,false,7200,12892.036275757455
LRM,1.1,-5000,100,66,false,7200,12891.586562802273
LRM,1.1,-5000,100,67,false,7200,12893.49689570662
LRM,1.1,-5000,100,68,false,7200,12894.704208325573
LRM,1.1,-5000,100,69,false,7200,12886.24621088331
LRM,1.1,-5000,100,70,false,7200,12889.93285052825
LRM,1.1,-5000,100,71,false,7200,12886.59508205203
LRM,1.1,-5000,100,72,false,7200,12886.126888088627
LRM,1.1,-5000,100,73,false,7200,12886.475675299384
LRM,1.1,-5000,100,74,false,7200,12886.38708289013
LRM,1.1,-5000,100,75,false,7200,12889.112847521566
LRM,1.1,-5000,100,76,false,7200,12891.029997805037
LRM,1.1,-5000,100,77,false,7200,12886.09516814732
LRM,1.1,-5000,100,78,false,7200,12895.06759594256
LRM,1.1,-5000,100,79,false,7200,12887.800006758776
LRM,1.1,-5000,100,80,false,7200,12889.624274836293
LRM,1.1,-5000,100,81,false,7200,12890.964322501502
LRM,1.1,-5000,100,82,false,7200,12887.840961942773
LRM,1.1,-5000,100,83,false,7200,12892.28957340698
LRM,1.1,-5000,100,84,false,7200,12892.27056452539
LRM,1.1,-5000,100,85,false,7200,12889.821680502393
LRM,1.1,-5000,100,86,false,7200,12890.930887842658
LRM,1.1,-5000,100,87,false,7200,12890.739451136606
LRM,1.1,-5000,100,88,false,7200,12886.266764688333
LRM,1.1,-5000,100,89,false,7200,12888.580180905845
LRM,1.1,-5000,100,90,false,7200,12889.57186495391
LRM,1.1,-5000,100,91,false,7200,12886.833540228243
LRM,1.1,-5000,100,92,false,7200,12895.08247393186
LRM,1.1,-5000,100,93,false,7200,12886.273637668419
LRM,1.1,-5000,100,94,false,7200,12894.729480625165
LRM,1.1,-5000,100,95,false,7200,12890.619193453065
LRM,1.1,-5000,100,96,false,7200,12892.489755937228
LRM,1.1,-5000,100,97,false,7200,12888.218031717226
LRM,1.1,-5000,100,98,false,7200,12888.624008274013
LRM,1.1,-5000,100,99,false,7200,12886.196216027389
LRM,1.1,-5000,100,100,false,7200,12888.731303590821
LRM,1.1,-5000,100,101,false,7200,12894.122974035785
LRM,1.1,-5000,100,102,false,7200,12890.227448344238
LRM,1.1,-5000,100,103,false,7200,12890.668016832846
LRM,1.1,-5000,100,104,false,7200,12898.418863281262
LRM,1.1,-5000,100,105,false,7200,12888.897849986235
LRM,1.1,-5000,100,106,false,7200,12895.122435626447
LRM,1.1,-5000,100,107,false,7200,12887.305360611412
LRM,1.1,-5000,100,108,false,7200,12890.444207076236
LRM,1.1,-5000,100,109,false,7200,12887.601917097627
LRM,1.1,-5000,100,110,false,7200,12892.369955799844
LRM,1.1,-5000,100,111,false,7200,12886.177915094857
LRM,1.1,-5000,100,112,false,7200,12889.494564963692
LRM,1.1,-5000,100,113,false,7200,12886.710436539113
LRM,1.1,-5000,100,114,false,7200,12893.052061153849
LRM,1.1,-5000,100,115,false,7200,12889.131398915137
LRM,1.1,-5000,100,116,false,7200,12888.38695493676
LRM,1.1,-5000,100,117,false,7200,12889.909134406358
LRM,1.1,-5000,100,118,false,7200,12908.540121719783
LRM,1.1,-5000,100,119,false,7200,12886.968339205121
LRM,1.1,-5000,100,120,false,7200,12893.73276676477
LRM,1.1,-5000,100,121,false,7200,12888.857589103318
LRM,1.1,-5000,100,122,false,7200,12888.871726880063
LRM,1.1,-5000,100,123,false,7200,12886.19278279895
LRM,1.1,-5000,100,124,false,7200,12889.078960882005
LRM,1.1,-5000,100,125,false,7200,12890.059165229144
LRM,1.1,-5000,100,126,false,7200,12889.499069735346
LRM,1.1,-5000,100,127,false,7200,12886.373952921094
